question_id,corpus_id,relevance_grade,negative_type,citation_source_file,citation_display_title,citation_company,citation_sector,citation_report_year,citation_page_start,citation_page_end,citation_chunk_id,citation_section_title
ragas_esg_01_01,2025_climate_report_9706fb9c.pdf::chunk-7341,0,hard_negative_same_topic_or_entity,2025_climate_report_9706fb9c.pdf,9706fb9c's 2025 Climate Report,Airbus,aerospace,2025,1,2,chunk-7341,
ragas_esg_01_01,2025_climate_report_9706fb9c.pdf::chunk-7342,0,hard_negative_same_topic_or_entity,2025_climate_report_9706fb9c.pdf,9706fb9c's 2025 Climate Report,Airbus,aerospace,2025,2,4,chunk-7342,
ragas_esg_01_01,IB_Sustainability_Report.pdf::chunk-0058,0,hard_negative_same_topic_or_entity,IB_Sustainability_Report.pdf,IB's Sustainability Report,Iberdrola,utilities_power,,9,12,chunk-0058,
ragas_esg_01_01,IB_Sustainability_Report.pdf::chunk-0059,0,hard_negative_same_topic_or_entity,IB_Sustainability_Report.pdf,IB's Sustainability Report,Iberdrola,utilities_power,,12,13,chunk-0059,
ragas_esg_01_01,Siemens_ESG.pdf::chunk-0726,0,hard_negative_same_topic_or_entity,Siemens_ESG.pdf,Siemens' ESG Report,Siemens,industrial_technology,,1,2,chunk-0726,
ragas_esg_02_01,2024_sustainability_report_44182ca9.pdf::chunk-8182,0,hard_negative_same_topic_or_entity,2024_sustainability_report_44182ca9.pdf,44182ca9's 2024 Sustainability Report,BNP Paribas,banking_financial_services,2024,1,4,chunk-8182,2024 CSR achievements BNP PARIBAS SUPPORTING ITS CLIENTS’ TRANSITION
ragas_esg_02_01,2024_sustainability_report_44182ca9.pdf::chunk-8183,0,hard_negative_same_topic_or_entity,2024_sustainability_report_44182ca9.pdf,44182ca9's 2024 Sustainability Report,BNP Paribas,banking_financial_services,2024,4,5,chunk-8183,
ragas_esg_02_01,IB_Sustainability_Report.pdf::chunk-0053,0,hard_negative_same_topic_or_entity,IB_Sustainability_Report.pdf,IB's Sustainability Report,Iberdrola,utilities_power,,2,5,chunk-0053,
ragas_esg_02_01,IB_Sustainability_Report.pdf::chunk-0054,0,hard_negative_same_topic_or_entity,IB_Sustainability_Report.pdf,IB's Sustainability Report,Iberdrola,utilities_power,,5,6,chunk-0054,
ragas_esg_02_01,Siemens_ESG.pdf::chunk-0726,0,hard_negative_same_topic_or_entity,Siemens_ESG.pdf,Siemens' ESG Report,Siemens,industrial_technology,,1,2,chunk-0726,
ragas_esg_03_01,2023_integrated_report_c47ec973.pdf::chunk-11678,0,hard_negative_same_topic_or_entity,2023_integrated_report_c47ec973.pdf,C47ec973's 2023 Integrated Report,Danone,food_beverage,2023,1,3,chunk-11678,1 2 APRIL 2024 ANNUAL INTEGRATED REPORT Danone’s sustainability performance 2023
ragas_esg_03_01,2023_integrated_report_c47ec973.pdf::chunk-11679,0,hard_negative_same_topic_or_entity,2023_integrated_report_c47ec973.pdf,C47ec973's 2023 Integrated Report,Danone,food_beverage,2023,3,4,chunk-11679,
ragas_esg_03_01,2025_integrated_report_c3cd8894.pdf::chunk-13237,0,hard_negative_same_topic_or_entity,2025_integrated_report_c3cd8894.pdf,C3cd8894's 2025 Integrated Report,Danone,food_beverage,2025,1,2,chunk-13237,2025 Danone’s performance and impact ANNUAL INTEGRATED REPORT APRIL 2026
ragas_esg_03_01,2025_integrated_report_c3cd8894.pdf::chunk-13238,0,hard_negative_same_topic_or_entity,2025_integrated_report_c3cd8894.pdf,C3cd8894's 2025 Integrated Report,Danone,food_beverage,2025,2,3,chunk-13238,
ragas_esg_03_01,2025_urd_99c343a1.pdf::chunk-13970,0,hard_negative_same_topic_or_entity,2025_urd_99c343a1.pdf,URD 99c343a1's 2025 Report,Danone,food_beverage,2025,1,2,chunk-13970,UNIVERSAL REGISTRATION DOCUMENT ANNUAL FINANCIAL REPORT 2024
ragas_esg_04_01,2021_integrated_report_1efcc316.pdf::chunk-24161,0,hard_negative_same_topic_or_entity,2021_integrated_report_1efcc316.pdf,1efcc316's 2021 Integrated Report,ENGIE,utilities_energy,2021,1,3,chunk-24161,2021 Integrated Report * J’agis avec ENGIE.
ragas_esg_04_01,2021_integrated_report_1efcc316.pdf::chunk-24162,0,hard_negative_same_topic_or_entity,2021_integrated_report_1efcc316.pdf,1efcc316's 2021 Integrated Report,ENGIE,utilities_energy,2021,3,4,chunk-24162,
ragas_esg_04_01,2023_framework_disclosure_a1d018fd.pdf::chunk-24304,0,hard_negative_same_topic_or_entity,2023_framework_disclosure_a1d018fd.pdf,Framework Disclosure A1d018fd's 2023 Report,ENGIE,utilities_energy,2023,2,2,chunk-24304,
ragas_esg_04_01,2023_framework_disclosure_a1d018fd.pdf::chunk-24305,0,hard_negative_same_topic_or_entity,2023_framework_disclosure_a1d018fd.pdf,Framework Disclosure A1d018fd's 2023 Report,ENGIE,utilities_energy,2023,2,3,chunk-24305,
ragas_esg_04_01,2025_sustainability_report_0478ad88.pdf::chunk-24546,0,hard_negative_same_topic_or_entity,2025_sustainability_report_0478ad88.pdf,0478ad88's 2025 Sustainability Report,ENGIE,utilities_energy,2025,1,5,chunk-24546,2024 ESG AT ENGIE 1 ESG at ENGIE 2024
ragas_esg_04_02,2021_integrated_report_1efcc316.pdf::chunk-24161,0,hard_negative_same_topic_or_entity,2021_integrated_report_1efcc316.pdf,1efcc316's 2021 Integrated Report,ENGIE,utilities_energy,2021,1,3,chunk-24161,2021 Integrated Report * J’agis avec ENGIE.
ragas_esg_04_02,2021_integrated_report_1efcc316.pdf::chunk-24162,0,hard_negative_same_topic_or_entity,2021_integrated_report_1efcc316.pdf,1efcc316's 2021 Integrated Report,ENGIE,utilities_energy,2021,3,4,chunk-24162,
ragas_esg_04_02,2023_framework_disclosure_a1d018fd.pdf::chunk-24305,0,hard_negative_same_topic_or_entity,2023_framework_disclosure_a1d018fd.pdf,Framework Disclosure A1d018fd's 2023 Report,ENGIE,utilities_energy,2023,2,3,chunk-24305,
ragas_esg_04_02,2025_sustainability_report_0478ad88.pdf::chunk-24546,0,hard_negative_same_topic_or_entity,2025_sustainability_report_0478ad88.pdf,0478ad88's 2025 Sustainability Report,ENGIE,utilities_energy,2025,1,5,chunk-24546,2024 ESG AT ENGIE 1 ESG at ENGIE 2024
ragas_esg_04_02,2025_sustainability_report_0478ad88.pdf::chunk-24547,0,hard_negative_same_topic_or_entity,2025_sustainability_report_0478ad88.pdf,0478ad88's 2025 Sustainability Report,ENGIE,utilities_energy,2025,5,6,chunk-24547,
ragas_esg_04_03,2021_integrated_report_1efcc316.pdf::chunk-24161,0,hard_negative_same_topic_or_entity,2021_integrated_report_1efcc316.pdf,1efcc316's 2021 Integrated Report,ENGIE,utilities_energy,2021,1,3,chunk-24161,2021 Integrated Report * J’agis avec ENGIE.
ragas_esg_04_03,2021_integrated_report_1efcc316.pdf::chunk-24162,0,hard_negative_same_topic_or_entity,2021_integrated_report_1efcc316.pdf,1efcc316's 2021 Integrated Report,ENGIE,utilities_energy,2021,3,4,chunk-24162,
ragas_esg_04_03,2023_framework_disclosure_a1d018fd.pdf::chunk-24304,0,hard_negative_same_topic_or_entity,2023_framework_disclosure_a1d018fd.pdf,Framework Disclosure A1d018fd's 2023 Report,ENGIE,utilities_energy,2023,2,2,chunk-24304,
ragas_esg_04_03,2023_framework_disclosure_a1d018fd.pdf::chunk-24305,0,hard_negative_same_topic_or_entity,2023_framework_disclosure_a1d018fd.pdf,Framework Disclosure A1d018fd's 2023 Report,ENGIE,utilities_energy,2023,2,3,chunk-24305,
ragas_esg_04_03,2025_sustainability_report_0478ad88.pdf::chunk-24546,0,hard_negative_same_topic_or_entity,2025_sustainability_report_0478ad88.pdf,0478ad88's 2025 Sustainability Report,ENGIE,utilities_energy,2025,1,5,chunk-24546,2024 ESG AT ENGIE 1 ESG at ENGIE 2024
ragas_esg_04_04,2021_integrated_report_1efcc316.pdf::chunk-24161,0,hard_negative_same_topic_or_entity,2021_integrated_report_1efcc316.pdf,1efcc316's 2021 Integrated Report,ENGIE,utilities_energy,2021,1,3,chunk-24161,2021 Integrated Report * J’agis avec ENGIE.
ragas_esg_04_04,2021_integrated_report_1efcc316.pdf::chunk-24162,0,hard_negative_same_topic_or_entity,2021_integrated_report_1efcc316.pdf,1efcc316's 2021 Integrated Report,ENGIE,utilities_energy,2021,3,4,chunk-24162,
ragas_esg_04_04,2023_framework_disclosure_a1d018fd.pdf::chunk-24301,0,hard_negative_same_topic_or_entity,2023_framework_disclosure_a1d018fd.pdf,Framework Disclosure A1d018fd's 2023 Report,ENGIE,utilities_energy,2023,1,1,chunk-24301,
ragas_esg_04_04,2025_sustainability_report_0478ad88.pdf::chunk-24546,0,hard_negative_same_topic_or_entity,2025_sustainability_report_0478ad88.pdf,0478ad88's 2025 Sustainability Report,ENGIE,utilities_energy,2025,1,5,chunk-24546,2024 ESG AT ENGIE 1 ESG at ENGIE 2024
ragas_esg_04_04,2025_sustainability_report_0478ad88.pdf::chunk-24547,0,hard_negative_same_topic_or_entity,2025_sustainability_report_0478ad88.pdf,0478ad88's 2025 Sustainability Report,ENGIE,utilities_energy,2025,5,6,chunk-24547,
ragas_esg_05_01,2011_sustainability_report_73deaa4c.pdf::chunk-16601,0,hard_negative_same_topic_or_entity,2011_sustainability_report_73deaa4c.pdf,73deaa4c's 2011 Sustainability Report,Enel,utilities_power,2011,1,7,chunk-16601,C E R T I F I E D B Y T H E C R F I N S T I T U T E
ragas_esg_05_01,2011_sustainability_report_73deaa4c.pdf::chunk-16602,0,hard_negative_same_topic_or_entity,2011_sustainability_report_73deaa4c.pdf,73deaa4c's 2011 Sustainability Report,Enel,utilities_power,2011,6,9,chunk-16602,3.5.1 Listening and discussing 122
ragas_esg_05_01,2019_framework_disclosure_c403a763.pdf::chunk-19206,0,hard_negative_same_topic_or_entity,2019_framework_disclosure_c403a763.pdf,Framework Disclosure C403a763's 2019 Report,Enel,utilities_power,2019,1,4,chunk-19206,WE EMPOWER SUSTAINABLE PROGRESS. OPEN POWER FOR A BRIGHTER FUTURE. GREEN BOND REPORT 2019
ragas_esg_05_01,2019_framework_disclosure_c403a763.pdf::chunk-19207,0,hard_negative_same_topic_or_entity,2019_framework_disclosure_c403a763.pdf,Framework Disclosure C403a763's 2019 Report,Enel,utilities_power,2019,4,5,chunk-19207,
ragas_esg_05_01,2023_sustainability_report_0915a868.pdf::chunk-21859,0,hard_negative_same_topic_or_entity,2023_sustainability_report_0915a868.pdf,0915a868's 2023 Sustainability Report,Enel,utilities_power,2023,1,1,chunk-21859,"1 Half-year sustainability disclosures at June 30, 2023"
ragas_esg_05_02,2011_sustainability_report_73deaa4c.pdf::chunk-16601,0,hard_negative_same_topic_or_entity,2011_sustainability_report_73deaa4c.pdf,73deaa4c's 2011 Sustainability Report,Enel,utilities_power,2011,1,7,chunk-16601,C E R T I F I E D B Y T H E C R F I N S T I T U T E
ragas_esg_05_02,2011_sustainability_report_73deaa4c.pdf::chunk-16602,0,hard_negative_same_topic_or_entity,2011_sustainability_report_73deaa4c.pdf,73deaa4c's 2011 Sustainability Report,Enel,utilities_power,2011,6,9,chunk-16602,3.5.1 Listening and discussing 122
ragas_esg_05_02,2019_framework_disclosure_c403a763.pdf::chunk-19206,0,hard_negative_same_topic_or_entity,2019_framework_disclosure_c403a763.pdf,Framework Disclosure C403a763's 2019 Report,Enel,utilities_power,2019,1,4,chunk-19206,WE EMPOWER SUSTAINABLE PROGRESS. OPEN POWER FOR A BRIGHTER FUTURE. GREEN BOND REPORT 2019
ragas_esg_05_02,2019_framework_disclosure_c403a763.pdf::chunk-19207,0,hard_negative_same_topic_or_entity,2019_framework_disclosure_c403a763.pdf,Framework Disclosure C403a763's 2019 Report,Enel,utilities_power,2019,4,5,chunk-19207,
ragas_esg_05_02,2023_sustainability_report_0915a868.pdf::chunk-21859,0,hard_negative_same_topic_or_entity,2023_sustainability_report_0915a868.pdf,0915a868's 2023 Sustainability Report,Enel,utilities_power,2023,1,1,chunk-21859,"1 Half-year sustainability disclosures at June 30, 2023"
ragas_esg_06_01,18261.ar.en.2024.pdf::chunk-5098,0,hard_negative_same_topic_or_entity,18261.ar.en.2024.pdf,18261 AR's 2024 Report,Hermès,luxury_goods,2024,1,4,chunk-5098,ACTIVITY REPORT 2024
ragas_esg_06_01,18261.ar.en.2024.pdf::chunk-5099,0,hard_negative_same_topic_or_entity,18261.ar.en.2024.pdf,18261 AR's 2024 Report,Hermès,luxury_goods,2024,4,5,chunk-5099,
ragas_esg_06_01,IB_Sustainability_Report.pdf::chunk-0053,0,hard_negative_same_topic_or_entity,IB_Sustainability_Report.pdf,IB's Sustainability Report,Iberdrola,utilities_power,,2,5,chunk-0053,
ragas_esg_06_01,IB_Sustainability_Report.pdf::chunk-0054,0,hard_negative_same_topic_or_entity,IB_Sustainability_Report.pdf,IB's Sustainability Report,Iberdrola,utilities_power,,5,6,chunk-0054,
ragas_esg_06_01,Siemens_ESG.pdf::chunk-0726,0,hard_negative_same_topic_or_entity,Siemens_ESG.pdf,Siemens' ESG Report,Siemens,industrial_technology,,1,2,chunk-0726,
ragas_esg_06_02,18261.ar.en.2024.pdf::chunk-5101,0,hard_negative_same_topic_or_entity,18261.ar.en.2024.pdf,18261 AR's 2024 Report,Hermès,luxury_goods,2024,8,10,chunk-5101,
ragas_esg_06_02,18261.ar.en.2024.pdf::chunk-5102,0,hard_negative_same_topic_or_entity,18261.ar.en.2024.pdf,18261 AR's 2024 Report,Hermès,luxury_goods,2024,10,12,chunk-5102,
ragas_esg_06_02,IB_Sustainability_Report.pdf::chunk-0054,0,hard_negative_same_topic_or_entity,IB_Sustainability_Report.pdf,IB's Sustainability Report,Iberdrola,utilities_power,,5,6,chunk-0054,
ragas_esg_06_02,IB_Sustainability_Report.pdf::chunk-0059,0,hard_negative_same_topic_or_entity,IB_Sustainability_Report.pdf,IB's Sustainability Report,Iberdrola,utilities_power,,12,13,chunk-0059,
ragas_esg_06_02,Siemens_ESG.pdf::chunk-0726,0,hard_negative_same_topic_or_entity,Siemens_ESG.pdf,Siemens' ESG Report,Siemens,industrial_technology,,1,2,chunk-0726,
ragas_esg_06_03,18261.ar.en.2024.pdf::chunk-5101,0,hard_negative_same_topic_or_entity,18261.ar.en.2024.pdf,18261 AR's 2024 Report,Hermès,luxury_goods,2024,8,10,chunk-5101,
ragas_esg_06_03,18261.ar.en.2024.pdf::chunk-5102,0,hard_negative_same_topic_or_entity,18261.ar.en.2024.pdf,18261 AR's 2024 Report,Hermès,luxury_goods,2024,10,12,chunk-5102,
ragas_esg_06_03,IB_Sustainability_Report.pdf::chunk-0054,0,hard_negative_same_topic_or_entity,IB_Sustainability_Report.pdf,IB's Sustainability Report,Iberdrola,utilities_power,,5,6,chunk-0054,
ragas_esg_06_03,IB_Sustainability_Report.pdf::chunk-0059,0,hard_negative_same_topic_or_entity,IB_Sustainability_Report.pdf,IB's Sustainability Report,Iberdrola,utilities_power,,12,13,chunk-0059,
ragas_esg_06_03,Siemens_ESG.pdf::chunk-0726,0,hard_negative_same_topic_or_entity,Siemens_ESG.pdf,Siemens' ESG Report,Siemens,industrial_technology,,1,2,chunk-0726,
ragas_esg_06_04,18261.ar.en.2024.pdf::chunk-5102,0,hard_negative_same_topic_or_entity,18261.ar.en.2024.pdf,18261 AR's 2024 Report,Hermès,luxury_goods,2024,10,12,chunk-5102,
ragas_esg_06_04,18261.ar.en.2024.pdf::chunk-5103,0,hard_negative_same_topic_or_entity,18261.ar.en.2024.pdf,18261 AR's 2024 Report,Hermès,luxury_goods,2024,12,13,chunk-5103,
ragas_esg_06_04,IB_Sustainability_Report.pdf::chunk-0054,0,hard_negative_same_topic_or_entity,IB_Sustainability_Report.pdf,IB's Sustainability Report,Iberdrola,utilities_power,,5,6,chunk-0054,
ragas_esg_06_04,IB_Sustainability_Report.pdf::chunk-0059,0,hard_negative_same_topic_or_entity,IB_Sustainability_Report.pdf,IB's Sustainability Report,Iberdrola,utilities_power,,12,13,chunk-0059,
ragas_esg_06_04,Siemens_ESG.pdf::chunk-0726,0,hard_negative_same_topic_or_entity,Siemens_ESG.pdf,Siemens' ESG Report,Siemens,industrial_technology,,1,2,chunk-0726,
ragas_esg_07_01,IB_Sustainability_Report.pdf::chunk-0053,0,hard_negative_same_topic_or_entity,IB_Sustainability_Report.pdf,IB's Sustainability Report,Iberdrola,utilities_power,,2,5,chunk-0053,
ragas_esg_07_01,IB_Sustainability_Report.pdf::chunk-0054,0,hard_negative_same_topic_or_entity,IB_Sustainability_Report.pdf,IB's Sustainability Report,Iberdrola,utilities_power,,5,6,chunk-0054,
ragas_esg_07_01,2011_sustainability_report_73deaa4c.pdf::chunk-16601,0,hard_negative_same_topic_or_entity,2011_sustainability_report_73deaa4c.pdf,73deaa4c's 2011 Sustainability Report,Enel,utilities_power,2011,1,7,chunk-16601,C E R T I F I E D B Y T H E C R F I N S T I T U T E
ragas_esg_07_01,2011_sustainability_report_73deaa4c.pdf::chunk-16602,0,hard_negative_same_topic_or_entity,2011_sustainability_report_73deaa4c.pdf,73deaa4c's 2011 Sustainability Report,Enel,utilities_power,2011,6,9,chunk-16602,3.5.1 Listening and discussing 122
ragas_esg_07_01,2019_framework_disclosure_c403a763.pdf::chunk-19206,0,hard_negative_same_topic_or_entity,2019_framework_disclosure_c403a763.pdf,Framework Disclosure C403a763's 2019 Report,Enel,utilities_power,2019,1,4,chunk-19206,WE EMPOWER SUSTAINABLE PROGRESS. OPEN POWER FOR A BRIGHTER FUTURE. GREEN BOND REPORT 2019
ragas_esg_07_02,IB_Sustainability_Report.pdf::chunk-0053,0,hard_negative_same_topic_or_entity,IB_Sustainability_Report.pdf,IB's Sustainability Report,Iberdrola,utilities_power,,2,5,chunk-0053,
ragas_esg_07_02,IB_Sustainability_Report.pdf::chunk-0054,0,hard_negative_same_topic_or_entity,IB_Sustainability_Report.pdf,IB's Sustainability Report,Iberdrola,utilities_power,,5,6,chunk-0054,
ragas_esg_07_02,2011_sustainability_report_73deaa4c.pdf::chunk-16601,0,hard_negative_same_topic_or_entity,2011_sustainability_report_73deaa4c.pdf,73deaa4c's 2011 Sustainability Report,Enel,utilities_power,2011,1,7,chunk-16601,C E R T I F I E D B Y T H E C R F I N S T I T U T E
ragas_esg_07_02,2011_sustainability_report_73deaa4c.pdf::chunk-16602,0,hard_negative_same_topic_or_entity,2011_sustainability_report_73deaa4c.pdf,73deaa4c's 2011 Sustainability Report,Enel,utilities_power,2011,6,9,chunk-16602,3.5.1 Listening and discussing 122
ragas_esg_07_02,2019_framework_disclosure_c403a763.pdf::chunk-19206,0,hard_negative_same_topic_or_entity,2019_framework_disclosure_c403a763.pdf,Framework Disclosure C403a763's 2019 Report,Enel,utilities_power,2019,1,4,chunk-19206,WE EMPOWER SUSTAINABLE PROGRESS. OPEN POWER FOR A BRIGHTER FUTURE. GREEN BOND REPORT 2019
ragas_esg_07_03,IB_Sustainability_Report.pdf::chunk-0053,0,hard_negative_same_topic_or_entity,IB_Sustainability_Report.pdf,IB's Sustainability Report,Iberdrola,utilities_power,,2,5,chunk-0053,
ragas_esg_07_03,IB_Sustainability_Report.pdf::chunk-0054,0,hard_negative_same_topic_or_entity,IB_Sustainability_Report.pdf,IB's Sustainability Report,Iberdrola,utilities_power,,5,6,chunk-0054,
ragas_esg_07_03,2011_sustainability_report_73deaa4c.pdf::chunk-16601,0,hard_negative_same_topic_or_entity,2011_sustainability_report_73deaa4c.pdf,73deaa4c's 2011 Sustainability Report,Enel,utilities_power,2011,1,7,chunk-16601,C E R T I F I E D B Y T H E C R F I N S T I T U T E
ragas_esg_07_03,2011_sustainability_report_73deaa4c.pdf::chunk-16602,0,hard_negative_same_topic_or_entity,2011_sustainability_report_73deaa4c.pdf,73deaa4c's 2011 Sustainability Report,Enel,utilities_power,2011,6,9,chunk-16602,3.5.1 Listening and discussing 122
ragas_esg_07_03,2019_framework_disclosure_c403a763.pdf::chunk-19206,0,hard_negative_same_topic_or_entity,2019_framework_disclosure_c403a763.pdf,Framework Disclosure C403a763's 2019 Report,Enel,utilities_power,2019,1,4,chunk-19206,WE EMPOWER SUSTAINABLE PROGRESS. OPEN POWER FOR A BRIGHTER FUTURE. GREEN BOND REPORT 2019
ragas_esg_07_04,IB_Sustainability_Report.pdf::chunk-0053,0,hard_negative_same_topic_or_entity,IB_Sustainability_Report.pdf,IB's Sustainability Report,Iberdrola,utilities_power,,2,5,chunk-0053,
ragas_esg_07_04,IB_Sustainability_Report.pdf::chunk-0054,0,hard_negative_same_topic_or_entity,IB_Sustainability_Report.pdf,IB's Sustainability Report,Iberdrola,utilities_power,,5,6,chunk-0054,
ragas_esg_07_04,2011_sustainability_report_73deaa4c.pdf::chunk-16601,0,hard_negative_same_topic_or_entity,2011_sustainability_report_73deaa4c.pdf,73deaa4c's 2011 Sustainability Report,Enel,utilities_power,2011,1,7,chunk-16601,C E R T I F I E D B Y T H E C R F I N S T I T U T E
ragas_esg_07_04,2011_sustainability_report_73deaa4c.pdf::chunk-16602,0,hard_negative_same_topic_or_entity,2011_sustainability_report_73deaa4c.pdf,73deaa4c's 2011 Sustainability Report,Enel,utilities_power,2011,6,9,chunk-16602,3.5.1 Listening and discussing 122
ragas_esg_07_04,2019_framework_disclosure_c403a763.pdf::chunk-19206,0,hard_negative_same_topic_or_entity,2019_framework_disclosure_c403a763.pdf,Framework Disclosure C403a763's 2019 Report,Enel,utilities_power,2019,1,4,chunk-19206,WE EMPOWER SUSTAINABLE PROGRESS. OPEN POWER FOR A BRIGHTER FUTURE. GREEN BOND REPORT 2019
ragas_esg_08_01,426.ar.en.2024.pdf::chunk-5107,0,hard_negative_same_topic_or_entity,426.ar.en.2024.pdf,426 AR's 2024 Report,L'Oréal,consumer_beauty,2024,1,2,chunk-5107,
ragas_esg_08_01,426.ar.en.2024.pdf::chunk-5108,0,hard_negative_same_topic_or_entity,426.ar.en.2024.pdf,426 AR's 2024 Report,L'Oréal,consumer_beauty,2024,2,3,chunk-5108,
ragas_esg_08_01,IB_Sustainability_Report.pdf::chunk-0058,0,hard_negative_same_topic_or_entity,IB_Sustainability_Report.pdf,IB's Sustainability Report,Iberdrola,utilities_power,,9,12,chunk-0058,
ragas_esg_08_01,IB_Sustainability_Report.pdf::chunk-0059,0,hard_negative_same_topic_or_entity,IB_Sustainability_Report.pdf,IB's Sustainability Report,Iberdrola,utilities_power,,12,13,chunk-0059,
ragas_esg_08_01,Siemens_ESG.pdf::chunk-0726,0,hard_negative_same_topic_or_entity,Siemens_ESG.pdf,Siemens' ESG Report,Siemens,industrial_technology,,1,2,chunk-0726,
ragas_esg_08_02,426.ar.en.2024.pdf::chunk-5107,0,hard_negative_same_topic_or_entity,426.ar.en.2024.pdf,426 AR's 2024 Report,L'Oréal,consumer_beauty,2024,1,2,chunk-5107,
ragas_esg_08_02,426.ar.en.2024.pdf::chunk-5108,0,hard_negative_same_topic_or_entity,426.ar.en.2024.pdf,426 AR's 2024 Report,L'Oréal,consumer_beauty,2024,2,3,chunk-5108,
ragas_esg_08_02,IB_Sustainability_Report.pdf::chunk-0053,0,hard_negative_same_topic_or_entity,IB_Sustainability_Report.pdf,IB's Sustainability Report,Iberdrola,utilities_power,,2,5,chunk-0053,
ragas_esg_08_02,IB_Sustainability_Report.pdf::chunk-0054,0,hard_negative_same_topic_or_entity,IB_Sustainability_Report.pdf,IB's Sustainability Report,Iberdrola,utilities_power,,5,6,chunk-0054,
ragas_esg_08_02,Siemens_ESG.pdf::chunk-0726,0,hard_negative_same_topic_or_entity,Siemens_ESG.pdf,Siemens' ESG Report,Siemens,industrial_technology,,1,2,chunk-0726,
ragas_esg_08_03,426.ar.en.2024.pdf::chunk-5110,0,hard_negative_same_topic_or_entity,426.ar.en.2024.pdf,426 AR's 2024 Report,L'Oréal,consumer_beauty,2024,3,4,chunk-5110,
ragas_esg_08_03,426.ar.en.2024.pdf::chunk-5111,0,hard_negative_same_topic_or_entity,426.ar.en.2024.pdf,426 AR's 2024 Report,L'Oréal,consumer_beauty,2024,4,6,chunk-5111,
ragas_esg_08_03,IB_Sustainability_Report.pdf::chunk-0054,0,hard_negative_same_topic_or_entity,IB_Sustainability_Report.pdf,IB's Sustainability Report,Iberdrola,utilities_power,,5,6,chunk-0054,
ragas_esg_08_03,IB_Sustainability_Report.pdf::chunk-0059,0,hard_negative_same_topic_or_entity,IB_Sustainability_Report.pdf,IB's Sustainability Report,Iberdrola,utilities_power,,12,13,chunk-0059,
ragas_esg_08_03,Siemens_ESG.pdf::chunk-0726,0,hard_negative_same_topic_or_entity,Siemens_ESG.pdf,Siemens' ESG Report,Siemens,industrial_technology,,1,2,chunk-0726,
ragas_esg_08_04,426.ar.en.2024.pdf::chunk-5107,0,hard_negative_same_topic_or_entity,426.ar.en.2024.pdf,426 AR's 2024 Report,L'Oréal,consumer_beauty,2024,1,2,chunk-5107,
ragas_esg_08_04,426.ar.en.2024.pdf::chunk-5108,0,hard_negative_same_topic_or_entity,426.ar.en.2024.pdf,426 AR's 2024 Report,L'Oréal,consumer_beauty,2024,2,3,chunk-5108,
ragas_esg_08_04,IB_Sustainability_Report.pdf::chunk-0054,0,hard_negative_same_topic_or_entity,IB_Sustainability_Report.pdf,IB's Sustainability Report,Iberdrola,utilities_power,,5,6,chunk-0054,
ragas_esg_08_04,IB_Sustainability_Report.pdf::chunk-0059,0,hard_negative_same_topic_or_entity,IB_Sustainability_Report.pdf,IB's Sustainability Report,Iberdrola,utilities_power,,12,13,chunk-0059,
ragas_esg_08_04,Siemens_ESG.pdf::chunk-0726,0,hard_negative_same_topic_or_entity,Siemens_ESG.pdf,Siemens' ESG Report,Siemens,industrial_technology,,1,2,chunk-0726,
ragas_esg_09_01,2024_sustainability_report_c73e004c.pdf::chunk-28839,0,hard_negative_same_topic_or_entity,2024_sustainability_report_c73e004c.pdf,C73e004c's 2024 Sustainability Report,Schneider,industrial_energy_management,2024,1,3,chunk-28839,
ragas_esg_09_01,2024_sustainability_report_c73e004c.pdf::chunk-28840,0,hard_negative_same_topic_or_entity,2024_sustainability_report_c73e004c.pdf,C73e004c's 2024 Sustainability Report,Schneider,industrial_energy_management,2024,3,3,chunk-28840,
ragas_esg_09_01,2024_urd_c73e004c.pdf::chunk-29204,0,hard_negative_same_topic_or_entity,2024_urd_c73e004c.pdf,URD C73e004c's 2024 Report,Schneider,industrial_energy_management,2024,1,3,chunk-29204,
ragas_esg_09_01,2024_urd_c73e004c.pdf::chunk-29205,0,hard_negative_same_topic_or_entity,2024_urd_c73e004c.pdf,URD C73e004c's 2024 Report,Schneider,industrial_energy_management,2024,3,3,chunk-29205,
ragas_esg_09_01,IB_Sustainability_Report.pdf::chunk-0053,0,hard_negative_same_topic_or_entity,IB_Sustainability_Report.pdf,IB's Sustainability Report,Iberdrola,utilities_power,,2,5,chunk-0053,
ragas_esg_09_02,2024_sustainability_report_c73e004c.pdf::chunk-28839,0,hard_negative_same_topic_or_entity,2024_sustainability_report_c73e004c.pdf,C73e004c's 2024 Sustainability Report,Schneider,industrial_energy_management,2024,1,3,chunk-28839,
ragas_esg_09_02,2024_sustainability_report_c73e004c.pdf::chunk-28840,0,hard_negative_same_topic_or_entity,2024_sustainability_report_c73e004c.pdf,C73e004c's 2024 Sustainability Report,Schneider,industrial_energy_management,2024,3,3,chunk-28840,
ragas_esg_09_02,2024_urd_c73e004c.pdf::chunk-29204,0,hard_negative_same_topic_or_entity,2024_urd_c73e004c.pdf,URD C73e004c's 2024 Report,Schneider,industrial_energy_management,2024,1,3,chunk-29204,
ragas_esg_09_02,2024_urd_c73e004c.pdf::chunk-29205,0,hard_negative_same_topic_or_entity,2024_urd_c73e004c.pdf,URD C73e004c's 2024 Report,Schneider,industrial_energy_management,2024,3,3,chunk-29205,
ragas_esg_09_02,IB_Sustainability_Report.pdf::chunk-0053,0,hard_negative_same_topic_or_entity,IB_Sustainability_Report.pdf,IB's Sustainability Report,Iberdrola,utilities_power,,2,5,chunk-0053,
ragas_esg_09_03,2024_sustainability_report_c73e004c.pdf::chunk-28839,0,hard_negative_same_topic_or_entity,2024_sustainability_report_c73e004c.pdf,C73e004c's 2024 Sustainability Report,Schneider,industrial_energy_management,2024,1,3,chunk-28839,
ragas_esg_09_03,2024_sustainability_report_c73e004c.pdf::chunk-28840,0,hard_negative_same_topic_or_entity,2024_sustainability_report_c73e004c.pdf,C73e004c's 2024 Sustainability Report,Schneider,industrial_energy_management,2024,3,3,chunk-28840,
ragas_esg_09_03,2024_urd_c73e004c.pdf::chunk-29204,0,hard_negative_same_topic_or_entity,2024_urd_c73e004c.pdf,URD C73e004c's 2024 Report,Schneider,industrial_energy_management,2024,1,3,chunk-29204,
ragas_esg_09_03,2024_urd_c73e004c.pdf::chunk-29205,0,hard_negative_same_topic_or_entity,2024_urd_c73e004c.pdf,URD C73e004c's 2024 Report,Schneider,industrial_energy_management,2024,3,3,chunk-29205,
ragas_esg_09_03,IB_Sustainability_Report.pdf::chunk-0053,0,hard_negative_same_topic_or_entity,IB_Sustainability_Report.pdf,IB's Sustainability Report,Iberdrola,utilities_power,,2,5,chunk-0053,
ragas_esg_09_04,2024_sustainability_report_c73e004c.pdf::chunk-28839,0,hard_negative_same_topic_or_entity,2024_sustainability_report_c73e004c.pdf,C73e004c's 2024 Sustainability Report,Schneider,industrial_energy_management,2024,1,3,chunk-28839,
ragas_esg_09_04,2024_sustainability_report_c73e004c.pdf::chunk-28840,0,hard_negative_same_topic_or_entity,2024_sustainability_report_c73e004c.pdf,C73e004c's 2024 Sustainability Report,Schneider,industrial_energy_management,2024,3,3,chunk-28840,
ragas_esg_09_04,2024_urd_c73e004c.pdf::chunk-29204,0,hard_negative_same_topic_or_entity,2024_urd_c73e004c.pdf,URD C73e004c's 2024 Report,Schneider,industrial_energy_management,2024,1,3,chunk-29204,
ragas_esg_09_04,2024_urd_c73e004c.pdf::chunk-29205,0,hard_negative_same_topic_or_entity,2024_urd_c73e004c.pdf,URD C73e004c's 2024 Report,Schneider,industrial_energy_management,2024,3,3,chunk-29205,
ragas_esg_09_04,IB_Sustainability_Report.pdf::chunk-0054,0,hard_negative_same_topic_or_entity,IB_Sustainability_Report.pdf,IB's Sustainability Report,Iberdrola,utilities_power,,5,6,chunk-0054,
ragas_esg_10_01,Siemens_ESG.pdf::chunk-0726,0,hard_negative_same_topic_or_entity,Siemens_ESG.pdf,Siemens' ESG Report,Siemens,industrial_technology,,1,2,chunk-0726,
ragas_esg_10_01,Siemens_ESG.pdf::chunk-0727,0,hard_negative_same_topic_or_entity,Siemens_ESG.pdf,Siemens' ESG Report,Siemens,industrial_technology,,2,3,chunk-0727,4. Governance information 4.1 Business conduct 4.2 Cybersecurity and data privacy
ragas_esg_10_01,2018_sustainability_report_43841182.pdf::chunk-29651,0,hard_negative_same_topic_or_entity,2018_sustainability_report_43841182.pdf,43841182's 2018 Sustainability Report,Siemens,industrial_technology,2018,3,6,chunk-29651,
ragas_esg_10_01,2018_sustainability_report_43841182.pdf::chunk-29652,0,hard_negative_same_topic_or_entity,2018_sustainability_report_43841182.pdf,43841182's 2018 Sustainability Report,Siemens,industrial_technology,2018,6,7,chunk-29652,
ragas_esg_10_01,2019_sustainability_report_9e6add42.pdf::chunk-29727,0,hard_negative_same_topic_or_entity,2019_sustainability_report_9e6add42.pdf,9e6add42's 2019 Sustainability Report,Siemens,industrial_technology,2019,1,2,chunk-29727,
ragas_esg_10_02,Siemens_ESG.pdf::chunk-0726,0,hard_negative_same_topic_or_entity,Siemens_ESG.pdf,Siemens' ESG Report,Siemens,industrial_technology,,1,2,chunk-0726,
ragas_esg_10_02,Siemens_ESG.pdf::chunk-0727,0,hard_negative_same_topic_or_entity,Siemens_ESG.pdf,Siemens' ESG Report,Siemens,industrial_technology,,2,3,chunk-0727,4. Governance information 4.1 Business conduct 4.2 Cybersecurity and data privacy
ragas_esg_10_02,2018_sustainability_report_43841182.pdf::chunk-29648,0,hard_negative_same_topic_or_entity,2018_sustainability_report_43841182.pdf,43841182's 2018 Sustainability Report,Siemens,industrial_technology,2018,1,2,chunk-29648,
ragas_esg_10_02,2018_sustainability_report_43841182.pdf::chunk-29649,0,hard_negative_same_topic_or_entity,2018_sustainability_report_43841182.pdf,43841182's 2018 Sustainability Report,Siemens,industrial_technology,2018,2,2,chunk-29649,
ragas_esg_10_02,2019_sustainability_report_9e6add42.pdf::chunk-29727,0,hard_negative_same_topic_or_entity,2019_sustainability_report_9e6add42.pdf,9e6add42's 2019 Sustainability Report,Siemens,industrial_technology,2019,1,2,chunk-29727,
ragas_esg_10_03,Siemens_ESG.pdf::chunk-0726,0,hard_negative_same_topic_or_entity,Siemens_ESG.pdf,Siemens' ESG Report,Siemens,industrial_technology,,1,2,chunk-0726,
ragas_esg_10_03,Siemens_ESG.pdf::chunk-0727,0,hard_negative_same_topic_or_entity,Siemens_ESG.pdf,Siemens' ESG Report,Siemens,industrial_technology,,2,3,chunk-0727,4. Governance information 4.1 Business conduct 4.2 Cybersecurity and data privacy
ragas_esg_10_03,2018_sustainability_report_43841182.pdf::chunk-29648,0,hard_negative_same_topic_or_entity,2018_sustainability_report_43841182.pdf,43841182's 2018 Sustainability Report,Siemens,industrial_technology,2018,1,2,chunk-29648,
ragas_esg_10_03,2018_sustainability_report_43841182.pdf::chunk-29649,0,hard_negative_same_topic_or_entity,2018_sustainability_report_43841182.pdf,43841182's 2018 Sustainability Report,Siemens,industrial_technology,2018,2,2,chunk-29649,
ragas_esg_10_03,2019_sustainability_report_9e6add42.pdf::chunk-29727,0,hard_negative_same_topic_or_entity,2019_sustainability_report_9e6add42.pdf,9e6add42's 2019 Sustainability Report,Siemens,industrial_technology,2019,1,2,chunk-29727,
ragas_esg_10_04,Siemens_ESG.pdf::chunk-0726,0,hard_negative_same_topic_or_entity,Siemens_ESG.pdf,Siemens' ESG Report,Siemens,industrial_technology,,1,2,chunk-0726,
ragas_esg_10_04,Siemens_ESG.pdf::chunk-0727,0,hard_negative_same_topic_or_entity,Siemens_ESG.pdf,Siemens' ESG Report,Siemens,industrial_technology,,2,3,chunk-0727,4. Governance information 4.1 Business conduct 4.2 Cybersecurity and data privacy
ragas_esg_10_04,2018_sustainability_report_43841182.pdf::chunk-29648,0,hard_negative_same_topic_or_entity,2018_sustainability_report_43841182.pdf,43841182's 2018 Sustainability Report,Siemens,industrial_technology,2018,1,2,chunk-29648,
ragas_esg_10_04,2018_sustainability_report_43841182.pdf::chunk-29649,0,hard_negative_same_topic_or_entity,2018_sustainability_report_43841182.pdf,43841182's 2018 Sustainability Report,Siemens,industrial_technology,2018,2,2,chunk-29649,
ragas_esg_10_04,2019_sustainability_report_9e6add42.pdf::chunk-29727,0,hard_negative_same_topic_or_entity,2019_sustainability_report_9e6add42.pdf,9e6add42's 2019 Sustainability Report,Siemens,industrial_technology,2019,1,2,chunk-29727,
ragas_esg_11_01,2024_thematic_report_c221f368.pdf::chunk-31823,0,hard_negative_same_topic_or_entity,2024_thematic_report_c221f368.pdf,Thematic C221f368's 2024 Report,TotalEnergies,oil_gas_energy,2024,1,3,chunk-31823,
ragas_esg_11_01,2024_thematic_report_c221f368.pdf::chunk-31824,0,hard_negative_same_topic_or_entity,2024_thematic_report_c221f368.pdf,Thematic C221f368's 2024 Report,TotalEnergies,oil_gas_energy,2024,3,4,chunk-31824,
ragas_esg_11_01,undated_framework_disclosure_c0d92cc2.pdf::chunk-34286,0,hard_negative_same_topic_or_entity,undated_framework_disclosure_c0d92cc2.pdf,Undated Framework Disclosure C0d92cc2's Report,TotalEnergies,oil_gas_energy,,1,2,chunk-34286,
ragas_esg_11_01,undated_framework_disclosure_c0d92cc2.pdf::chunk-34287,0,hard_negative_same_topic_or_entity,undated_framework_disclosure_c0d92cc2.pdf,Undated Framework Disclosure C0d92cc2's Report,TotalEnergies,oil_gas_energy,,2,5,chunk-34287,
ragas_esg_11_01,IB_Sustainability_Report.pdf::chunk-0053,0,hard_negative_same_topic_or_entity,IB_Sustainability_Report.pdf,IB's Sustainability Report,Iberdrola,utilities_power,,2,5,chunk-0053,
ragas_esg_11_02,2024_thematic_report_c221f368.pdf::chunk-31826,0,hard_negative_same_topic_or_entity,2024_thematic_report_c221f368.pdf,Thematic C221f368's 2024 Report,TotalEnergies,oil_gas_energy,2024,5,6,chunk-31826,
ragas_esg_11_02,2024_thematic_report_c221f368.pdf::chunk-31827,0,hard_negative_same_topic_or_entity,2024_thematic_report_c221f368.pdf,Thematic C221f368's 2024 Report,TotalEnergies,oil_gas_energy,2024,6,7,chunk-31827,
ragas_esg_11_02,undated_framework_disclosure_c0d92cc2.pdf::chunk-34286,0,hard_negative_same_topic_or_entity,undated_framework_disclosure_c0d92cc2.pdf,Undated Framework Disclosure C0d92cc2's Report,TotalEnergies,oil_gas_energy,,1,2,chunk-34286,
ragas_esg_11_02,undated_framework_disclosure_c0d92cc2.pdf::chunk-34287,0,hard_negative_same_topic_or_entity,undated_framework_disclosure_c0d92cc2.pdf,Undated Framework Disclosure C0d92cc2's Report,TotalEnergies,oil_gas_energy,,2,5,chunk-34287,
ragas_esg_11_02,IB_Sustainability_Report.pdf::chunk-0053,0,hard_negative_same_topic_or_entity,IB_Sustainability_Report.pdf,IB's Sustainability Report,Iberdrola,utilities_power,,2,5,chunk-0053,
ragas_esg_11_03,2024_thematic_report_c221f368.pdf::chunk-31823,0,hard_negative_same_topic_or_entity,2024_thematic_report_c221f368.pdf,Thematic C221f368's 2024 Report,TotalEnergies,oil_gas_energy,2024,1,3,chunk-31823,
ragas_esg_11_03,2024_thematic_report_c221f368.pdf::chunk-31824,0,hard_negative_same_topic_or_entity,2024_thematic_report_c221f368.pdf,Thematic C221f368's 2024 Report,TotalEnergies,oil_gas_energy,2024,3,4,chunk-31824,
ragas_esg_11_03,undated_framework_disclosure_c0d92cc2.pdf::chunk-34286,0,hard_negative_same_topic_or_entity,undated_framework_disclosure_c0d92cc2.pdf,Undated Framework Disclosure C0d92cc2's Report,TotalEnergies,oil_gas_energy,,1,2,chunk-34286,
ragas_esg_11_03,undated_framework_disclosure_c0d92cc2.pdf::chunk-34287,0,hard_negative_same_topic_or_entity,undated_framework_disclosure_c0d92cc2.pdf,Undated Framework Disclosure C0d92cc2's Report,TotalEnergies,oil_gas_energy,,2,5,chunk-34287,
ragas_esg_11_03,IB_Sustainability_Report.pdf::chunk-0058,0,hard_negative_same_topic_or_entity,IB_Sustainability_Report.pdf,IB's Sustainability Report,Iberdrola,utilities_power,,9,12,chunk-0058,
ragas_esg_12_01,2024_annual_report_9ab2a528.pdf::chunk-37546,0,hard_negative_same_topic_or_entity,2024_annual_report_9ab2a528.pdf,9ab2a528's 2024 Annual Report,Volkswagen,automotive,2024,1,2,chunk-37546,470 Consolidated Financial Statements Income Statement
ragas_esg_12_01,2024_annual_report_9ab2a528.pdf::chunk-37547,0,hard_negative_same_topic_or_entity,2024_annual_report_9ab2a528.pdf,9ab2a528's 2024 Annual Report,Volkswagen,automotive,2024,2,2,chunk-37547,
ragas_esg_12_01,2024_framework_disclosure_082a3c71.pdf::chunk-38956,0,hard_negative_same_topic_or_entity,2024_framework_disclosure_082a3c71.pdf,Framework Disclosure 082a3c71's 2024 Report,Volkswagen,automotive,2024,1,2,chunk-38956,
ragas_esg_12_01,2024_framework_disclosure_082a3c71.pdf::chunk-38957,0,hard_negative_same_topic_or_entity,2024_framework_disclosure_082a3c71.pdf,Framework Disclosure 082a3c71's 2024 Report,Volkswagen,automotive,2024,2,2,chunk-38957,
ragas_esg_12_01,2025_annual_report_1b21309a.pdf::chunk-39359,0,hard_negative_same_topic_or_entity,2025_annual_report_1b21309a.pdf,1b21309a's 2025 Annual Report,Volkswagen,automotive,2025,1,3,chunk-39359,
ragas_esg_12_02,2024_annual_report_9ab2a528.pdf::chunk-37546,0,hard_negative_same_topic_or_entity,2024_annual_report_9ab2a528.pdf,9ab2a528's 2024 Annual Report,Volkswagen,automotive,2024,1,2,chunk-37546,470 Consolidated Financial Statements Income Statement
ragas_esg_12_02,2024_annual_report_9ab2a528.pdf::chunk-37547,0,hard_negative_same_topic_or_entity,2024_annual_report_9ab2a528.pdf,9ab2a528's 2024 Annual Report,Volkswagen,automotive,2024,2,2,chunk-37547,
ragas_esg_12_02,2024_framework_disclosure_082a3c71.pdf::chunk-38956,0,hard_negative_same_topic_or_entity,2024_framework_disclosure_082a3c71.pdf,Framework Disclosure 082a3c71's 2024 Report,Volkswagen,automotive,2024,1,2,chunk-38956,
ragas_esg_12_02,2024_framework_disclosure_082a3c71.pdf::chunk-38957,0,hard_negative_same_topic_or_entity,2024_framework_disclosure_082a3c71.pdf,Framework Disclosure 082a3c71's 2024 Report,Volkswagen,automotive,2024,2,2,chunk-38957,
ragas_esg_12_02,2025_annual_report_1b21309a.pdf::chunk-39359,0,hard_negative_same_topic_or_entity,2025_annual_report_1b21309a.pdf,1b21309a's 2025 Annual Report,Volkswagen,automotive,2025,1,3,chunk-39359,
ragas_esg_12_03,2024_annual_report_9ab2a528.pdf::chunk-37546,0,hard_negative_same_topic_or_entity,2024_annual_report_9ab2a528.pdf,9ab2a528's 2024 Annual Report,Volkswagen,automotive,2024,1,2,chunk-37546,470 Consolidated Financial Statements Income Statement
ragas_esg_12_03,2024_annual_report_9ab2a528.pdf::chunk-37547,0,hard_negative_same_topic_or_entity,2024_annual_report_9ab2a528.pdf,9ab2a528's 2024 Annual Report,Volkswagen,automotive,2024,2,2,chunk-37547,
ragas_esg_12_03,2024_framework_disclosure_082a3c71.pdf::chunk-38956,0,hard_negative_same_topic_or_entity,2024_framework_disclosure_082a3c71.pdf,Framework Disclosure 082a3c71's 2024 Report,Volkswagen,automotive,2024,1,2,chunk-38956,
ragas_esg_12_03,2024_framework_disclosure_082a3c71.pdf::chunk-38957,0,hard_negative_same_topic_or_entity,2024_framework_disclosure_082a3c71.pdf,Framework Disclosure 082a3c71's 2024 Report,Volkswagen,automotive,2024,2,2,chunk-38957,
ragas_esg_12_03,2025_annual_report_1b21309a.pdf::chunk-39359,0,hard_negative_same_topic_or_entity,2025_annual_report_1b21309a.pdf,1b21309a's 2025 Annual Report,Volkswagen,automotive,2025,1,3,chunk-39359,
ragas_esg_12_04,2024_annual_report_9ab2a528.pdf::chunk-37546,0,hard_negative_same_topic_or_entity,2024_annual_report_9ab2a528.pdf,9ab2a528's 2024 Annual Report,Volkswagen,automotive,2024,1,2,chunk-37546,470 Consolidated Financial Statements Income Statement
ragas_esg_12_04,2024_annual_report_9ab2a528.pdf::chunk-37547,0,hard_negative_same_topic_or_entity,2024_annual_report_9ab2a528.pdf,9ab2a528's 2024 Annual Report,Volkswagen,automotive,2024,2,2,chunk-37547,
ragas_esg_12_04,2024_framework_disclosure_082a3c71.pdf::chunk-38956,0,hard_negative_same_topic_or_entity,2024_framework_disclosure_082a3c71.pdf,Framework Disclosure 082a3c71's 2024 Report,Volkswagen,automotive,2024,1,2,chunk-38956,
ragas_esg_12_04,2024_framework_disclosure_082a3c71.pdf::chunk-38957,0,hard_negative_same_topic_or_entity,2024_framework_disclosure_082a3c71.pdf,Framework Disclosure 082a3c71's 2024 Report,Volkswagen,automotive,2024,2,2,chunk-38957,
ragas_esg_12_04,2025_annual_report_1b21309a.pdf::chunk-39359,0,hard_negative_same_topic_or_entity,2025_annual_report_1b21309a.pdf,1b21309a's 2025 Annual Report,Volkswagen,automotive,2025,1,3,chunk-39359,
ragas_esg_13_01,2024_annual_report_9ab2a528.pdf::chunk-37546,0,hard_negative_same_topic_or_entity,2024_annual_report_9ab2a528.pdf,9ab2a528's 2024 Annual Report,Volkswagen,automotive,2024,1,2,chunk-37546,470 Consolidated Financial Statements Income Statement
ragas_esg_13_01,2024_annual_report_9ab2a528.pdf::chunk-37547,0,hard_negative_same_topic_or_entity,2024_annual_report_9ab2a528.pdf,9ab2a528's 2024 Annual Report,Volkswagen,automotive,2024,2,2,chunk-37547,
ragas_esg_13_01,2024_framework_disclosure_082a3c71.pdf::chunk-38956,0,hard_negative_same_topic_or_entity,2024_framework_disclosure_082a3c71.pdf,Framework Disclosure 082a3c71's 2024 Report,Volkswagen,automotive,2024,1,2,chunk-38956,
ragas_esg_13_01,2024_framework_disclosure_082a3c71.pdf::chunk-38957,0,hard_negative_same_topic_or_entity,2024_framework_disclosure_082a3c71.pdf,Framework Disclosure 082a3c71's 2024 Report,Volkswagen,automotive,2024,2,2,chunk-38957,
ragas_esg_13_01,2025_annual_report_1b21309a.pdf::chunk-39359,0,hard_negative_same_topic_or_entity,2025_annual_report_1b21309a.pdf,1b21309a's 2025 Annual Report,Volkswagen,automotive,2025,1,3,chunk-39359,
ragas_esg_13_02,2024_annual_report_9ab2a528.pdf::chunk-37546,0,hard_negative_same_topic_or_entity,2024_annual_report_9ab2a528.pdf,9ab2a528's 2024 Annual Report,Volkswagen,automotive,2024,1,2,chunk-37546,470 Consolidated Financial Statements Income Statement
ragas_esg_13_02,2024_annual_report_9ab2a528.pdf::chunk-37547,0,hard_negative_same_topic_or_entity,2024_annual_report_9ab2a528.pdf,9ab2a528's 2024 Annual Report,Volkswagen,automotive,2024,2,2,chunk-37547,
ragas_esg_13_02,2024_framework_disclosure_082a3c71.pdf::chunk-38956,0,hard_negative_same_topic_or_entity,2024_framework_disclosure_082a3c71.pdf,Framework Disclosure 082a3c71's 2024 Report,Volkswagen,automotive,2024,1,2,chunk-38956,
ragas_esg_13_02,2024_framework_disclosure_082a3c71.pdf::chunk-38957,0,hard_negative_same_topic_or_entity,2024_framework_disclosure_082a3c71.pdf,Framework Disclosure 082a3c71's 2024 Report,Volkswagen,automotive,2024,2,2,chunk-38957,
ragas_esg_13_02,2025_annual_report_1b21309a.pdf::chunk-39359,0,hard_negative_same_topic_or_entity,2025_annual_report_1b21309a.pdf,1b21309a's 2025 Annual Report,Volkswagen,automotive,2025,1,3,chunk-39359,
ragas_esg_13_03,2024_annual_report_9ab2a528.pdf::chunk-37546,0,hard_negative_same_topic_or_entity,2024_annual_report_9ab2a528.pdf,9ab2a528's 2024 Annual Report,Volkswagen,automotive,2024,1,2,chunk-37546,470 Consolidated Financial Statements Income Statement
ragas_esg_13_03,2024_annual_report_9ab2a528.pdf::chunk-37547,0,hard_negative_same_topic_or_entity,2024_annual_report_9ab2a528.pdf,9ab2a528's 2024 Annual Report,Volkswagen,automotive,2024,2,2,chunk-37547,
ragas_esg_13_03,2024_framework_disclosure_082a3c71.pdf::chunk-38956,0,hard_negative_same_topic_or_entity,2024_framework_disclosure_082a3c71.pdf,Framework Disclosure 082a3c71's 2024 Report,Volkswagen,automotive,2024,1,2,chunk-38956,
ragas_esg_13_03,2024_framework_disclosure_082a3c71.pdf::chunk-38957,0,hard_negative_same_topic_or_entity,2024_framework_disclosure_082a3c71.pdf,Framework Disclosure 082a3c71's 2024 Report,Volkswagen,automotive,2024,2,2,chunk-38957,
ragas_esg_13_03,2025_annual_report_1b21309a.pdf::chunk-39359,0,hard_negative_same_topic_or_entity,2025_annual_report_1b21309a.pdf,1b21309a's 2025 Annual Report,Volkswagen,automotive,2025,1,3,chunk-39359,
ragas_esg_13_04,2024_annual_report_9ab2a528.pdf::chunk-37546,0,hard_negative_same_topic_or_entity,2024_annual_report_9ab2a528.pdf,9ab2a528's 2024 Annual Report,Volkswagen,automotive,2024,1,2,chunk-37546,470 Consolidated Financial Statements Income Statement
ragas_esg_13_04,2024_annual_report_9ab2a528.pdf::chunk-37547,0,hard_negative_same_topic_or_entity,2024_annual_report_9ab2a528.pdf,9ab2a528's 2024 Annual Report,Volkswagen,automotive,2024,2,2,chunk-37547,
ragas_esg_13_04,2024_framework_disclosure_082a3c71.pdf::chunk-38956,0,hard_negative_same_topic_or_entity,2024_framework_disclosure_082a3c71.pdf,Framework Disclosure 082a3c71's 2024 Report,Volkswagen,automotive,2024,1,2,chunk-38956,
ragas_esg_13_04,2024_framework_disclosure_082a3c71.pdf::chunk-38957,0,hard_negative_same_topic_or_entity,2024_framework_disclosure_082a3c71.pdf,Framework Disclosure 082a3c71's 2024 Report,Volkswagen,automotive,2024,2,2,chunk-38957,
ragas_esg_13_04,2025_annual_report_1b21309a.pdf::chunk-39359,0,hard_negative_same_topic_or_entity,2025_annual_report_1b21309a.pdf,1b21309a's 2025 Annual Report,Volkswagen,automotive,2025,1,3,chunk-39359,
ragas_esg_14_01,2011_sustainability_report_73deaa4c.pdf::chunk-16601,0,hard_negative_same_topic_or_entity,2011_sustainability_report_73deaa4c.pdf,73deaa4c's 2011 Sustainability Report,Enel,utilities_power,2011,1,7,chunk-16601,C E R T I F I E D B Y T H E C R F I N S T I T U T E
ragas_esg_14_01,2011_sustainability_report_73deaa4c.pdf::chunk-16602,0,hard_negative_same_topic_or_entity,2011_sustainability_report_73deaa4c.pdf,73deaa4c's 2011 Sustainability Report,Enel,utilities_power,2011,6,9,chunk-16602,3.5.1 Listening and discussing 122
ragas_esg_14_01,2019_framework_disclosure_c403a763.pdf::chunk-19206,0,hard_negative_same_topic_or_entity,2019_framework_disclosure_c403a763.pdf,Framework Disclosure C403a763's 2019 Report,Enel,utilities_power,2019,1,4,chunk-19206,WE EMPOWER SUSTAINABLE PROGRESS. OPEN POWER FOR A BRIGHTER FUTURE. GREEN BOND REPORT 2019
ragas_esg_14_01,2019_framework_disclosure_c403a763.pdf::chunk-19207,0,hard_negative_same_topic_or_entity,2019_framework_disclosure_c403a763.pdf,Framework Disclosure C403a763's 2019 Report,Enel,utilities_power,2019,4,5,chunk-19207,
ragas_esg_14_01,2023_sustainability_report_0915a868.pdf::chunk-21859,0,hard_negative_same_topic_or_entity,2023_sustainability_report_0915a868.pdf,0915a868's 2023 Sustainability Report,Enel,utilities_power,2023,1,1,chunk-21859,"1 Half-year sustainability disclosures at June 30, 2023"
ragas_esg_14_02,2011_sustainability_report_73deaa4c.pdf::chunk-16601,0,hard_negative_same_topic_or_entity,2011_sustainability_report_73deaa4c.pdf,73deaa4c's 2011 Sustainability Report,Enel,utilities_power,2011,1,7,chunk-16601,C E R T I F I E D B Y T H E C R F I N S T I T U T E
ragas_esg_14_02,2011_sustainability_report_73deaa4c.pdf::chunk-16602,0,hard_negative_same_topic_or_entity,2011_sustainability_report_73deaa4c.pdf,73deaa4c's 2011 Sustainability Report,Enel,utilities_power,2011,6,9,chunk-16602,3.5.1 Listening and discussing 122
ragas_esg_14_02,2019_framework_disclosure_c403a763.pdf::chunk-19206,0,hard_negative_same_topic_or_entity,2019_framework_disclosure_c403a763.pdf,Framework Disclosure C403a763's 2019 Report,Enel,utilities_power,2019,1,4,chunk-19206,WE EMPOWER SUSTAINABLE PROGRESS. OPEN POWER FOR A BRIGHTER FUTURE. GREEN BOND REPORT 2019
ragas_esg_14_02,2019_framework_disclosure_c403a763.pdf::chunk-19207,0,hard_negative_same_topic_or_entity,2019_framework_disclosure_c403a763.pdf,Framework Disclosure C403a763's 2019 Report,Enel,utilities_power,2019,4,5,chunk-19207,
ragas_esg_14_02,2023_sustainability_report_0915a868.pdf::chunk-21859,0,hard_negative_same_topic_or_entity,2023_sustainability_report_0915a868.pdf,0915a868's 2023 Sustainability Report,Enel,utilities_power,2023,1,1,chunk-21859,"1 Half-year sustainability disclosures at June 30, 2023"
ragas_esg_14_03,2011_sustainability_report_73deaa4c.pdf::chunk-16601,0,hard_negative_same_topic_or_entity,2011_sustainability_report_73deaa4c.pdf,73deaa4c's 2011 Sustainability Report,Enel,utilities_power,2011,1,7,chunk-16601,C E R T I F I E D B Y T H E C R F I N S T I T U T E
ragas_esg_14_03,2011_sustainability_report_73deaa4c.pdf::chunk-16602,0,hard_negative_same_topic_or_entity,2011_sustainability_report_73deaa4c.pdf,73deaa4c's 2011 Sustainability Report,Enel,utilities_power,2011,6,9,chunk-16602,3.5.1 Listening and discussing 122
ragas_esg_14_03,2019_framework_disclosure_c403a763.pdf::chunk-19206,0,hard_negative_same_topic_or_entity,2019_framework_disclosure_c403a763.pdf,Framework Disclosure C403a763's 2019 Report,Enel,utilities_power,2019,1,4,chunk-19206,WE EMPOWER SUSTAINABLE PROGRESS. OPEN POWER FOR A BRIGHTER FUTURE. GREEN BOND REPORT 2019
ragas_esg_14_03,2019_framework_disclosure_c403a763.pdf::chunk-19207,0,hard_negative_same_topic_or_entity,2019_framework_disclosure_c403a763.pdf,Framework Disclosure C403a763's 2019 Report,Enel,utilities_power,2019,4,5,chunk-19207,
ragas_esg_14_03,2023_sustainability_report_0915a868.pdf::chunk-21859,0,hard_negative_same_topic_or_entity,2023_sustainability_report_0915a868.pdf,0915a868's 2023 Sustainability Report,Enel,utilities_power,2023,1,1,chunk-21859,"1 Half-year sustainability disclosures at June 30, 2023"
ragas_esg_14_04,2011_sustainability_report_73deaa4c.pdf::chunk-16601,0,hard_negative_same_topic_or_entity,2011_sustainability_report_73deaa4c.pdf,73deaa4c's 2011 Sustainability Report,Enel,utilities_power,2011,1,7,chunk-16601,C E R T I F I E D B Y T H E C R F I N S T I T U T E
ragas_esg_14_04,2011_sustainability_report_73deaa4c.pdf::chunk-16602,0,hard_negative_same_topic_or_entity,2011_sustainability_report_73deaa4c.pdf,73deaa4c's 2011 Sustainability Report,Enel,utilities_power,2011,6,9,chunk-16602,3.5.1 Listening and discussing 122
ragas_esg_14_04,2019_framework_disclosure_c403a763.pdf::chunk-19206,0,hard_negative_same_topic_or_entity,2019_framework_disclosure_c403a763.pdf,Framework Disclosure C403a763's 2019 Report,Enel,utilities_power,2019,1,4,chunk-19206,WE EMPOWER SUSTAINABLE PROGRESS. OPEN POWER FOR A BRIGHTER FUTURE. GREEN BOND REPORT 2019
ragas_esg_14_04,2019_framework_disclosure_c403a763.pdf::chunk-19207,0,hard_negative_same_topic_or_entity,2019_framework_disclosure_c403a763.pdf,Framework Disclosure C403a763's 2019 Report,Enel,utilities_power,2019,4,5,chunk-19207,
ragas_esg_14_04,2023_sustainability_report_0915a868.pdf::chunk-21859,0,hard_negative_same_topic_or_entity,2023_sustainability_report_0915a868.pdf,0915a868's 2023 Sustainability Report,Enel,utilities_power,2023,1,1,chunk-21859,"1 Half-year sustainability disclosures at June 30, 2023"
ragas_esg_15_01,2024_annual_report_9ab2a528.pdf::chunk-37546,0,hard_negative_same_topic_or_entity,2024_annual_report_9ab2a528.pdf,9ab2a528's 2024 Annual Report,Volkswagen,automotive,2024,1,2,chunk-37546,470 Consolidated Financial Statements Income Statement
ragas_esg_15_01,2024_annual_report_9ab2a528.pdf::chunk-37547,0,hard_negative_same_topic_or_entity,2024_annual_report_9ab2a528.pdf,9ab2a528's 2024 Annual Report,Volkswagen,automotive,2024,2,2,chunk-37547,
ragas_esg_15_01,2024_framework_disclosure_082a3c71.pdf::chunk-38956,0,hard_negative_same_topic_or_entity,2024_framework_disclosure_082a3c71.pdf,Framework Disclosure 082a3c71's 2024 Report,Volkswagen,automotive,2024,1,2,chunk-38956,
ragas_esg_15_01,2024_framework_disclosure_082a3c71.pdf::chunk-38957,0,hard_negative_same_topic_or_entity,2024_framework_disclosure_082a3c71.pdf,Framework Disclosure 082a3c71's 2024 Report,Volkswagen,automotive,2024,2,2,chunk-38957,
ragas_esg_15_01,2025_annual_report_1b21309a.pdf::chunk-39359,0,hard_negative_same_topic_or_entity,2025_annual_report_1b21309a.pdf,1b21309a's 2025 Annual Report,Volkswagen,automotive,2025,1,3,chunk-39359,
ragas_esg_15_02,2024_annual_report_9ab2a528.pdf::chunk-37546,0,hard_negative_same_topic_or_entity,2024_annual_report_9ab2a528.pdf,9ab2a528's 2024 Annual Report,Volkswagen,automotive,2024,1,2,chunk-37546,470 Consolidated Financial Statements Income Statement
ragas_esg_15_02,2024_annual_report_9ab2a528.pdf::chunk-37547,0,hard_negative_same_topic_or_entity,2024_annual_report_9ab2a528.pdf,9ab2a528's 2024 Annual Report,Volkswagen,automotive,2024,2,2,chunk-37547,
ragas_esg_15_02,2024_framework_disclosure_082a3c71.pdf::chunk-38956,0,hard_negative_same_topic_or_entity,2024_framework_disclosure_082a3c71.pdf,Framework Disclosure 082a3c71's 2024 Report,Volkswagen,automotive,2024,1,2,chunk-38956,
ragas_esg_15_02,2024_framework_disclosure_082a3c71.pdf::chunk-38957,0,hard_negative_same_topic_or_entity,2024_framework_disclosure_082a3c71.pdf,Framework Disclosure 082a3c71's 2024 Report,Volkswagen,automotive,2024,2,2,chunk-38957,
ragas_esg_15_02,2025_annual_report_1b21309a.pdf::chunk-39359,0,hard_negative_same_topic_or_entity,2025_annual_report_1b21309a.pdf,1b21309a's 2025 Annual Report,Volkswagen,automotive,2025,1,3,chunk-39359,
ragas_esg_15_03,2024_annual_report_9ab2a528.pdf::chunk-37546,0,hard_negative_same_topic_or_entity,2024_annual_report_9ab2a528.pdf,9ab2a528's 2024 Annual Report,Volkswagen,automotive,2024,1,2,chunk-37546,470 Consolidated Financial Statements Income Statement
ragas_esg_15_03,2024_annual_report_9ab2a528.pdf::chunk-37547,0,hard_negative_same_topic_or_entity,2024_annual_report_9ab2a528.pdf,9ab2a528's 2024 Annual Report,Volkswagen,automotive,2024,2,2,chunk-37547,
ragas_esg_15_03,2024_framework_disclosure_082a3c71.pdf::chunk-38956,0,hard_negative_same_topic_or_entity,2024_framework_disclosure_082a3c71.pdf,Framework Disclosure 082a3c71's 2024 Report,Volkswagen,automotive,2024,1,2,chunk-38956,
ragas_esg_15_03,2024_framework_disclosure_082a3c71.pdf::chunk-38957,0,hard_negative_same_topic_or_entity,2024_framework_disclosure_082a3c71.pdf,Framework Disclosure 082a3c71's 2024 Report,Volkswagen,automotive,2024,2,2,chunk-38957,
ragas_esg_15_03,2025_annual_report_1b21309a.pdf::chunk-39359,0,hard_negative_same_topic_or_entity,2025_annual_report_1b21309a.pdf,1b21309a's 2025 Annual Report,Volkswagen,automotive,2025,1,3,chunk-39359,
ragas_esg_15_04,2024_annual_report_9ab2a528.pdf::chunk-37546,0,hard_negative_same_topic_or_entity,2024_annual_report_9ab2a528.pdf,9ab2a528's 2024 Annual Report,Volkswagen,automotive,2024,1,2,chunk-37546,470 Consolidated Financial Statements Income Statement
ragas_esg_15_04,2024_annual_report_9ab2a528.pdf::chunk-37547,0,hard_negative_same_topic_or_entity,2024_annual_report_9ab2a528.pdf,9ab2a528's 2024 Annual Report,Volkswagen,automotive,2024,2,2,chunk-37547,
ragas_esg_15_04,2024_framework_disclosure_082a3c71.pdf::chunk-38956,0,hard_negative_same_topic_or_entity,2024_framework_disclosure_082a3c71.pdf,Framework Disclosure 082a3c71's 2024 Report,Volkswagen,automotive,2024,1,2,chunk-38956,
ragas_esg_15_04,2024_framework_disclosure_082a3c71.pdf::chunk-38957,0,hard_negative_same_topic_or_entity,2024_framework_disclosure_082a3c71.pdf,Framework Disclosure 082a3c71's 2024 Report,Volkswagen,automotive,2024,2,2,chunk-38957,
ragas_esg_15_04,2025_annual_report_1b21309a.pdf::chunk-39359,0,hard_negative_same_topic_or_entity,2025_annual_report_1b21309a.pdf,1b21309a's 2025 Annual Report,Volkswagen,automotive,2025,1,3,chunk-39359,
ragas_esg_16_01,2025_climate_report_9706fb9c.pdf::chunk-7341,0,hard_negative_same_topic_or_entity,2025_climate_report_9706fb9c.pdf,9706fb9c's 2025 Climate Report,Airbus,aerospace,2025,1,2,chunk-7341,
ragas_esg_16_01,2025_climate_report_9706fb9c.pdf::chunk-7342,0,hard_negative_same_topic_or_entity,2025_climate_report_9706fb9c.pdf,9706fb9c's 2025 Climate Report,Airbus,aerospace,2025,2,4,chunk-7342,
ragas_esg_16_01,2025_thematic_report_91bab808.pdf::chunk-7436,0,hard_negative_same_topic_or_entity,2025_thematic_report_91bab808.pdf,Thematic 91bab808's 2025 Report,Airbus,aerospace,2025,1,1,chunk-7436,
ragas_esg_16_01,IB_Sustainability_Report.pdf::chunk-0053,0,hard_negative_same_topic_or_entity,IB_Sustainability_Report.pdf,IB's Sustainability Report,Iberdrola,utilities_power,,2,5,chunk-0053,
ragas_esg_16_01,IB_Sustainability_Report.pdf::chunk-0054,0,hard_negative_same_topic_or_entity,IB_Sustainability_Report.pdf,IB's Sustainability Report,Iberdrola,utilities_power,,5,6,chunk-0054,
ragas_esg_16_02,2025_climate_report_9706fb9c.pdf::chunk-7341,0,hard_negative_same_topic_or_entity,2025_climate_report_9706fb9c.pdf,9706fb9c's 2025 Climate Report,Airbus,aerospace,2025,1,2,chunk-7341,
ragas_esg_16_02,2025_climate_report_9706fb9c.pdf::chunk-7342,0,hard_negative_same_topic_or_entity,2025_climate_report_9706fb9c.pdf,9706fb9c's 2025 Climate Report,Airbus,aerospace,2025,2,4,chunk-7342,
ragas_esg_16_02,2025_thematic_report_91bab808.pdf::chunk-7436,0,hard_negative_same_topic_or_entity,2025_thematic_report_91bab808.pdf,Thematic 91bab808's 2025 Report,Airbus,aerospace,2025,1,1,chunk-7436,
ragas_esg_16_02,IB_Sustainability_Report.pdf::chunk-0053,0,hard_negative_same_topic_or_entity,IB_Sustainability_Report.pdf,IB's Sustainability Report,Iberdrola,utilities_power,,2,5,chunk-0053,
ragas_esg_16_02,IB_Sustainability_Report.pdf::chunk-0054,0,hard_negative_same_topic_or_entity,IB_Sustainability_Report.pdf,IB's Sustainability Report,Iberdrola,utilities_power,,5,6,chunk-0054,
ragas_esg_16_03,2025_climate_report_9706fb9c.pdf::chunk-7341,0,hard_negative_same_topic_or_entity,2025_climate_report_9706fb9c.pdf,9706fb9c's 2025 Climate Report,Airbus,aerospace,2025,1,2,chunk-7341,
ragas_esg_16_03,2025_climate_report_9706fb9c.pdf::chunk-7342,0,hard_negative_same_topic_or_entity,2025_climate_report_9706fb9c.pdf,9706fb9c's 2025 Climate Report,Airbus,aerospace,2025,2,4,chunk-7342,
ragas_esg_16_03,2025_thematic_report_91bab808.pdf::chunk-7436,0,hard_negative_same_topic_or_entity,2025_thematic_report_91bab808.pdf,Thematic 91bab808's 2025 Report,Airbus,aerospace,2025,1,1,chunk-7436,
ragas_esg_16_03,IB_Sustainability_Report.pdf::chunk-0053,0,hard_negative_same_topic_or_entity,IB_Sustainability_Report.pdf,IB's Sustainability Report,Iberdrola,utilities_power,,2,5,chunk-0053,
ragas_esg_16_03,IB_Sustainability_Report.pdf::chunk-0054,0,hard_negative_same_topic_or_entity,IB_Sustainability_Report.pdf,IB's Sustainability Report,Iberdrola,utilities_power,,5,6,chunk-0054,
ragas_esg_16_04,2025_climate_report_9706fb9c.pdf::chunk-7341,0,hard_negative_same_topic_or_entity,2025_climate_report_9706fb9c.pdf,9706fb9c's 2025 Climate Report,Airbus,aerospace,2025,1,2,chunk-7341,
ragas_esg_16_04,2025_climate_report_9706fb9c.pdf::chunk-7342,0,hard_negative_same_topic_or_entity,2025_climate_report_9706fb9c.pdf,9706fb9c's 2025 Climate Report,Airbus,aerospace,2025,2,4,chunk-7342,
ragas_esg_16_04,2025_thematic_report_91bab808.pdf::chunk-7436,0,hard_negative_same_topic_or_entity,2025_thematic_report_91bab808.pdf,Thematic 91bab808's 2025 Report,Airbus,aerospace,2025,1,1,chunk-7436,
ragas_esg_16_04,IB_Sustainability_Report.pdf::chunk-0054,0,hard_negative_same_topic_or_entity,IB_Sustainability_Report.pdf,IB's Sustainability Report,Iberdrola,utilities_power,,5,6,chunk-0054,
ragas_esg_16_04,IB_Sustainability_Report.pdf::chunk-0059,0,hard_negative_same_topic_or_entity,IB_Sustainability_Report.pdf,IB's Sustainability Report,Iberdrola,utilities_power,,12,13,chunk-0059,
ragas_esg_17_01,2023_integrated_report_c47ec973.pdf::chunk-11678,0,hard_negative_same_topic_or_entity,2023_integrated_report_c47ec973.pdf,C47ec973's 2023 Integrated Report,Danone,food_beverage,2023,1,3,chunk-11678,1 2 APRIL 2024 ANNUAL INTEGRATED REPORT Danone’s sustainability performance 2023
ragas_esg_17_01,2023_integrated_report_c47ec973.pdf::chunk-11679,0,hard_negative_same_topic_or_entity,2023_integrated_report_c47ec973.pdf,C47ec973's 2023 Integrated Report,Danone,food_beverage,2023,3,4,chunk-11679,
ragas_esg_17_01,2024_thematic_report_24be3308.pdf::chunk-13166,0,hard_negative_same_topic_or_entity,2024_thematic_report_24be3308.pdf,Thematic 24be3308's 2024 Report,Danone,food_beverage,2024,1,1,chunk-13166,
ragas_esg_17_01,2024_thematic_report_24be3308.pdf::chunk-13167,0,hard_negative_same_topic_or_entity,2024_thematic_report_24be3308.pdf,Thematic 24be3308's 2024 Report,Danone,food_beverage,2024,1,1,chunk-13167,S Y S T E M O F P A R T N E R S T H R I V I N G P E O P L E
ragas_esg_17_01,2025_integrated_report_c3cd8894.pdf::chunk-13237,0,hard_negative_same_topic_or_entity,2025_integrated_report_c3cd8894.pdf,C3cd8894's 2025 Integrated Report,Danone,food_beverage,2025,1,2,chunk-13237,2025 Danone’s performance and impact ANNUAL INTEGRATED REPORT APRIL 2026
ragas_esg_17_02,2023_integrated_report_c47ec973.pdf::chunk-11678,0,hard_negative_same_topic_or_entity,2023_integrated_report_c47ec973.pdf,C47ec973's 2023 Integrated Report,Danone,food_beverage,2023,1,3,chunk-11678,1 2 APRIL 2024 ANNUAL INTEGRATED REPORT Danone’s sustainability performance 2023
ragas_esg_17_02,2023_integrated_report_c47ec973.pdf::chunk-11679,0,hard_negative_same_topic_or_entity,2023_integrated_report_c47ec973.pdf,C47ec973's 2023 Integrated Report,Danone,food_beverage,2023,3,4,chunk-11679,
ragas_esg_17_02,2024_thematic_report_24be3308.pdf::chunk-13166,0,hard_negative_same_topic_or_entity,2024_thematic_report_24be3308.pdf,Thematic 24be3308's 2024 Report,Danone,food_beverage,2024,1,1,chunk-13166,
ragas_esg_17_02,2024_thematic_report_24be3308.pdf::chunk-13167,0,hard_negative_same_topic_or_entity,2024_thematic_report_24be3308.pdf,Thematic 24be3308's 2024 Report,Danone,food_beverage,2024,1,1,chunk-13167,S Y S T E M O F P A R T N E R S T H R I V I N G P E O P L E
ragas_esg_17_02,2025_integrated_report_c3cd8894.pdf::chunk-13237,0,hard_negative_same_topic_or_entity,2025_integrated_report_c3cd8894.pdf,C3cd8894's 2025 Integrated Report,Danone,food_beverage,2025,1,2,chunk-13237,2025 Danone’s performance and impact ANNUAL INTEGRATED REPORT APRIL 2026
ragas_esg_17_03,2023_integrated_report_c47ec973.pdf::chunk-11678,0,hard_negative_same_topic_or_entity,2023_integrated_report_c47ec973.pdf,C47ec973's 2023 Integrated Report,Danone,food_beverage,2023,1,3,chunk-11678,1 2 APRIL 2024 ANNUAL INTEGRATED REPORT Danone’s sustainability performance 2023
ragas_esg_17_03,2023_integrated_report_c47ec973.pdf::chunk-11679,0,hard_negative_same_topic_or_entity,2023_integrated_report_c47ec973.pdf,C47ec973's 2023 Integrated Report,Danone,food_beverage,2023,3,4,chunk-11679,
ragas_esg_17_03,2024_thematic_report_24be3308.pdf::chunk-13166,0,hard_negative_same_topic_or_entity,2024_thematic_report_24be3308.pdf,Thematic 24be3308's 2024 Report,Danone,food_beverage,2024,1,1,chunk-13166,
ragas_esg_17_03,2024_thematic_report_24be3308.pdf::chunk-13167,0,hard_negative_same_topic_or_entity,2024_thematic_report_24be3308.pdf,Thematic 24be3308's 2024 Report,Danone,food_beverage,2024,1,1,chunk-13167,S Y S T E M O F P A R T N E R S T H R I V I N G P E O P L E
ragas_esg_17_03,2025_integrated_report_c3cd8894.pdf::chunk-13237,0,hard_negative_same_topic_or_entity,2025_integrated_report_c3cd8894.pdf,C3cd8894's 2025 Integrated Report,Danone,food_beverage,2025,1,2,chunk-13237,2025 Danone’s performance and impact ANNUAL INTEGRATED REPORT APRIL 2026
ragas_esg_17_04,2023_integrated_report_c47ec973.pdf::chunk-11678,0,hard_negative_same_topic_or_entity,2023_integrated_report_c47ec973.pdf,C47ec973's 2023 Integrated Report,Danone,food_beverage,2023,1,3,chunk-11678,1 2 APRIL 2024 ANNUAL INTEGRATED REPORT Danone’s sustainability performance 2023
ragas_esg_17_04,2023_integrated_report_c47ec973.pdf::chunk-11679,0,hard_negative_same_topic_or_entity,2023_integrated_report_c47ec973.pdf,C47ec973's 2023 Integrated Report,Danone,food_beverage,2023,3,4,chunk-11679,
ragas_esg_17_04,2024_thematic_report_24be3308.pdf::chunk-13166,0,hard_negative_same_topic_or_entity,2024_thematic_report_24be3308.pdf,Thematic 24be3308's 2024 Report,Danone,food_beverage,2024,1,1,chunk-13166,
ragas_esg_17_04,2024_thematic_report_24be3308.pdf::chunk-13167,0,hard_negative_same_topic_or_entity,2024_thematic_report_24be3308.pdf,Thematic 24be3308's 2024 Report,Danone,food_beverage,2024,1,1,chunk-13167,S Y S T E M O F P A R T N E R S T H R I V I N G P E O P L E
ragas_esg_17_04,2025_integrated_report_c3cd8894.pdf::chunk-13237,0,hard_negative_same_topic_or_entity,2025_integrated_report_c3cd8894.pdf,C3cd8894's 2025 Integrated Report,Danone,food_beverage,2025,1,2,chunk-13237,2025 Danone’s performance and impact ANNUAL INTEGRATED REPORT APRIL 2026
ragas_esg_18_01,2023_integrated_report_c47ec973.pdf::chunk-11678,0,hard_negative_same_topic_or_entity,2023_integrated_report_c47ec973.pdf,C47ec973's 2023 Integrated Report,Danone,food_beverage,2023,1,3,chunk-11678,1 2 APRIL 2024 ANNUAL INTEGRATED REPORT Danone’s sustainability performance 2023
ragas_esg_18_01,2023_integrated_report_c47ec973.pdf::chunk-11679,0,hard_negative_same_topic_or_entity,2023_integrated_report_c47ec973.pdf,C47ec973's 2023 Integrated Report,Danone,food_beverage,2023,3,4,chunk-11679,
ragas_esg_18_01,2024_thematic_report_24be3308.pdf::chunk-13166,0,hard_negative_same_topic_or_entity,2024_thematic_report_24be3308.pdf,Thematic 24be3308's 2024 Report,Danone,food_beverage,2024,1,1,chunk-13166,
ragas_esg_18_01,2024_thematic_report_24be3308.pdf::chunk-13167,0,hard_negative_same_topic_or_entity,2024_thematic_report_24be3308.pdf,Thematic 24be3308's 2024 Report,Danone,food_beverage,2024,1,1,chunk-13167,S Y S T E M O F P A R T N E R S T H R I V I N G P E O P L E
ragas_esg_18_01,2025_integrated_report_c3cd8894.pdf::chunk-13237,0,hard_negative_same_topic_or_entity,2025_integrated_report_c3cd8894.pdf,C3cd8894's 2025 Integrated Report,Danone,food_beverage,2025,1,2,chunk-13237,2025 Danone’s performance and impact ANNUAL INTEGRATED REPORT APRIL 2026
ragas_esg_18_02,2023_integrated_report_c47ec973.pdf::chunk-11678,0,hard_negative_same_topic_or_entity,2023_integrated_report_c47ec973.pdf,C47ec973's 2023 Integrated Report,Danone,food_beverage,2023,1,3,chunk-11678,1 2 APRIL 2024 ANNUAL INTEGRATED REPORT Danone’s sustainability performance 2023
ragas_esg_18_02,2023_integrated_report_c47ec973.pdf::chunk-11679,0,hard_negative_same_topic_or_entity,2023_integrated_report_c47ec973.pdf,C47ec973's 2023 Integrated Report,Danone,food_beverage,2023,3,4,chunk-11679,
ragas_esg_18_02,2024_thematic_report_24be3308.pdf::chunk-13166,0,hard_negative_same_topic_or_entity,2024_thematic_report_24be3308.pdf,Thematic 24be3308's 2024 Report,Danone,food_beverage,2024,1,1,chunk-13166,
ragas_esg_18_02,2024_thematic_report_24be3308.pdf::chunk-13167,0,hard_negative_same_topic_or_entity,2024_thematic_report_24be3308.pdf,Thematic 24be3308's 2024 Report,Danone,food_beverage,2024,1,1,chunk-13167,S Y S T E M O F P A R T N E R S T H R I V I N G P E O P L E
ragas_esg_18_02,2025_integrated_report_c3cd8894.pdf::chunk-13237,0,hard_negative_same_topic_or_entity,2025_integrated_report_c3cd8894.pdf,C3cd8894's 2025 Integrated Report,Danone,food_beverage,2025,1,2,chunk-13237,2025 Danone’s performance and impact ANNUAL INTEGRATED REPORT APRIL 2026
ragas_esg_18_03,2023_integrated_report_c47ec973.pdf::chunk-11678,0,hard_negative_same_topic_or_entity,2023_integrated_report_c47ec973.pdf,C47ec973's 2023 Integrated Report,Danone,food_beverage,2023,1,3,chunk-11678,1 2 APRIL 2024 ANNUAL INTEGRATED REPORT Danone’s sustainability performance 2023
ragas_esg_18_03,2023_integrated_report_c47ec973.pdf::chunk-11679,0,hard_negative_same_topic_or_entity,2023_integrated_report_c47ec973.pdf,C47ec973's 2023 Integrated Report,Danone,food_beverage,2023,3,4,chunk-11679,
ragas_esg_18_03,2024_thematic_report_24be3308.pdf::chunk-13166,0,hard_negative_same_topic_or_entity,2024_thematic_report_24be3308.pdf,Thematic 24be3308's 2024 Report,Danone,food_beverage,2024,1,1,chunk-13166,
ragas_esg_18_03,2024_thematic_report_24be3308.pdf::chunk-13167,0,hard_negative_same_topic_or_entity,2024_thematic_report_24be3308.pdf,Thematic 24be3308's 2024 Report,Danone,food_beverage,2024,1,1,chunk-13167,S Y S T E M O F P A R T N E R S T H R I V I N G P E O P L E
ragas_esg_18_03,2025_integrated_report_c3cd8894.pdf::chunk-13237,0,hard_negative_same_topic_or_entity,2025_integrated_report_c3cd8894.pdf,C3cd8894's 2025 Integrated Report,Danone,food_beverage,2025,1,2,chunk-13237,2025 Danone’s performance and impact ANNUAL INTEGRATED REPORT APRIL 2026
ragas_esg_18_04,2023_integrated_report_c47ec973.pdf::chunk-11678,0,hard_negative_same_topic_or_entity,2023_integrated_report_c47ec973.pdf,C47ec973's 2023 Integrated Report,Danone,food_beverage,2023,1,3,chunk-11678,1 2 APRIL 2024 ANNUAL INTEGRATED REPORT Danone’s sustainability performance 2023
ragas_esg_18_04,2023_integrated_report_c47ec973.pdf::chunk-11679,0,hard_negative_same_topic_or_entity,2023_integrated_report_c47ec973.pdf,C47ec973's 2023 Integrated Report,Danone,food_beverage,2023,3,4,chunk-11679,
ragas_esg_18_04,2024_thematic_report_24be3308.pdf::chunk-13166,0,hard_negative_same_topic_or_entity,2024_thematic_report_24be3308.pdf,Thematic 24be3308's 2024 Report,Danone,food_beverage,2024,1,1,chunk-13166,
ragas_esg_18_04,2024_thematic_report_24be3308.pdf::chunk-13167,0,hard_negative_same_topic_or_entity,2024_thematic_report_24be3308.pdf,Thematic 24be3308's 2024 Report,Danone,food_beverage,2024,1,1,chunk-13167,S Y S T E M O F P A R T N E R S T H R I V I N G P E O P L E
ragas_esg_18_04,2025_integrated_report_c3cd8894.pdf::chunk-13237,0,hard_negative_same_topic_or_entity,2025_integrated_report_c3cd8894.pdf,C3cd8894's 2025 Integrated Report,Danone,food_beverage,2025,1,2,chunk-13237,2025 Danone’s performance and impact ANNUAL INTEGRATED REPORT APRIL 2026
ragas_esg_19_01,2021_integrated_report_1efcc316.pdf::chunk-24161,0,hard_negative_same_topic_or_entity,2021_integrated_report_1efcc316.pdf,1efcc316's 2021 Integrated Report,ENGIE,utilities_energy,2021,1,3,chunk-24161,2021 Integrated Report * J’agis avec ENGIE.
ragas_esg_19_01,2021_integrated_report_1efcc316.pdf::chunk-24162,0,hard_negative_same_topic_or_entity,2021_integrated_report_1efcc316.pdf,1efcc316's 2021 Integrated Report,ENGIE,utilities_energy,2021,3,4,chunk-24162,
ragas_esg_19_01,2023_framework_disclosure_a1d018fd.pdf::chunk-24301,0,hard_negative_same_topic_or_entity,2023_framework_disclosure_a1d018fd.pdf,Framework Disclosure A1d018fd's 2023 Report,ENGIE,utilities_energy,2023,1,1,chunk-24301,
ragas_esg_19_01,2023_framework_disclosure_a1d018fd.pdf::chunk-24302,0,hard_negative_same_topic_or_entity,2023_framework_disclosure_a1d018fd.pdf,Framework Disclosure A1d018fd's 2023 Report,ENGIE,utilities_energy,2023,1,1,chunk-24302,
ragas_esg_19_01,2025_sustainability_report_0478ad88.pdf::chunk-24546,0,hard_negative_same_topic_or_entity,2025_sustainability_report_0478ad88.pdf,0478ad88's 2025 Sustainability Report,ENGIE,utilities_energy,2025,1,5,chunk-24546,2024 ESG AT ENGIE 1 ESG at ENGIE 2024
ragas_esg_19_02,2021_integrated_report_1efcc316.pdf::chunk-24161,0,hard_negative_same_topic_or_entity,2021_integrated_report_1efcc316.pdf,1efcc316's 2021 Integrated Report,ENGIE,utilities_energy,2021,1,3,chunk-24161,2021 Integrated Report * J’agis avec ENGIE.
ragas_esg_19_02,2021_integrated_report_1efcc316.pdf::chunk-24162,0,hard_negative_same_topic_or_entity,2021_integrated_report_1efcc316.pdf,1efcc316's 2021 Integrated Report,ENGIE,utilities_energy,2021,3,4,chunk-24162,
ragas_esg_19_02,2023_framework_disclosure_a1d018fd.pdf::chunk-24301,0,hard_negative_same_topic_or_entity,2023_framework_disclosure_a1d018fd.pdf,Framework Disclosure A1d018fd's 2023 Report,ENGIE,utilities_energy,2023,1,1,chunk-24301,
ragas_esg_19_02,2023_framework_disclosure_a1d018fd.pdf::chunk-24302,0,hard_negative_same_topic_or_entity,2023_framework_disclosure_a1d018fd.pdf,Framework Disclosure A1d018fd's 2023 Report,ENGIE,utilities_energy,2023,1,1,chunk-24302,
ragas_esg_19_02,2025_sustainability_report_0478ad88.pdf::chunk-24546,0,hard_negative_same_topic_or_entity,2025_sustainability_report_0478ad88.pdf,0478ad88's 2025 Sustainability Report,ENGIE,utilities_energy,2025,1,5,chunk-24546,2024 ESG AT ENGIE 1 ESG at ENGIE 2024
ragas_esg_19_03,2021_integrated_report_1efcc316.pdf::chunk-24161,0,hard_negative_same_topic_or_entity,2021_integrated_report_1efcc316.pdf,1efcc316's 2021 Integrated Report,ENGIE,utilities_energy,2021,1,3,chunk-24161,2021 Integrated Report * J’agis avec ENGIE.
ragas_esg_19_03,2021_integrated_report_1efcc316.pdf::chunk-24162,0,hard_negative_same_topic_or_entity,2021_integrated_report_1efcc316.pdf,1efcc316's 2021 Integrated Report,ENGIE,utilities_energy,2021,3,4,chunk-24162,
ragas_esg_19_03,2023_framework_disclosure_a1d018fd.pdf::chunk-24301,0,hard_negative_same_topic_or_entity,2023_framework_disclosure_a1d018fd.pdf,Framework Disclosure A1d018fd's 2023 Report,ENGIE,utilities_energy,2023,1,1,chunk-24301,
ragas_esg_19_03,2023_framework_disclosure_a1d018fd.pdf::chunk-24302,0,hard_negative_same_topic_or_entity,2023_framework_disclosure_a1d018fd.pdf,Framework Disclosure A1d018fd's 2023 Report,ENGIE,utilities_energy,2023,1,1,chunk-24302,
ragas_esg_19_03,2025_sustainability_report_0478ad88.pdf::chunk-24546,0,hard_negative_same_topic_or_entity,2025_sustainability_report_0478ad88.pdf,0478ad88's 2025 Sustainability Report,ENGIE,utilities_energy,2025,1,5,chunk-24546,2024 ESG AT ENGIE 1 ESG at ENGIE 2024
ragas_esg_19_04,2021_integrated_report_1efcc316.pdf::chunk-24164,0,hard_negative_same_topic_or_entity,2021_integrated_report_1efcc316.pdf,1efcc316's 2021 Integrated Report,ENGIE,utilities_energy,2021,5,6,chunk-24164,
ragas_esg_19_04,2021_integrated_report_1efcc316.pdf::chunk-24165,0,hard_negative_same_topic_or_entity,2021_integrated_report_1efcc316.pdf,1efcc316's 2021 Integrated Report,ENGIE,utilities_energy,2021,6,8,chunk-24165,
ragas_esg_19_04,2023_framework_disclosure_a1d018fd.pdf::chunk-24301,0,hard_negative_same_topic_or_entity,2023_framework_disclosure_a1d018fd.pdf,Framework Disclosure A1d018fd's 2023 Report,ENGIE,utilities_energy,2023,1,1,chunk-24301,
ragas_esg_19_04,2023_framework_disclosure_a1d018fd.pdf::chunk-24302,0,hard_negative_same_topic_or_entity,2023_framework_disclosure_a1d018fd.pdf,Framework Disclosure A1d018fd's 2023 Report,ENGIE,utilities_energy,2023,1,1,chunk-24302,
ragas_esg_19_04,2025_sustainability_report_0478ad88.pdf::chunk-24546,0,hard_negative_same_topic_or_entity,2025_sustainability_report_0478ad88.pdf,0478ad88's 2025 Sustainability Report,ENGIE,utilities_energy,2025,1,5,chunk-24546,2024 ESG AT ENGIE 1 ESG at ENGIE 2024
ragas_esg_20_01,2024_sustainability_report_c73e004c.pdf::chunk-28839,0,hard_negative_same_topic_or_entity,2024_sustainability_report_c73e004c.pdf,C73e004c's 2024 Sustainability Report,Schneider,industrial_energy_management,2024,1,3,chunk-28839,
ragas_esg_20_01,2024_sustainability_report_c73e004c.pdf::chunk-28840,0,hard_negative_same_topic_or_entity,2024_sustainability_report_c73e004c.pdf,C73e004c's 2024 Sustainability Report,Schneider,industrial_energy_management,2024,3,3,chunk-28840,
ragas_esg_20_01,2024_urd_c73e004c.pdf::chunk-29204,0,hard_negative_same_topic_or_entity,2024_urd_c73e004c.pdf,URD C73e004c's 2024 Report,Schneider,industrial_energy_management,2024,1,3,chunk-29204,
ragas_esg_20_01,2024_urd_c73e004c.pdf::chunk-29205,0,hard_negative_same_topic_or_entity,2024_urd_c73e004c.pdf,URD C73e004c's 2024 Report,Schneider,industrial_energy_management,2024,3,3,chunk-29205,
ragas_esg_20_01,IB_Sustainability_Report.pdf::chunk-0053,0,hard_negative_same_topic_or_entity,IB_Sustainability_Report.pdf,IB's Sustainability Report,Iberdrola,utilities_power,,2,5,chunk-0053,
ragas_esg_20_02,2024_sustainability_report_c73e004c.pdf::chunk-28839,0,hard_negative_same_topic_or_entity,2024_sustainability_report_c73e004c.pdf,C73e004c's 2024 Sustainability Report,Schneider,industrial_energy_management,2024,1,3,chunk-28839,
ragas_esg_20_02,2024_sustainability_report_c73e004c.pdf::chunk-28840,0,hard_negative_same_topic_or_entity,2024_sustainability_report_c73e004c.pdf,C73e004c's 2024 Sustainability Report,Schneider,industrial_energy_management,2024,3,3,chunk-28840,
ragas_esg_20_02,2024_urd_c73e004c.pdf::chunk-29204,0,hard_negative_same_topic_or_entity,2024_urd_c73e004c.pdf,URD C73e004c's 2024 Report,Schneider,industrial_energy_management,2024,1,3,chunk-29204,
ragas_esg_20_02,2024_urd_c73e004c.pdf::chunk-29205,0,hard_negative_same_topic_or_entity,2024_urd_c73e004c.pdf,URD C73e004c's 2024 Report,Schneider,industrial_energy_management,2024,3,3,chunk-29205,
ragas_esg_20_02,IB_Sustainability_Report.pdf::chunk-0053,0,hard_negative_same_topic_or_entity,IB_Sustainability_Report.pdf,IB's Sustainability Report,Iberdrola,utilities_power,,2,5,chunk-0053,
ragas_esg_20_03,2024_sustainability_report_c73e004c.pdf::chunk-28839,0,hard_negative_same_topic_or_entity,2024_sustainability_report_c73e004c.pdf,C73e004c's 2024 Sustainability Report,Schneider,industrial_energy_management,2024,1,3,chunk-28839,
ragas_esg_20_03,2024_sustainability_report_c73e004c.pdf::chunk-28840,0,hard_negative_same_topic_or_entity,2024_sustainability_report_c73e004c.pdf,C73e004c's 2024 Sustainability Report,Schneider,industrial_energy_management,2024,3,3,chunk-28840,
ragas_esg_20_03,2024_urd_c73e004c.pdf::chunk-29204,0,hard_negative_same_topic_or_entity,2024_urd_c73e004c.pdf,URD C73e004c's 2024 Report,Schneider,industrial_energy_management,2024,1,3,chunk-29204,
ragas_esg_20_03,2024_urd_c73e004c.pdf::chunk-29205,0,hard_negative_same_topic_or_entity,2024_urd_c73e004c.pdf,URD C73e004c's 2024 Report,Schneider,industrial_energy_management,2024,3,3,chunk-29205,
ragas_esg_20_03,IB_Sustainability_Report.pdf::chunk-0053,0,hard_negative_same_topic_or_entity,IB_Sustainability_Report.pdf,IB's Sustainability Report,Iberdrola,utilities_power,,2,5,chunk-0053,
ragas_esg_20_04,2024_sustainability_report_c73e004c.pdf::chunk-28839,0,hard_negative_same_topic_or_entity,2024_sustainability_report_c73e004c.pdf,C73e004c's 2024 Sustainability Report,Schneider,industrial_energy_management,2024,1,3,chunk-28839,
ragas_esg_20_04,2024_sustainability_report_c73e004c.pdf::chunk-28840,0,hard_negative_same_topic_or_entity,2024_sustainability_report_c73e004c.pdf,C73e004c's 2024 Sustainability Report,Schneider,industrial_energy_management,2024,3,3,chunk-28840,
ragas_esg_20_04,2024_urd_c73e004c.pdf::chunk-29204,0,hard_negative_same_topic_or_entity,2024_urd_c73e004c.pdf,URD C73e004c's 2024 Report,Schneider,industrial_energy_management,2024,1,3,chunk-29204,
ragas_esg_20_04,2024_urd_c73e004c.pdf::chunk-29205,0,hard_negative_same_topic_or_entity,2024_urd_c73e004c.pdf,URD C73e004c's 2024 Report,Schneider,industrial_energy_management,2024,3,3,chunk-29205,
ragas_esg_20_04,IB_Sustainability_Report.pdf::chunk-0053,0,hard_negative_same_topic_or_entity,IB_Sustainability_Report.pdf,IB's Sustainability Report,Iberdrola,utilities_power,,2,5,chunk-0053,
ragas_esg_21_01,2023_integrated_report_c47ec973.pdf::chunk-11678,0,hard_negative_same_topic_or_entity,2023_integrated_report_c47ec973.pdf,C47ec973's 2023 Integrated Report,Danone,food_beverage,2023,1,3,chunk-11678,1 2 APRIL 2024 ANNUAL INTEGRATED REPORT Danone’s sustainability performance 2023
ragas_esg_21_01,2023_integrated_report_c47ec973.pdf::chunk-11679,0,hard_negative_same_topic_or_entity,2023_integrated_report_c47ec973.pdf,C47ec973's 2023 Integrated Report,Danone,food_beverage,2023,3,4,chunk-11679,
ragas_esg_21_01,2024_thematic_report_24be3308.pdf::chunk-13166,0,hard_negative_same_topic_or_entity,2024_thematic_report_24be3308.pdf,Thematic 24be3308's 2024 Report,Danone,food_beverage,2024,1,1,chunk-13166,
ragas_esg_21_01,2024_thematic_report_24be3308.pdf::chunk-13167,0,hard_negative_same_topic_or_entity,2024_thematic_report_24be3308.pdf,Thematic 24be3308's 2024 Report,Danone,food_beverage,2024,1,1,chunk-13167,S Y S T E M O F P A R T N E R S T H R I V I N G P E O P L E
ragas_esg_21_01,2025_integrated_report_c3cd8894.pdf::chunk-13237,0,hard_negative_same_topic_or_entity,2025_integrated_report_c3cd8894.pdf,C3cd8894's 2025 Integrated Report,Danone,food_beverage,2025,1,2,chunk-13237,2025 Danone’s performance and impact ANNUAL INTEGRATED REPORT APRIL 2026
ragas_esg_21_02,2023_integrated_report_c47ec973.pdf::chunk-11678,0,hard_negative_same_topic_or_entity,2023_integrated_report_c47ec973.pdf,C47ec973's 2023 Integrated Report,Danone,food_beverage,2023,1,3,chunk-11678,1 2 APRIL 2024 ANNUAL INTEGRATED REPORT Danone’s sustainability performance 2023
ragas_esg_21_02,2023_integrated_report_c47ec973.pdf::chunk-11679,0,hard_negative_same_topic_or_entity,2023_integrated_report_c47ec973.pdf,C47ec973's 2023 Integrated Report,Danone,food_beverage,2023,3,4,chunk-11679,
ragas_esg_21_02,2024_thematic_report_24be3308.pdf::chunk-13166,0,hard_negative_same_topic_or_entity,2024_thematic_report_24be3308.pdf,Thematic 24be3308's 2024 Report,Danone,food_beverage,2024,1,1,chunk-13166,
ragas_esg_21_02,2024_thematic_report_24be3308.pdf::chunk-13167,0,hard_negative_same_topic_or_entity,2024_thematic_report_24be3308.pdf,Thematic 24be3308's 2024 Report,Danone,food_beverage,2024,1,1,chunk-13167,S Y S T E M O F P A R T N E R S T H R I V I N G P E O P L E
ragas_esg_21_02,2025_integrated_report_c3cd8894.pdf::chunk-13237,0,hard_negative_same_topic_or_entity,2025_integrated_report_c3cd8894.pdf,C3cd8894's 2025 Integrated Report,Danone,food_beverage,2025,1,2,chunk-13237,2025 Danone’s performance and impact ANNUAL INTEGRATED REPORT APRIL 2026
ragas_esg_21_03,2023_integrated_report_c47ec973.pdf::chunk-11678,0,hard_negative_same_topic_or_entity,2023_integrated_report_c47ec973.pdf,C47ec973's 2023 Integrated Report,Danone,food_beverage,2023,1,3,chunk-11678,1 2 APRIL 2024 ANNUAL INTEGRATED REPORT Danone’s sustainability performance 2023
ragas_esg_21_03,2023_integrated_report_c47ec973.pdf::chunk-11679,0,hard_negative_same_topic_or_entity,2023_integrated_report_c47ec973.pdf,C47ec973's 2023 Integrated Report,Danone,food_beverage,2023,3,4,chunk-11679,
ragas_esg_21_03,2024_thematic_report_24be3308.pdf::chunk-13166,0,hard_negative_same_topic_or_entity,2024_thematic_report_24be3308.pdf,Thematic 24be3308's 2024 Report,Danone,food_beverage,2024,1,1,chunk-13166,
ragas_esg_21_03,2024_thematic_report_24be3308.pdf::chunk-13167,0,hard_negative_same_topic_or_entity,2024_thematic_report_24be3308.pdf,Thematic 24be3308's 2024 Report,Danone,food_beverage,2024,1,1,chunk-13167,S Y S T E M O F P A R T N E R S T H R I V I N G P E O P L E
ragas_esg_21_03,2025_integrated_report_c3cd8894.pdf::chunk-13237,0,hard_negative_same_topic_or_entity,2025_integrated_report_c3cd8894.pdf,C3cd8894's 2025 Integrated Report,Danone,food_beverage,2025,1,2,chunk-13237,2025 Danone’s performance and impact ANNUAL INTEGRATED REPORT APRIL 2026
ragas_esg_21_04,2023_integrated_report_c47ec973.pdf::chunk-11678,0,hard_negative_same_topic_or_entity,2023_integrated_report_c47ec973.pdf,C47ec973's 2023 Integrated Report,Danone,food_beverage,2023,1,3,chunk-11678,1 2 APRIL 2024 ANNUAL INTEGRATED REPORT Danone’s sustainability performance 2023
ragas_esg_21_04,2023_integrated_report_c47ec973.pdf::chunk-11679,0,hard_negative_same_topic_or_entity,2023_integrated_report_c47ec973.pdf,C47ec973's 2023 Integrated Report,Danone,food_beverage,2023,3,4,chunk-11679,
ragas_esg_21_04,2024_thematic_report_24be3308.pdf::chunk-13166,0,hard_negative_same_topic_or_entity,2024_thematic_report_24be3308.pdf,Thematic 24be3308's 2024 Report,Danone,food_beverage,2024,1,1,chunk-13166,
ragas_esg_21_04,2024_thematic_report_24be3308.pdf::chunk-13167,0,hard_negative_same_topic_or_entity,2024_thematic_report_24be3308.pdf,Thematic 24be3308's 2024 Report,Danone,food_beverage,2024,1,1,chunk-13167,S Y S T E M O F P A R T N E R S T H R I V I N G P E O P L E
ragas_esg_21_04,2025_integrated_report_c3cd8894.pdf::chunk-13237,0,hard_negative_same_topic_or_entity,2025_integrated_report_c3cd8894.pdf,C3cd8894's 2025 Integrated Report,Danone,food_beverage,2025,1,2,chunk-13237,2025 Danone’s performance and impact ANNUAL INTEGRATED REPORT APRIL 2026
ragas_esg_22_01,2011_sustainability_report_73deaa4c.pdf::chunk-16601,0,hard_negative_same_topic_or_entity,2011_sustainability_report_73deaa4c.pdf,73deaa4c's 2011 Sustainability Report,Enel,utilities_power,2011,1,7,chunk-16601,C E R T I F I E D B Y T H E C R F I N S T I T U T E
ragas_esg_22_01,2011_sustainability_report_73deaa4c.pdf::chunk-16602,0,hard_negative_same_topic_or_entity,2011_sustainability_report_73deaa4c.pdf,73deaa4c's 2011 Sustainability Report,Enel,utilities_power,2011,6,9,chunk-16602,3.5.1 Listening and discussing 122
ragas_esg_22_01,2019_framework_disclosure_c403a763.pdf::chunk-19209,0,hard_negative_same_topic_or_entity,2019_framework_disclosure_c403a763.pdf,Framework Disclosure C403a763's 2019 Report,Enel,utilities_power,2019,6,7,chunk-19209,"2017 Renewables 1,237 mil euros 3,319 9,165,814 2018"
ragas_esg_22_01,2019_framework_disclosure_c403a763.pdf::chunk-19210,0,hard_negative_same_topic_or_entity,2019_framework_disclosure_c403a763.pdf,Framework Disclosure C403a763's 2019 Report,Enel,utilities_power,2019,7,8,chunk-19210,
ragas_esg_22_01,2023_sustainability_report_0915a868.pdf::chunk-21859,0,hard_negative_same_topic_or_entity,2023_sustainability_report_0915a868.pdf,0915a868's 2023 Sustainability Report,Enel,utilities_power,2023,1,1,chunk-21859,"1 Half-year sustainability disclosures at June 30, 2023"
ragas_esg_22_02,2011_sustainability_report_73deaa4c.pdf::chunk-16601,0,hard_negative_same_topic_or_entity,2011_sustainability_report_73deaa4c.pdf,73deaa4c's 2011 Sustainability Report,Enel,utilities_power,2011,1,7,chunk-16601,C E R T I F I E D B Y T H E C R F I N S T I T U T E
ragas_esg_22_02,2011_sustainability_report_73deaa4c.pdf::chunk-16602,0,hard_negative_same_topic_or_entity,2011_sustainability_report_73deaa4c.pdf,73deaa4c's 2011 Sustainability Report,Enel,utilities_power,2011,6,9,chunk-16602,3.5.1 Listening and discussing 122
ragas_esg_22_02,2019_framework_disclosure_c403a763.pdf::chunk-19206,0,hard_negative_same_topic_or_entity,2019_framework_disclosure_c403a763.pdf,Framework Disclosure C403a763's 2019 Report,Enel,utilities_power,2019,1,4,chunk-19206,WE EMPOWER SUSTAINABLE PROGRESS. OPEN POWER FOR A BRIGHTER FUTURE. GREEN BOND REPORT 2019
ragas_esg_22_02,2019_framework_disclosure_c403a763.pdf::chunk-19207,0,hard_negative_same_topic_or_entity,2019_framework_disclosure_c403a763.pdf,Framework Disclosure C403a763's 2019 Report,Enel,utilities_power,2019,4,5,chunk-19207,
ragas_esg_22_02,2023_sustainability_report_0915a868.pdf::chunk-21859,0,hard_negative_same_topic_or_entity,2023_sustainability_report_0915a868.pdf,0915a868's 2023 Sustainability Report,Enel,utilities_power,2023,1,1,chunk-21859,"1 Half-year sustainability disclosures at June 30, 2023"
ragas_esg_22_03,2011_sustainability_report_73deaa4c.pdf::chunk-16601,0,hard_negative_same_topic_or_entity,2011_sustainability_report_73deaa4c.pdf,73deaa4c's 2011 Sustainability Report,Enel,utilities_power,2011,1,7,chunk-16601,C E R T I F I E D B Y T H E C R F I N S T I T U T E
ragas_esg_22_03,2011_sustainability_report_73deaa4c.pdf::chunk-16602,0,hard_negative_same_topic_or_entity,2011_sustainability_report_73deaa4c.pdf,73deaa4c's 2011 Sustainability Report,Enel,utilities_power,2011,6,9,chunk-16602,3.5.1 Listening and discussing 122
ragas_esg_22_03,2019_framework_disclosure_c403a763.pdf::chunk-19206,0,hard_negative_same_topic_or_entity,2019_framework_disclosure_c403a763.pdf,Framework Disclosure C403a763's 2019 Report,Enel,utilities_power,2019,1,4,chunk-19206,WE EMPOWER SUSTAINABLE PROGRESS. OPEN POWER FOR A BRIGHTER FUTURE. GREEN BOND REPORT 2019
ragas_esg_22_03,2019_framework_disclosure_c403a763.pdf::chunk-19207,0,hard_negative_same_topic_or_entity,2019_framework_disclosure_c403a763.pdf,Framework Disclosure C403a763's 2019 Report,Enel,utilities_power,2019,4,5,chunk-19207,
ragas_esg_22_03,2023_sustainability_report_0915a868.pdf::chunk-21859,0,hard_negative_same_topic_or_entity,2023_sustainability_report_0915a868.pdf,0915a868's 2023 Sustainability Report,Enel,utilities_power,2023,1,1,chunk-21859,"1 Half-year sustainability disclosures at June 30, 2023"
ragas_esg_22_04,2011_sustainability_report_73deaa4c.pdf::chunk-16601,0,hard_negative_same_topic_or_entity,2011_sustainability_report_73deaa4c.pdf,73deaa4c's 2011 Sustainability Report,Enel,utilities_power,2011,1,7,chunk-16601,C E R T I F I E D B Y T H E C R F I N S T I T U T E
ragas_esg_22_04,2011_sustainability_report_73deaa4c.pdf::chunk-16602,0,hard_negative_same_topic_or_entity,2011_sustainability_report_73deaa4c.pdf,73deaa4c's 2011 Sustainability Report,Enel,utilities_power,2011,6,9,chunk-16602,3.5.1 Listening and discussing 122
ragas_esg_22_04,2019_framework_disclosure_c403a763.pdf::chunk-19206,0,hard_negative_same_topic_or_entity,2019_framework_disclosure_c403a763.pdf,Framework Disclosure C403a763's 2019 Report,Enel,utilities_power,2019,1,4,chunk-19206,WE EMPOWER SUSTAINABLE PROGRESS. OPEN POWER FOR A BRIGHTER FUTURE. GREEN BOND REPORT 2019
ragas_esg_22_04,2019_framework_disclosure_c403a763.pdf::chunk-19207,0,hard_negative_same_topic_or_entity,2019_framework_disclosure_c403a763.pdf,Framework Disclosure C403a763's 2019 Report,Enel,utilities_power,2019,4,5,chunk-19207,
ragas_esg_22_04,2023_sustainability_report_0915a868.pdf::chunk-21859,0,hard_negative_same_topic_or_entity,2023_sustainability_report_0915a868.pdf,0915a868's 2023 Sustainability Report,Enel,utilities_power,2023,1,1,chunk-21859,"1 Half-year sustainability disclosures at June 30, 2023"
ragas_esg_23_01,2011_sustainability_report_73deaa4c.pdf::chunk-16601,0,hard_negative_same_topic_or_entity,2011_sustainability_report_73deaa4c.pdf,73deaa4c's 2011 Sustainability Report,Enel,utilities_power,2011,1,7,chunk-16601,C E R T I F I E D B Y T H E C R F I N S T I T U T E
ragas_esg_23_01,2011_sustainability_report_73deaa4c.pdf::chunk-16602,0,hard_negative_same_topic_or_entity,2011_sustainability_report_73deaa4c.pdf,73deaa4c's 2011 Sustainability Report,Enel,utilities_power,2011,6,9,chunk-16602,3.5.1 Listening and discussing 122
ragas_esg_23_01,2019_framework_disclosure_c403a763.pdf::chunk-19206,0,hard_negative_same_topic_or_entity,2019_framework_disclosure_c403a763.pdf,Framework Disclosure C403a763's 2019 Report,Enel,utilities_power,2019,1,4,chunk-19206,WE EMPOWER SUSTAINABLE PROGRESS. OPEN POWER FOR A BRIGHTER FUTURE. GREEN BOND REPORT 2019
ragas_esg_23_01,2019_framework_disclosure_c403a763.pdf::chunk-19207,0,hard_negative_same_topic_or_entity,2019_framework_disclosure_c403a763.pdf,Framework Disclosure C403a763's 2019 Report,Enel,utilities_power,2019,4,5,chunk-19207,
ragas_esg_23_01,2023_sustainability_report_0915a868.pdf::chunk-21859,0,hard_negative_same_topic_or_entity,2023_sustainability_report_0915a868.pdf,0915a868's 2023 Sustainability Report,Enel,utilities_power,2023,1,1,chunk-21859,"1 Half-year sustainability disclosures at June 30, 2023"
ragas_esg_23_02,2011_sustainability_report_73deaa4c.pdf::chunk-16601,0,hard_negative_same_topic_or_entity,2011_sustainability_report_73deaa4c.pdf,73deaa4c's 2011 Sustainability Report,Enel,utilities_power,2011,1,7,chunk-16601,C E R T I F I E D B Y T H E C R F I N S T I T U T E
ragas_esg_23_02,2011_sustainability_report_73deaa4c.pdf::chunk-16602,0,hard_negative_same_topic_or_entity,2011_sustainability_report_73deaa4c.pdf,73deaa4c's 2011 Sustainability Report,Enel,utilities_power,2011,6,9,chunk-16602,3.5.1 Listening and discussing 122
ragas_esg_23_02,2019_framework_disclosure_c403a763.pdf::chunk-19206,0,hard_negative_same_topic_or_entity,2019_framework_disclosure_c403a763.pdf,Framework Disclosure C403a763's 2019 Report,Enel,utilities_power,2019,1,4,chunk-19206,WE EMPOWER SUSTAINABLE PROGRESS. OPEN POWER FOR A BRIGHTER FUTURE. GREEN BOND REPORT 2019
ragas_esg_23_02,2019_framework_disclosure_c403a763.pdf::chunk-19207,0,hard_negative_same_topic_or_entity,2019_framework_disclosure_c403a763.pdf,Framework Disclosure C403a763's 2019 Report,Enel,utilities_power,2019,4,5,chunk-19207,
ragas_esg_23_02,2023_sustainability_report_0915a868.pdf::chunk-21859,0,hard_negative_same_topic_or_entity,2023_sustainability_report_0915a868.pdf,0915a868's 2023 Sustainability Report,Enel,utilities_power,2023,1,1,chunk-21859,"1 Half-year sustainability disclosures at June 30, 2023"
ragas_esg_23_03,2011_sustainability_report_73deaa4c.pdf::chunk-16601,0,hard_negative_same_topic_or_entity,2011_sustainability_report_73deaa4c.pdf,73deaa4c's 2011 Sustainability Report,Enel,utilities_power,2011,1,7,chunk-16601,C E R T I F I E D B Y T H E C R F I N S T I T U T E
ragas_esg_23_03,2011_sustainability_report_73deaa4c.pdf::chunk-16602,0,hard_negative_same_topic_or_entity,2011_sustainability_report_73deaa4c.pdf,73deaa4c's 2011 Sustainability Report,Enel,utilities_power,2011,6,9,chunk-16602,3.5.1 Listening and discussing 122
ragas_esg_23_03,2019_framework_disclosure_c403a763.pdf::chunk-19206,0,hard_negative_same_topic_or_entity,2019_framework_disclosure_c403a763.pdf,Framework Disclosure C403a763's 2019 Report,Enel,utilities_power,2019,1,4,chunk-19206,WE EMPOWER SUSTAINABLE PROGRESS. OPEN POWER FOR A BRIGHTER FUTURE. GREEN BOND REPORT 2019
ragas_esg_23_03,2019_framework_disclosure_c403a763.pdf::chunk-19207,0,hard_negative_same_topic_or_entity,2019_framework_disclosure_c403a763.pdf,Framework Disclosure C403a763's 2019 Report,Enel,utilities_power,2019,4,5,chunk-19207,
ragas_esg_23_03,2023_sustainability_report_0915a868.pdf::chunk-21859,0,hard_negative_same_topic_or_entity,2023_sustainability_report_0915a868.pdf,0915a868's 2023 Sustainability Report,Enel,utilities_power,2023,1,1,chunk-21859,"1 Half-year sustainability disclosures at June 30, 2023"
ragas_esg_23_04,2011_sustainability_report_73deaa4c.pdf::chunk-16601,0,hard_negative_same_topic_or_entity,2011_sustainability_report_73deaa4c.pdf,73deaa4c's 2011 Sustainability Report,Enel,utilities_power,2011,1,7,chunk-16601,C E R T I F I E D B Y T H E C R F I N S T I T U T E
ragas_esg_23_04,2011_sustainability_report_73deaa4c.pdf::chunk-16602,0,hard_negative_same_topic_or_entity,2011_sustainability_report_73deaa4c.pdf,73deaa4c's 2011 Sustainability Report,Enel,utilities_power,2011,6,9,chunk-16602,3.5.1 Listening and discussing 122
ragas_esg_23_04,2019_framework_disclosure_c403a763.pdf::chunk-19206,0,hard_negative_same_topic_or_entity,2019_framework_disclosure_c403a763.pdf,Framework Disclosure C403a763's 2019 Report,Enel,utilities_power,2019,1,4,chunk-19206,WE EMPOWER SUSTAINABLE PROGRESS. OPEN POWER FOR A BRIGHTER FUTURE. GREEN BOND REPORT 2019
ragas_esg_23_04,2019_framework_disclosure_c403a763.pdf::chunk-19207,0,hard_negative_same_topic_or_entity,2019_framework_disclosure_c403a763.pdf,Framework Disclosure C403a763's 2019 Report,Enel,utilities_power,2019,4,5,chunk-19207,
ragas_esg_23_04,2023_sustainability_report_0915a868.pdf::chunk-21859,0,hard_negative_same_topic_or_entity,2023_sustainability_report_0915a868.pdf,0915a868's 2023 Sustainability Report,Enel,utilities_power,2023,1,1,chunk-21859,"1 Half-year sustainability disclosures at June 30, 2023"
ragas_esg_24_01,2024_thematic_report_c221f368.pdf::chunk-31823,0,hard_negative_same_topic_or_entity,2024_thematic_report_c221f368.pdf,Thematic C221f368's 2024 Report,TotalEnergies,oil_gas_energy,2024,1,3,chunk-31823,
ragas_esg_24_01,2024_thematic_report_c221f368.pdf::chunk-31824,0,hard_negative_same_topic_or_entity,2024_thematic_report_c221f368.pdf,Thematic C221f368's 2024 Report,TotalEnergies,oil_gas_energy,2024,3,4,chunk-31824,
ragas_esg_24_01,undated_framework_disclosure_c0d92cc2.pdf::chunk-34286,0,hard_negative_same_topic_or_entity,undated_framework_disclosure_c0d92cc2.pdf,Undated Framework Disclosure C0d92cc2's Report,TotalEnergies,oil_gas_energy,,1,2,chunk-34286,
ragas_esg_24_01,undated_framework_disclosure_c0d92cc2.pdf::chunk-34287,0,hard_negative_same_topic_or_entity,undated_framework_disclosure_c0d92cc2.pdf,Undated Framework Disclosure C0d92cc2's Report,TotalEnergies,oil_gas_energy,,2,5,chunk-34287,
ragas_esg_24_01,IB_Sustainability_Report.pdf::chunk-0053,0,hard_negative_same_topic_or_entity,IB_Sustainability_Report.pdf,IB's Sustainability Report,Iberdrola,utilities_power,,2,5,chunk-0053,
ragas_esg_24_02,2024_thematic_report_c221f368.pdf::chunk-31823,0,hard_negative_same_topic_or_entity,2024_thematic_report_c221f368.pdf,Thematic C221f368's 2024 Report,TotalEnergies,oil_gas_energy,2024,1,3,chunk-31823,
ragas_esg_24_02,2024_thematic_report_c221f368.pdf::chunk-31824,0,hard_negative_same_topic_or_entity,2024_thematic_report_c221f368.pdf,Thematic C221f368's 2024 Report,TotalEnergies,oil_gas_energy,2024,3,4,chunk-31824,
ragas_esg_24_02,undated_framework_disclosure_c0d92cc2.pdf::chunk-34286,0,hard_negative_same_topic_or_entity,undated_framework_disclosure_c0d92cc2.pdf,Undated Framework Disclosure C0d92cc2's Report,TotalEnergies,oil_gas_energy,,1,2,chunk-34286,
ragas_esg_24_02,undated_framework_disclosure_c0d92cc2.pdf::chunk-34287,0,hard_negative_same_topic_or_entity,undated_framework_disclosure_c0d92cc2.pdf,Undated Framework Disclosure C0d92cc2's Report,TotalEnergies,oil_gas_energy,,2,5,chunk-34287,
ragas_esg_24_02,IB_Sustainability_Report.pdf::chunk-0053,0,hard_negative_same_topic_or_entity,IB_Sustainability_Report.pdf,IB's Sustainability Report,Iberdrola,utilities_power,,2,5,chunk-0053,
ragas_esg_24_03,2024_thematic_report_c221f368.pdf::chunk-31823,0,hard_negative_same_topic_or_entity,2024_thematic_report_c221f368.pdf,Thematic C221f368's 2024 Report,TotalEnergies,oil_gas_energy,2024,1,3,chunk-31823,
ragas_esg_24_03,2024_thematic_report_c221f368.pdf::chunk-31824,0,hard_negative_same_topic_or_entity,2024_thematic_report_c221f368.pdf,Thematic C221f368's 2024 Report,TotalEnergies,oil_gas_energy,2024,3,4,chunk-31824,
ragas_esg_24_03,undated_framework_disclosure_c0d92cc2.pdf::chunk-34286,0,hard_negative_same_topic_or_entity,undated_framework_disclosure_c0d92cc2.pdf,Undated Framework Disclosure C0d92cc2's Report,TotalEnergies,oil_gas_energy,,1,2,chunk-34286,
ragas_esg_24_03,undated_framework_disclosure_c0d92cc2.pdf::chunk-34287,0,hard_negative_same_topic_or_entity,undated_framework_disclosure_c0d92cc2.pdf,Undated Framework Disclosure C0d92cc2's Report,TotalEnergies,oil_gas_energy,,2,5,chunk-34287,
ragas_esg_24_03,IB_Sustainability_Report.pdf::chunk-0058,0,hard_negative_same_topic_or_entity,IB_Sustainability_Report.pdf,IB's Sustainability Report,Iberdrola,utilities_power,,9,12,chunk-0058,
ragas_esg_24_04,2024_thematic_report_c221f368.pdf::chunk-31823,0,hard_negative_same_topic_or_entity,2024_thematic_report_c221f368.pdf,Thematic C221f368's 2024 Report,TotalEnergies,oil_gas_energy,2024,1,3,chunk-31823,
ragas_esg_24_04,2024_thematic_report_c221f368.pdf::chunk-31824,0,hard_negative_same_topic_or_entity,2024_thematic_report_c221f368.pdf,Thematic C221f368's 2024 Report,TotalEnergies,oil_gas_energy,2024,3,4,chunk-31824,
ragas_esg_24_04,undated_framework_disclosure_c0d92cc2.pdf::chunk-34286,0,hard_negative_same_topic_or_entity,undated_framework_disclosure_c0d92cc2.pdf,Undated Framework Disclosure C0d92cc2's Report,TotalEnergies,oil_gas_energy,,1,2,chunk-34286,
ragas_esg_24_04,undated_framework_disclosure_c0d92cc2.pdf::chunk-34287,0,hard_negative_same_topic_or_entity,undated_framework_disclosure_c0d92cc2.pdf,Undated Framework Disclosure C0d92cc2's Report,TotalEnergies,oil_gas_energy,,2,5,chunk-34287,
ragas_esg_24_04,IB_Sustainability_Report.pdf::chunk-0054,0,hard_negative_same_topic_or_entity,IB_Sustainability_Report.pdf,IB's Sustainability Report,Iberdrola,utilities_power,,5,6,chunk-0054,
ragas_esg_25_01,2024_annual_report_9ab2a528.pdf::chunk-37546,0,hard_negative_same_topic_or_entity,2024_annual_report_9ab2a528.pdf,9ab2a528's 2024 Annual Report,Volkswagen,automotive,2024,1,2,chunk-37546,470 Consolidated Financial Statements Income Statement
ragas_esg_25_01,2024_annual_report_9ab2a528.pdf::chunk-37547,0,hard_negative_same_topic_or_entity,2024_annual_report_9ab2a528.pdf,9ab2a528's 2024 Annual Report,Volkswagen,automotive,2024,2,2,chunk-37547,
ragas_esg_25_01,2024_framework_disclosure_082a3c71.pdf::chunk-38956,0,hard_negative_same_topic_or_entity,2024_framework_disclosure_082a3c71.pdf,Framework Disclosure 082a3c71's 2024 Report,Volkswagen,automotive,2024,1,2,chunk-38956,
ragas_esg_25_01,2024_framework_disclosure_082a3c71.pdf::chunk-38957,0,hard_negative_same_topic_or_entity,2024_framework_disclosure_082a3c71.pdf,Framework Disclosure 082a3c71's 2024 Report,Volkswagen,automotive,2024,2,2,chunk-38957,
ragas_esg_25_01,2025_annual_report_1b21309a.pdf::chunk-39359,0,hard_negative_same_topic_or_entity,2025_annual_report_1b21309a.pdf,1b21309a's 2025 Annual Report,Volkswagen,automotive,2025,1,3,chunk-39359,
ragas_esg_25_02,2024_annual_report_9ab2a528.pdf::chunk-37546,0,hard_negative_same_topic_or_entity,2024_annual_report_9ab2a528.pdf,9ab2a528's 2024 Annual Report,Volkswagen,automotive,2024,1,2,chunk-37546,470 Consolidated Financial Statements Income Statement
ragas_esg_25_02,2024_annual_report_9ab2a528.pdf::chunk-37547,0,hard_negative_same_topic_or_entity,2024_annual_report_9ab2a528.pdf,9ab2a528's 2024 Annual Report,Volkswagen,automotive,2024,2,2,chunk-37547,
ragas_esg_25_02,2024_framework_disclosure_082a3c71.pdf::chunk-38956,0,hard_negative_same_topic_or_entity,2024_framework_disclosure_082a3c71.pdf,Framework Disclosure 082a3c71's 2024 Report,Volkswagen,automotive,2024,1,2,chunk-38956,
ragas_esg_25_02,2024_framework_disclosure_082a3c71.pdf::chunk-38957,0,hard_negative_same_topic_or_entity,2024_framework_disclosure_082a3c71.pdf,Framework Disclosure 082a3c71's 2024 Report,Volkswagen,automotive,2024,2,2,chunk-38957,
ragas_esg_25_02,2025_annual_report_1b21309a.pdf::chunk-39359,0,hard_negative_same_topic_or_entity,2025_annual_report_1b21309a.pdf,1b21309a's 2025 Annual Report,Volkswagen,automotive,2025,1,3,chunk-39359,
ragas_esg_25_03,2024_annual_report_9ab2a528.pdf::chunk-37546,0,hard_negative_same_topic_or_entity,2024_annual_report_9ab2a528.pdf,9ab2a528's 2024 Annual Report,Volkswagen,automotive,2024,1,2,chunk-37546,470 Consolidated Financial Statements Income Statement
ragas_esg_25_03,2024_annual_report_9ab2a528.pdf::chunk-37547,0,hard_negative_same_topic_or_entity,2024_annual_report_9ab2a528.pdf,9ab2a528's 2024 Annual Report,Volkswagen,automotive,2024,2,2,chunk-37547,
ragas_esg_25_03,2024_framework_disclosure_082a3c71.pdf::chunk-38956,0,hard_negative_same_topic_or_entity,2024_framework_disclosure_082a3c71.pdf,Framework Disclosure 082a3c71's 2024 Report,Volkswagen,automotive,2024,1,2,chunk-38956,
ragas_esg_25_03,2024_framework_disclosure_082a3c71.pdf::chunk-38957,0,hard_negative_same_topic_or_entity,2024_framework_disclosure_082a3c71.pdf,Framework Disclosure 082a3c71's 2024 Report,Volkswagen,automotive,2024,2,2,chunk-38957,
ragas_esg_25_03,2025_annual_report_1b21309a.pdf::chunk-39359,0,hard_negative_same_topic_or_entity,2025_annual_report_1b21309a.pdf,1b21309a's 2025 Annual Report,Volkswagen,automotive,2025,1,3,chunk-39359,
ragas_esg_25_04,2024_annual_report_9ab2a528.pdf::chunk-37546,0,hard_negative_same_topic_or_entity,2024_annual_report_9ab2a528.pdf,9ab2a528's 2024 Annual Report,Volkswagen,automotive,2024,1,2,chunk-37546,470 Consolidated Financial Statements Income Statement
ragas_esg_25_04,2024_annual_report_9ab2a528.pdf::chunk-37547,0,hard_negative_same_topic_or_entity,2024_annual_report_9ab2a528.pdf,9ab2a528's 2024 Annual Report,Volkswagen,automotive,2024,2,2,chunk-37547,
ragas_esg_25_04,2024_framework_disclosure_082a3c71.pdf::chunk-38956,0,hard_negative_same_topic_or_entity,2024_framework_disclosure_082a3c71.pdf,Framework Disclosure 082a3c71's 2024 Report,Volkswagen,automotive,2024,1,2,chunk-38956,
ragas_esg_25_04,2024_framework_disclosure_082a3c71.pdf::chunk-38957,0,hard_negative_same_topic_or_entity,2024_framework_disclosure_082a3c71.pdf,Framework Disclosure 082a3c71's 2024 Report,Volkswagen,automotive,2024,2,2,chunk-38957,
ragas_esg_25_04,2025_annual_report_1b21309a.pdf::chunk-39359,0,hard_negative_same_topic_or_entity,2025_annual_report_1b21309a.pdf,1b21309a's 2025 Annual Report,Volkswagen,automotive,2025,1,3,chunk-39359,
ragas_esg_26_01,Siemens_ESG.pdf::chunk-0726,0,hard_negative_same_topic_or_entity,Siemens_ESG.pdf,Siemens' ESG Report,Siemens,industrial_technology,,1,2,chunk-0726,
ragas_esg_26_01,Siemens_ESG.pdf::chunk-0727,0,hard_negative_same_topic_or_entity,Siemens_ESG.pdf,Siemens' ESG Report,Siemens,industrial_technology,,2,3,chunk-0727,4. Governance information 4.1 Business conduct 4.2 Cybersecurity and data privacy
ragas_esg_26_01,2018_sustainability_report_43841182.pdf::chunk-29648,0,hard_negative_same_topic_or_entity,2018_sustainability_report_43841182.pdf,43841182's 2018 Sustainability Report,Siemens,industrial_technology,2018,1,2,chunk-29648,
ragas_esg_26_01,2018_sustainability_report_43841182.pdf::chunk-29649,0,hard_negative_same_topic_or_entity,2018_sustainability_report_43841182.pdf,43841182's 2018 Sustainability Report,Siemens,industrial_technology,2018,2,2,chunk-29649,
ragas_esg_26_01,2019_sustainability_report_9e6add42.pdf::chunk-29727,0,hard_negative_same_topic_or_entity,2019_sustainability_report_9e6add42.pdf,9e6add42's 2019 Sustainability Report,Siemens,industrial_technology,2019,1,2,chunk-29727,
ragas_esg_26_02,Siemens_ESG.pdf::chunk-0726,0,hard_negative_same_topic_or_entity,Siemens_ESG.pdf,Siemens' ESG Report,Siemens,industrial_technology,,1,2,chunk-0726,
ragas_esg_26_02,Siemens_ESG.pdf::chunk-0727,0,hard_negative_same_topic_or_entity,Siemens_ESG.pdf,Siemens' ESG Report,Siemens,industrial_technology,,2,3,chunk-0727,4. Governance information 4.1 Business conduct 4.2 Cybersecurity and data privacy
ragas_esg_26_02,2018_sustainability_report_43841182.pdf::chunk-29648,0,hard_negative_same_topic_or_entity,2018_sustainability_report_43841182.pdf,43841182's 2018 Sustainability Report,Siemens,industrial_technology,2018,1,2,chunk-29648,
ragas_esg_26_02,2018_sustainability_report_43841182.pdf::chunk-29649,0,hard_negative_same_topic_or_entity,2018_sustainability_report_43841182.pdf,43841182's 2018 Sustainability Report,Siemens,industrial_technology,2018,2,2,chunk-29649,
ragas_esg_26_02,2019_sustainability_report_9e6add42.pdf::chunk-29727,0,hard_negative_same_topic_or_entity,2019_sustainability_report_9e6add42.pdf,9e6add42's 2019 Sustainability Report,Siemens,industrial_technology,2019,1,2,chunk-29727,
ragas_esg_26_03,Siemens_ESG.pdf::chunk-0726,0,hard_negative_same_topic_or_entity,Siemens_ESG.pdf,Siemens' ESG Report,Siemens,industrial_technology,,1,2,chunk-0726,
ragas_esg_26_03,Siemens_ESG.pdf::chunk-0727,0,hard_negative_same_topic_or_entity,Siemens_ESG.pdf,Siemens' ESG Report,Siemens,industrial_technology,,2,3,chunk-0727,4. Governance information 4.1 Business conduct 4.2 Cybersecurity and data privacy
ragas_esg_26_03,2018_sustainability_report_43841182.pdf::chunk-29648,0,hard_negative_same_topic_or_entity,2018_sustainability_report_43841182.pdf,43841182's 2018 Sustainability Report,Siemens,industrial_technology,2018,1,2,chunk-29648,
ragas_esg_26_03,2018_sustainability_report_43841182.pdf::chunk-29649,0,hard_negative_same_topic_or_entity,2018_sustainability_report_43841182.pdf,43841182's 2018 Sustainability Report,Siemens,industrial_technology,2018,2,2,chunk-29649,
ragas_esg_26_03,2019_sustainability_report_9e6add42.pdf::chunk-29727,0,hard_negative_same_topic_or_entity,2019_sustainability_report_9e6add42.pdf,9e6add42's 2019 Sustainability Report,Siemens,industrial_technology,2019,1,2,chunk-29727,
ragas_esg_26_04,Siemens_ESG.pdf::chunk-0726,0,hard_negative_same_topic_or_entity,Siemens_ESG.pdf,Siemens' ESG Report,Siemens,industrial_technology,,1,2,chunk-0726,
ragas_esg_26_04,Siemens_ESG.pdf::chunk-0727,0,hard_negative_same_topic_or_entity,Siemens_ESG.pdf,Siemens' ESG Report,Siemens,industrial_technology,,2,3,chunk-0727,4. Governance information 4.1 Business conduct 4.2 Cybersecurity and data privacy
ragas_esg_26_04,2018_sustainability_report_43841182.pdf::chunk-29648,0,hard_negative_same_topic_or_entity,2018_sustainability_report_43841182.pdf,43841182's 2018 Sustainability Report,Siemens,industrial_technology,2018,1,2,chunk-29648,
ragas_esg_26_04,2018_sustainability_report_43841182.pdf::chunk-29649,0,hard_negative_same_topic_or_entity,2018_sustainability_report_43841182.pdf,43841182's 2018 Sustainability Report,Siemens,industrial_technology,2018,2,2,chunk-29649,
ragas_esg_26_04,2019_sustainability_report_9e6add42.pdf::chunk-29727,0,hard_negative_same_topic_or_entity,2019_sustainability_report_9e6add42.pdf,9e6add42's 2019 Sustainability Report,Siemens,industrial_technology,2019,1,2,chunk-29727,
ragas_esg_27_01,423.esg.en.2024.pdf::chunk-5663,0,hard_negative_same_topic_or_entity,423.esg.en.2024.pdf,423's 2024 ESG Report,Unknown,unknown,2024,1,3,chunk-5663,
ragas_esg_27_01,423.esg.en.2024.pdf::chunk-5664,0,hard_negative_same_topic_or_entity,423.esg.en.2024.pdf,423's 2024 ESG Report,Unknown,unknown,2024,1,5,chunk-5664,
ragas_esg_27_01,IB_Sustainability_Report.pdf::chunk-0053,0,hard_negative_same_topic_or_entity,IB_Sustainability_Report.pdf,IB's Sustainability Report,Iberdrola,utilities_power,,2,5,chunk-0053,
ragas_esg_27_01,IB_Sustainability_Report.pdf::chunk-0054,0,hard_negative_same_topic_or_entity,IB_Sustainability_Report.pdf,IB's Sustainability Report,Iberdrola,utilities_power,,5,6,chunk-0054,
ragas_esg_27_01,Siemens_ESG.pdf::chunk-0726,0,hard_negative_same_topic_or_entity,Siemens_ESG.pdf,Siemens' ESG Report,Siemens,industrial_technology,,1,2,chunk-0726,
ragas_esg_27_02,423.esg.en.2024.pdf::chunk-5663,0,hard_negative_same_topic_or_entity,423.esg.en.2024.pdf,423's 2024 ESG Report,Unknown,unknown,2024,1,3,chunk-5663,
ragas_esg_27_02,423.esg.en.2024.pdf::chunk-5664,0,hard_negative_same_topic_or_entity,423.esg.en.2024.pdf,423's 2024 ESG Report,Unknown,unknown,2024,1,5,chunk-5664,
ragas_esg_27_02,IB_Sustainability_Report.pdf::chunk-0053,0,hard_negative_same_topic_or_entity,IB_Sustainability_Report.pdf,IB's Sustainability Report,Iberdrola,utilities_power,,2,5,chunk-0053,
ragas_esg_27_02,IB_Sustainability_Report.pdf::chunk-0054,0,hard_negative_same_topic_or_entity,IB_Sustainability_Report.pdf,IB's Sustainability Report,Iberdrola,utilities_power,,5,6,chunk-0054,
ragas_esg_27_02,Siemens_ESG.pdf::chunk-0726,0,hard_negative_same_topic_or_entity,Siemens_ESG.pdf,Siemens' ESG Report,Siemens,industrial_technology,,1,2,chunk-0726,
ragas_esg_27_03,423.esg.en.2024.pdf::chunk-5667,0,hard_negative_same_topic_or_entity,423.esg.en.2024.pdf,423's 2024 ESG Report,Unknown,unknown,2024,11,15,chunk-5667,i r o n m e n t a l R e s p o n s i b i l i t y R e p o r t
ragas_esg_27_03,423.esg.en.2024.pdf::chunk-5668,0,hard_negative_same_topic_or_entity,423.esg.en.2024.pdf,423's 2024 ESG Report,Unknown,unknown,2024,15,15,chunk-5668,
ragas_esg_27_03,IB_Sustainability_Report.pdf::chunk-0058,0,hard_negative_same_topic_or_entity,IB_Sustainability_Report.pdf,IB's Sustainability Report,Iberdrola,utilities_power,,9,12,chunk-0058,
ragas_esg_27_03,IB_Sustainability_Report.pdf::chunk-0064,0,hard_negative_same_topic_or_entity,IB_Sustainability_Report.pdf,IB's Sustainability Report,Iberdrola,utilities_power,,17,18,chunk-0064,
ragas_esg_27_03,Siemens_ESG.pdf::chunk-0726,0,hard_negative_same_topic_or_entity,Siemens_ESG.pdf,Siemens' ESG Report,Siemens,industrial_technology,,1,2,chunk-0726,
ragas_esg_27_04,423.esg.en.2024.pdf::chunk-5663,0,hard_negative_same_topic_or_entity,423.esg.en.2024.pdf,423's 2024 ESG Report,Unknown,unknown,2024,1,3,chunk-5663,
ragas_esg_27_04,423.esg.en.2024.pdf::chunk-5664,0,hard_negative_same_topic_or_entity,423.esg.en.2024.pdf,423's 2024 ESG Report,Unknown,unknown,2024,1,5,chunk-5664,
ragas_esg_27_04,IB_Sustainability_Report.pdf::chunk-0054,0,hard_negative_same_topic_or_entity,IB_Sustainability_Report.pdf,IB's Sustainability Report,Iberdrola,utilities_power,,5,6,chunk-0054,
ragas_esg_27_04,IB_Sustainability_Report.pdf::chunk-0059,0,hard_negative_same_topic_or_entity,IB_Sustainability_Report.pdf,IB's Sustainability Report,Iberdrola,utilities_power,,12,13,chunk-0059,
ragas_esg_27_04,Siemens_ESG.pdf::chunk-0726,0,hard_negative_same_topic_or_entity,Siemens_ESG.pdf,Siemens' ESG Report,Siemens,industrial_technology,,1,2,chunk-0726,
ragas_esg_28_01,2021_integrated_report_1efcc316.pdf::chunk-24161,0,hard_negative_same_topic_or_entity,2021_integrated_report_1efcc316.pdf,1efcc316's 2021 Integrated Report,ENGIE,utilities_energy,2021,1,3,chunk-24161,2021 Integrated Report * J’agis avec ENGIE.
ragas_esg_28_01,2021_integrated_report_1efcc316.pdf::chunk-24162,0,hard_negative_same_topic_or_entity,2021_integrated_report_1efcc316.pdf,1efcc316's 2021 Integrated Report,ENGIE,utilities_energy,2021,3,4,chunk-24162,
ragas_esg_28_01,2023_framework_disclosure_a1d018fd.pdf::chunk-24301,0,hard_negative_same_topic_or_entity,2023_framework_disclosure_a1d018fd.pdf,Framework Disclosure A1d018fd's 2023 Report,ENGIE,utilities_energy,2023,1,1,chunk-24301,
ragas_esg_28_01,2023_framework_disclosure_a1d018fd.pdf::chunk-24302,0,hard_negative_same_topic_or_entity,2023_framework_disclosure_a1d018fd.pdf,Framework Disclosure A1d018fd's 2023 Report,ENGIE,utilities_energy,2023,1,1,chunk-24302,
ragas_esg_28_01,2025_sustainability_report_0478ad88.pdf::chunk-24546,0,hard_negative_same_topic_or_entity,2025_sustainability_report_0478ad88.pdf,0478ad88's 2025 Sustainability Report,ENGIE,utilities_energy,2025,1,5,chunk-24546,2024 ESG AT ENGIE 1 ESG at ENGIE 2024
ragas_esg_28_02,2021_integrated_report_1efcc316.pdf::chunk-24161,0,hard_negative_same_topic_or_entity,2021_integrated_report_1efcc316.pdf,1efcc316's 2021 Integrated Report,ENGIE,utilities_energy,2021,1,3,chunk-24161,2021 Integrated Report * J’agis avec ENGIE.
ragas_esg_28_02,2021_integrated_report_1efcc316.pdf::chunk-24162,0,hard_negative_same_topic_or_entity,2021_integrated_report_1efcc316.pdf,1efcc316's 2021 Integrated Report,ENGIE,utilities_energy,2021,3,4,chunk-24162,
ragas_esg_28_02,2023_framework_disclosure_a1d018fd.pdf::chunk-24301,0,hard_negative_same_topic_or_entity,2023_framework_disclosure_a1d018fd.pdf,Framework Disclosure A1d018fd's 2023 Report,ENGIE,utilities_energy,2023,1,1,chunk-24301,
ragas_esg_28_02,2023_framework_disclosure_a1d018fd.pdf::chunk-24302,0,hard_negative_same_topic_or_entity,2023_framework_disclosure_a1d018fd.pdf,Framework Disclosure A1d018fd's 2023 Report,ENGIE,utilities_energy,2023,1,1,chunk-24302,
ragas_esg_28_02,2025_sustainability_report_0478ad88.pdf::chunk-24546,0,hard_negative_same_topic_or_entity,2025_sustainability_report_0478ad88.pdf,0478ad88's 2025 Sustainability Report,ENGIE,utilities_energy,2025,1,5,chunk-24546,2024 ESG AT ENGIE 1 ESG at ENGIE 2024
ragas_esg_28_03,2021_integrated_report_1efcc316.pdf::chunk-24161,0,hard_negative_same_topic_or_entity,2021_integrated_report_1efcc316.pdf,1efcc316's 2021 Integrated Report,ENGIE,utilities_energy,2021,1,3,chunk-24161,2021 Integrated Report * J’agis avec ENGIE.
ragas_esg_28_03,2021_integrated_report_1efcc316.pdf::chunk-24162,0,hard_negative_same_topic_or_entity,2021_integrated_report_1efcc316.pdf,1efcc316's 2021 Integrated Report,ENGIE,utilities_energy,2021,3,4,chunk-24162,
ragas_esg_28_03,2023_framework_disclosure_a1d018fd.pdf::chunk-24301,0,hard_negative_same_topic_or_entity,2023_framework_disclosure_a1d018fd.pdf,Framework Disclosure A1d018fd's 2023 Report,ENGIE,utilities_energy,2023,1,1,chunk-24301,
ragas_esg_28_03,2023_framework_disclosure_a1d018fd.pdf::chunk-24302,0,hard_negative_same_topic_or_entity,2023_framework_disclosure_a1d018fd.pdf,Framework Disclosure A1d018fd's 2023 Report,ENGIE,utilities_energy,2023,1,1,chunk-24302,
ragas_esg_28_03,2025_sustainability_report_0478ad88.pdf::chunk-24546,0,hard_negative_same_topic_or_entity,2025_sustainability_report_0478ad88.pdf,0478ad88's 2025 Sustainability Report,ENGIE,utilities_energy,2025,1,5,chunk-24546,2024 ESG AT ENGIE 1 ESG at ENGIE 2024
ragas_esg_28_04,2021_integrated_report_1efcc316.pdf::chunk-24161,0,hard_negative_same_topic_or_entity,2021_integrated_report_1efcc316.pdf,1efcc316's 2021 Integrated Report,ENGIE,utilities_energy,2021,1,3,chunk-24161,2021 Integrated Report * J’agis avec ENGIE.
ragas_esg_28_04,2021_integrated_report_1efcc316.pdf::chunk-24162,0,hard_negative_same_topic_or_entity,2021_integrated_report_1efcc316.pdf,1efcc316's 2021 Integrated Report,ENGIE,utilities_energy,2021,3,4,chunk-24162,
ragas_esg_28_04,2023_framework_disclosure_a1d018fd.pdf::chunk-24301,0,hard_negative_same_topic_or_entity,2023_framework_disclosure_a1d018fd.pdf,Framework Disclosure A1d018fd's 2023 Report,ENGIE,utilities_energy,2023,1,1,chunk-24301,
ragas_esg_28_04,2023_framework_disclosure_a1d018fd.pdf::chunk-24302,0,hard_negative_same_topic_or_entity,2023_framework_disclosure_a1d018fd.pdf,Framework Disclosure A1d018fd's 2023 Report,ENGIE,utilities_energy,2023,1,1,chunk-24302,
ragas_esg_28_04,2025_sustainability_report_0478ad88.pdf::chunk-24550,0,hard_negative_same_topic_or_entity,2025_sustainability_report_0478ad88.pdf,0478ad88's 2025 Sustainability Report,ENGIE,utilities_energy,2025,9,12,chunk-24550,
ragas_esg_29_01,2023_thematic_report_4c1eb352.pdf::chunk-7894,0,hard_negative_same_topic_or_entity,2023_thematic_report_4c1eb352.pdf,Thematic 4c1eb352's 2023 Report,BNP Paribas,banking_financial_services,2023,1,1,chunk-7894,
ragas_esg_29_01,2024_sustainability_report_44182ca9.pdf::chunk-8185,0,hard_negative_same_topic_or_entity,2024_sustainability_report_44182ca9.pdf,44182ca9's 2024 Sustainability Report,BNP Paribas,banking_financial_services,2024,6,7,chunk-8185,
ragas_esg_29_01,2024_sustainability_report_44182ca9.pdf::chunk-8186,0,hard_negative_same_topic_or_entity,2024_sustainability_report_44182ca9.pdf,44182ca9's 2024 Sustainability Report,BNP Paribas,banking_financial_services,2024,7,8,chunk-8186,
ragas_esg_29_01,IB_Sustainability_Report.pdf::chunk-0053,0,hard_negative_same_topic_or_entity,IB_Sustainability_Report.pdf,IB's Sustainability Report,Iberdrola,utilities_power,,2,5,chunk-0053,
ragas_esg_29_01,IB_Sustainability_Report.pdf::chunk-0054,0,hard_negative_same_topic_or_entity,IB_Sustainability_Report.pdf,IB's Sustainability Report,Iberdrola,utilities_power,,5,6,chunk-0054,
ragas_esg_29_02,2023_thematic_report_4c1eb352.pdf::chunk-7894,0,hard_negative_same_topic_or_entity,2023_thematic_report_4c1eb352.pdf,Thematic 4c1eb352's 2023 Report,BNP Paribas,banking_financial_services,2023,1,1,chunk-7894,
ragas_esg_29_02,2024_sustainability_report_44182ca9.pdf::chunk-8186,0,hard_negative_same_topic_or_entity,2024_sustainability_report_44182ca9.pdf,44182ca9's 2024 Sustainability Report,BNP Paribas,banking_financial_services,2024,7,8,chunk-8186,
ragas_esg_29_02,2024_sustainability_report_44182ca9.pdf::chunk-8187,0,hard_negative_same_topic_or_entity,2024_sustainability_report_44182ca9.pdf,44182ca9's 2024 Sustainability Report,BNP Paribas,banking_financial_services,2024,8,9,chunk-8187,
ragas_esg_29_02,IB_Sustainability_Report.pdf::chunk-0058,0,hard_negative_same_topic_or_entity,IB_Sustainability_Report.pdf,IB's Sustainability Report,Iberdrola,utilities_power,,9,12,chunk-0058,
ragas_esg_29_02,IB_Sustainability_Report.pdf::chunk-0059,0,hard_negative_same_topic_or_entity,IB_Sustainability_Report.pdf,IB's Sustainability Report,Iberdrola,utilities_power,,12,13,chunk-0059,
ragas_esg_29_03,2023_thematic_report_4c1eb352.pdf::chunk-7894,0,hard_negative_same_topic_or_entity,2023_thematic_report_4c1eb352.pdf,Thematic 4c1eb352's 2023 Report,BNP Paribas,banking_financial_services,2023,1,1,chunk-7894,
ragas_esg_29_03,2024_sustainability_report_44182ca9.pdf::chunk-8182,0,hard_negative_same_topic_or_entity,2024_sustainability_report_44182ca9.pdf,44182ca9's 2024 Sustainability Report,BNP Paribas,banking_financial_services,2024,1,4,chunk-8182,2024 CSR achievements BNP PARIBAS SUPPORTING ITS CLIENTS’ TRANSITION
ragas_esg_29_03,2024_sustainability_report_44182ca9.pdf::chunk-8183,0,hard_negative_same_topic_or_entity,2024_sustainability_report_44182ca9.pdf,44182ca9's 2024 Sustainability Report,BNP Paribas,banking_financial_services,2024,4,5,chunk-8183,
ragas_esg_29_03,IB_Sustainability_Report.pdf::chunk-0053,0,hard_negative_same_topic_or_entity,IB_Sustainability_Report.pdf,IB's Sustainability Report,Iberdrola,utilities_power,,2,5,chunk-0053,
ragas_esg_29_03,IB_Sustainability_Report.pdf::chunk-0054,0,hard_negative_same_topic_or_entity,IB_Sustainability_Report.pdf,IB's Sustainability Report,Iberdrola,utilities_power,,5,6,chunk-0054,
ragas_esg_29_04,2023_thematic_report_4c1eb352.pdf::chunk-7894,0,hard_negative_same_topic_or_entity,2023_thematic_report_4c1eb352.pdf,Thematic 4c1eb352's 2023 Report,BNP Paribas,banking_financial_services,2023,1,1,chunk-7894,
ragas_esg_29_04,2024_sustainability_report_44182ca9.pdf::chunk-8182,0,hard_negative_same_topic_or_entity,2024_sustainability_report_44182ca9.pdf,44182ca9's 2024 Sustainability Report,BNP Paribas,banking_financial_services,2024,1,4,chunk-8182,2024 CSR achievements BNP PARIBAS SUPPORTING ITS CLIENTS’ TRANSITION
ragas_esg_29_04,2024_sustainability_report_44182ca9.pdf::chunk-8183,0,hard_negative_same_topic_or_entity,2024_sustainability_report_44182ca9.pdf,44182ca9's 2024 Sustainability Report,BNP Paribas,banking_financial_services,2024,4,5,chunk-8183,
ragas_esg_29_04,IB_Sustainability_Report.pdf::chunk-0053,0,hard_negative_same_topic_or_entity,IB_Sustainability_Report.pdf,IB's Sustainability Report,Iberdrola,utilities_power,,2,5,chunk-0053,
ragas_esg_29_04,IB_Sustainability_Report.pdf::chunk-0054,0,hard_negative_same_topic_or_entity,IB_Sustainability_Report.pdf,IB's Sustainability Report,Iberdrola,utilities_power,,5,6,chunk-0054,
ragas_esg_30_01,Siemens_ESG.pdf::chunk-0726,0,hard_negative_same_topic_or_entity,Siemens_ESG.pdf,Siemens' ESG Report,Siemens,industrial_technology,,1,2,chunk-0726,
ragas_esg_30_01,Siemens_ESG.pdf::chunk-0727,0,hard_negative_same_topic_or_entity,Siemens_ESG.pdf,Siemens' ESG Report,Siemens,industrial_technology,,2,3,chunk-0727,4. Governance information 4.1 Business conduct 4.2 Cybersecurity and data privacy
ragas_esg_30_01,2018_sustainability_report_43841182.pdf::chunk-29648,0,hard_negative_same_topic_or_entity,2018_sustainability_report_43841182.pdf,43841182's 2018 Sustainability Report,Siemens,industrial_technology,2018,1,2,chunk-29648,
ragas_esg_30_01,2018_sustainability_report_43841182.pdf::chunk-29649,0,hard_negative_same_topic_or_entity,2018_sustainability_report_43841182.pdf,43841182's 2018 Sustainability Report,Siemens,industrial_technology,2018,2,2,chunk-29649,
ragas_esg_30_01,2019_sustainability_report_9e6add42.pdf::chunk-29727,0,hard_negative_same_topic_or_entity,2019_sustainability_report_9e6add42.pdf,9e6add42's 2019 Sustainability Report,Siemens,industrial_technology,2019,1,2,chunk-29727,
ragas_esg_30_02,Siemens_ESG.pdf::chunk-0726,0,hard_negative_same_topic_or_entity,Siemens_ESG.pdf,Siemens' ESG Report,Siemens,industrial_technology,,1,2,chunk-0726,
ragas_esg_30_02,Siemens_ESG.pdf::chunk-0727,0,hard_negative_same_topic_or_entity,Siemens_ESG.pdf,Siemens' ESG Report,Siemens,industrial_technology,,2,3,chunk-0727,4. Governance information 4.1 Business conduct 4.2 Cybersecurity and data privacy
ragas_esg_30_02,2018_sustainability_report_43841182.pdf::chunk-29648,0,hard_negative_same_topic_or_entity,2018_sustainability_report_43841182.pdf,43841182's 2018 Sustainability Report,Siemens,industrial_technology,2018,1,2,chunk-29648,
ragas_esg_30_02,2018_sustainability_report_43841182.pdf::chunk-29649,0,hard_negative_same_topic_or_entity,2018_sustainability_report_43841182.pdf,43841182's 2018 Sustainability Report,Siemens,industrial_technology,2018,2,2,chunk-29649,
ragas_esg_30_02,2019_sustainability_report_9e6add42.pdf::chunk-29727,0,hard_negative_same_topic_or_entity,2019_sustainability_report_9e6add42.pdf,9e6add42's 2019 Sustainability Report,Siemens,industrial_technology,2019,1,2,chunk-29727,
ragas_esg_30_03,Siemens_ESG.pdf::chunk-0726,0,hard_negative_same_topic_or_entity,Siemens_ESG.pdf,Siemens' ESG Report,Siemens,industrial_technology,,1,2,chunk-0726,
ragas_esg_30_03,Siemens_ESG.pdf::chunk-0727,0,hard_negative_same_topic_or_entity,Siemens_ESG.pdf,Siemens' ESG Report,Siemens,industrial_technology,,2,3,chunk-0727,4. Governance information 4.1 Business conduct 4.2 Cybersecurity and data privacy
ragas_esg_30_03,2018_sustainability_report_43841182.pdf::chunk-29648,0,hard_negative_same_topic_or_entity,2018_sustainability_report_43841182.pdf,43841182's 2018 Sustainability Report,Siemens,industrial_technology,2018,1,2,chunk-29648,
ragas_esg_30_03,2018_sustainability_report_43841182.pdf::chunk-29649,0,hard_negative_same_topic_or_entity,2018_sustainability_report_43841182.pdf,43841182's 2018 Sustainability Report,Siemens,industrial_technology,2018,2,2,chunk-29649,
ragas_esg_30_03,2019_sustainability_report_9e6add42.pdf::chunk-29727,0,hard_negative_same_topic_or_entity,2019_sustainability_report_9e6add42.pdf,9e6add42's 2019 Sustainability Report,Siemens,industrial_technology,2019,1,2,chunk-29727,
ragas_esg_30_04,Siemens_ESG.pdf::chunk-0726,0,hard_negative_same_topic_or_entity,Siemens_ESG.pdf,Siemens' ESG Report,Siemens,industrial_technology,,1,2,chunk-0726,
ragas_esg_30_04,Siemens_ESG.pdf::chunk-0727,0,hard_negative_same_topic_or_entity,Siemens_ESG.pdf,Siemens' ESG Report,Siemens,industrial_technology,,2,3,chunk-0727,4. Governance information 4.1 Business conduct 4.2 Cybersecurity and data privacy
ragas_esg_30_04,2018_sustainability_report_43841182.pdf::chunk-29648,0,hard_negative_same_topic_or_entity,2018_sustainability_report_43841182.pdf,43841182's 2018 Sustainability Report,Siemens,industrial_technology,2018,1,2,chunk-29648,
ragas_esg_30_04,2018_sustainability_report_43841182.pdf::chunk-29649,0,hard_negative_same_topic_or_entity,2018_sustainability_report_43841182.pdf,43841182's 2018 Sustainability Report,Siemens,industrial_technology,2018,2,2,chunk-29649,
ragas_esg_30_04,2019_sustainability_report_9e6add42.pdf::chunk-29727,0,hard_negative_same_topic_or_entity,2019_sustainability_report_9e6add42.pdf,9e6add42's 2019 Sustainability Report,Siemens,industrial_technology,2019,1,2,chunk-29727,
ragas_esg_xdoc_001,IB_Sustainability_Report.pdf::chunk-0053,0,hard_negative_same_topic_or_entity,IB_Sustainability_Report.pdf,IB's Sustainability Report,Iberdrola,utilities_power,,2,5,chunk-0053,
ragas_esg_xdoc_001,IB_Sustainability_Report.pdf::chunk-0054,0,hard_negative_same_topic_or_entity,IB_Sustainability_Report.pdf,IB's Sustainability Report,Iberdrola,utilities_power,,5,6,chunk-0054,
ragas_esg_xdoc_001,Siemens_ESG.pdf::chunk-0726,0,hard_negative_same_topic_or_entity,Siemens_ESG.pdf,Siemens' ESG Report,Siemens,industrial_technology,,1,2,chunk-0726,
ragas_esg_xdoc_001,Siemens_ESG.pdf::chunk-0728,0,hard_negative_same_topic_or_entity,Siemens_ESG.pdf,Siemens' ESG Report,Siemens,industrial_technology,,3,3,chunk-0728,
ragas_esg_xdoc_001,18261.ar.en.2024.pdf::chunk-5098,0,hard_negative_same_topic_or_entity,18261.ar.en.2024.pdf,18261 AR's 2024 Report,Hermès,luxury_goods,2024,1,4,chunk-5098,ACTIVITY REPORT 2024
ragas_esg_xdoc_001,18261.ar.en.2024.pdf::chunk-5100,0,hard_negative_same_topic_or_entity,18261.ar.en.2024.pdf,18261 AR's 2024 Report,Hermès,luxury_goods,2024,5,8,chunk-5100,"A SUSTAINABLE, ARTISANAL BUSINESS MODEL"
ragas_esg_xdoc_002,IB_Sustainability_Report.pdf::chunk-0053,0,hard_negative_same_topic_or_entity,IB_Sustainability_Report.pdf,IB's Sustainability Report,Iberdrola,utilities_power,,2,5,chunk-0053,
ragas_esg_xdoc_002,IB_Sustainability_Report.pdf::chunk-0054,0,hard_negative_same_topic_or_entity,IB_Sustainability_Report.pdf,IB's Sustainability Report,Iberdrola,utilities_power,,5,6,chunk-0054,
ragas_esg_xdoc_002,Siemens_ESG.pdf::chunk-0726,0,hard_negative_same_topic_or_entity,Siemens_ESG.pdf,Siemens' ESG Report,Siemens,industrial_technology,,1,2,chunk-0726,
ragas_esg_xdoc_002,Siemens_ESG.pdf::chunk-0728,0,hard_negative_same_topic_or_entity,Siemens_ESG.pdf,Siemens' ESG Report,Siemens,industrial_technology,,3,3,chunk-0728,
ragas_esg_xdoc_002,18261.ar.en.2024.pdf::chunk-5098,0,hard_negative_same_topic_or_entity,18261.ar.en.2024.pdf,18261 AR's 2024 Report,Hermès,luxury_goods,2024,1,4,chunk-5098,ACTIVITY REPORT 2024
ragas_esg_xdoc_002,18261.ar.en.2024.pdf::chunk-5100,0,hard_negative_same_topic_or_entity,18261.ar.en.2024.pdf,18261 AR's 2024 Report,Hermès,luxury_goods,2024,5,8,chunk-5100,"A SUSTAINABLE, ARTISANAL BUSINESS MODEL"
ragas_esg_xdoc_003,IB_Sustainability_Report.pdf::chunk-0053,0,hard_negative_same_topic_or_entity,IB_Sustainability_Report.pdf,IB's Sustainability Report,Iberdrola,utilities_power,,2,5,chunk-0053,
ragas_esg_xdoc_003,IB_Sustainability_Report.pdf::chunk-0054,0,hard_negative_same_topic_or_entity,IB_Sustainability_Report.pdf,IB's Sustainability Report,Iberdrola,utilities_power,,5,6,chunk-0054,
ragas_esg_xdoc_003,Siemens_ESG.pdf::chunk-0726,0,hard_negative_same_topic_or_entity,Siemens_ESG.pdf,Siemens' ESG Report,Siemens,industrial_technology,,1,2,chunk-0726,
ragas_esg_xdoc_003,Siemens_ESG.pdf::chunk-0728,0,hard_negative_same_topic_or_entity,Siemens_ESG.pdf,Siemens' ESG Report,Siemens,industrial_technology,,3,3,chunk-0728,
ragas_esg_xdoc_003,18261.ar.en.2024.pdf::chunk-5098,0,hard_negative_same_topic_or_entity,18261.ar.en.2024.pdf,18261 AR's 2024 Report,Hermès,luxury_goods,2024,1,4,chunk-5098,ACTIVITY REPORT 2024
ragas_esg_xdoc_003,18261.ar.en.2024.pdf::chunk-5100,0,hard_negative_same_topic_or_entity,18261.ar.en.2024.pdf,18261 AR's 2024 Report,Hermès,luxury_goods,2024,5,8,chunk-5100,"A SUSTAINABLE, ARTISANAL BUSINESS MODEL"
ragas_esg_xdoc_004,IB_Sustainability_Report.pdf::chunk-0053,0,hard_negative_same_topic_or_entity,IB_Sustainability_Report.pdf,IB's Sustainability Report,Iberdrola,utilities_power,,2,5,chunk-0053,
ragas_esg_xdoc_004,IB_Sustainability_Report.pdf::chunk-0054,0,hard_negative_same_topic_or_entity,IB_Sustainability_Report.pdf,IB's Sustainability Report,Iberdrola,utilities_power,,5,6,chunk-0054,
ragas_esg_xdoc_004,Siemens_ESG.pdf::chunk-0726,0,hard_negative_same_topic_or_entity,Siemens_ESG.pdf,Siemens' ESG Report,Siemens,industrial_technology,,1,2,chunk-0726,
ragas_esg_xdoc_004,Siemens_ESG.pdf::chunk-0728,0,hard_negative_same_topic_or_entity,Siemens_ESG.pdf,Siemens' ESG Report,Siemens,industrial_technology,,3,3,chunk-0728,
ragas_esg_xdoc_004,18261.ar.en.2024.pdf::chunk-5098,0,hard_negative_same_topic_or_entity,18261.ar.en.2024.pdf,18261 AR's 2024 Report,Hermès,luxury_goods,2024,1,4,chunk-5098,ACTIVITY REPORT 2024
ragas_esg_xdoc_004,18261.ar.en.2024.pdf::chunk-5100,0,hard_negative_same_topic_or_entity,18261.ar.en.2024.pdf,18261 AR's 2024 Report,Hermès,luxury_goods,2024,5,8,chunk-5100,"A SUSTAINABLE, ARTISANAL BUSINESS MODEL"
ragas_esg_xdoc_005,IB_Sustainability_Report.pdf::chunk-0053,0,hard_negative_same_topic_or_entity,IB_Sustainability_Report.pdf,IB's Sustainability Report,Iberdrola,utilities_power,,2,5,chunk-0053,
ragas_esg_xdoc_005,IB_Sustainability_Report.pdf::chunk-0054,0,hard_negative_same_topic_or_entity,IB_Sustainability_Report.pdf,IB's Sustainability Report,Iberdrola,utilities_power,,5,6,chunk-0054,
ragas_esg_xdoc_005,Siemens_ESG.pdf::chunk-0726,0,hard_negative_same_topic_or_entity,Siemens_ESG.pdf,Siemens' ESG Report,Siemens,industrial_technology,,1,2,chunk-0726,
ragas_esg_xdoc_005,Siemens_ESG.pdf::chunk-0728,0,hard_negative_same_topic_or_entity,Siemens_ESG.pdf,Siemens' ESG Report,Siemens,industrial_technology,,3,3,chunk-0728,
ragas_esg_xdoc_005,18261.ar.en.2024.pdf::chunk-5098,0,hard_negative_same_topic_or_entity,18261.ar.en.2024.pdf,18261 AR's 2024 Report,Hermès,luxury_goods,2024,1,4,chunk-5098,ACTIVITY REPORT 2024
ragas_esg_xdoc_005,18261.ar.en.2024.pdf::chunk-5100,0,hard_negative_same_topic_or_entity,18261.ar.en.2024.pdf,18261 AR's 2024 Report,Hermès,luxury_goods,2024,5,8,chunk-5100,"A SUSTAINABLE, ARTISANAL BUSINESS MODEL"
ragas_esg_xdoc_006,IB_Sustainability_Report.pdf::chunk-0053,0,hard_negative_same_topic_or_entity,IB_Sustainability_Report.pdf,IB's Sustainability Report,Iberdrola,utilities_power,,2,5,chunk-0053,
ragas_esg_xdoc_006,IB_Sustainability_Report.pdf::chunk-0054,0,hard_negative_same_topic_or_entity,IB_Sustainability_Report.pdf,IB's Sustainability Report,Iberdrola,utilities_power,,5,6,chunk-0054,
ragas_esg_xdoc_006,Siemens_ESG.pdf::chunk-0726,0,hard_negative_same_topic_or_entity,Siemens_ESG.pdf,Siemens' ESG Report,Siemens,industrial_technology,,1,2,chunk-0726,
ragas_esg_xdoc_006,Siemens_ESG.pdf::chunk-0728,0,hard_negative_same_topic_or_entity,Siemens_ESG.pdf,Siemens' ESG Report,Siemens,industrial_technology,,3,3,chunk-0728,
ragas_esg_xdoc_006,18261.ar.en.2024.pdf::chunk-5098,0,hard_negative_same_topic_or_entity,18261.ar.en.2024.pdf,18261 AR's 2024 Report,Hermès,luxury_goods,2024,1,4,chunk-5098,ACTIVITY REPORT 2024
ragas_esg_xdoc_006,18261.ar.en.2024.pdf::chunk-5100,0,hard_negative_same_topic_or_entity,18261.ar.en.2024.pdf,18261 AR's 2024 Report,Hermès,luxury_goods,2024,5,8,chunk-5100,"A SUSTAINABLE, ARTISANAL BUSINESS MODEL"
ragas_esg_xdoc_007,IB_Sustainability_Report.pdf::chunk-0053,0,hard_negative_same_topic_or_entity,IB_Sustainability_Report.pdf,IB's Sustainability Report,Iberdrola,utilities_power,,2,5,chunk-0053,
ragas_esg_xdoc_007,IB_Sustainability_Report.pdf::chunk-0054,0,hard_negative_same_topic_or_entity,IB_Sustainability_Report.pdf,IB's Sustainability Report,Iberdrola,utilities_power,,5,6,chunk-0054,
ragas_esg_xdoc_007,Siemens_ESG.pdf::chunk-0726,0,hard_negative_same_topic_or_entity,Siemens_ESG.pdf,Siemens' ESG Report,Siemens,industrial_technology,,1,2,chunk-0726,
ragas_esg_xdoc_007,Siemens_ESG.pdf::chunk-0728,0,hard_negative_same_topic_or_entity,Siemens_ESG.pdf,Siemens' ESG Report,Siemens,industrial_technology,,3,3,chunk-0728,
ragas_esg_xdoc_007,18261.ar.en.2024.pdf::chunk-5098,0,hard_negative_same_topic_or_entity,18261.ar.en.2024.pdf,18261 AR's 2024 Report,Hermès,luxury_goods,2024,1,4,chunk-5098,ACTIVITY REPORT 2024
ragas_esg_xdoc_007,18261.ar.en.2024.pdf::chunk-5100,0,hard_negative_same_topic_or_entity,18261.ar.en.2024.pdf,18261 AR's 2024 Report,Hermès,luxury_goods,2024,5,8,chunk-5100,"A SUSTAINABLE, ARTISANAL BUSINESS MODEL"
ragas_esg_xdoc_008,IB_Sustainability_Report.pdf::chunk-0058,0,hard_negative_same_topic_or_entity,IB_Sustainability_Report.pdf,IB's Sustainability Report,Iberdrola,utilities_power,,9,12,chunk-0058,
ragas_esg_xdoc_008,IB_Sustainability_Report.pdf::chunk-0059,0,hard_negative_same_topic_or_entity,IB_Sustainability_Report.pdf,IB's Sustainability Report,Iberdrola,utilities_power,,12,13,chunk-0059,
ragas_esg_xdoc_008,Siemens_ESG.pdf::chunk-0726,0,hard_negative_same_topic_or_entity,Siemens_ESG.pdf,Siemens' ESG Report,Siemens,industrial_technology,,1,2,chunk-0726,
ragas_esg_xdoc_008,Siemens_ESG.pdf::chunk-0727,0,hard_negative_same_topic_or_entity,Siemens_ESG.pdf,Siemens' ESG Report,Siemens,industrial_technology,,2,3,chunk-0727,4. Governance information 4.1 Business conduct 4.2 Cybersecurity and data privacy
ragas_esg_xdoc_008,18261.ar.en.2024.pdf::chunk-5098,0,hard_negative_same_topic_or_entity,18261.ar.en.2024.pdf,18261 AR's 2024 Report,Hermès,luxury_goods,2024,1,4,chunk-5098,ACTIVITY REPORT 2024
ragas_esg_xdoc_008,18261.ar.en.2024.pdf::chunk-5100,0,hard_negative_same_topic_or_entity,18261.ar.en.2024.pdf,18261 AR's 2024 Report,Hermès,luxury_goods,2024,5,8,chunk-5100,"A SUSTAINABLE, ARTISANAL BUSINESS MODEL"
ragas_esg_xdoc_009,IB_Sustainability_Report.pdf::chunk-0058,0,hard_negative_same_topic_or_entity,IB_Sustainability_Report.pdf,IB's Sustainability Report,Iberdrola,utilities_power,,9,12,chunk-0058,
ragas_esg_xdoc_009,IB_Sustainability_Report.pdf::chunk-0059,0,hard_negative_same_topic_or_entity,IB_Sustainability_Report.pdf,IB's Sustainability Report,Iberdrola,utilities_power,,12,13,chunk-0059,
ragas_esg_xdoc_009,Siemens_ESG.pdf::chunk-0726,0,hard_negative_same_topic_or_entity,Siemens_ESG.pdf,Siemens' ESG Report,Siemens,industrial_technology,,1,2,chunk-0726,
ragas_esg_xdoc_009,Siemens_ESG.pdf::chunk-0727,0,hard_negative_same_topic_or_entity,Siemens_ESG.pdf,Siemens' ESG Report,Siemens,industrial_technology,,2,3,chunk-0727,4. Governance information 4.1 Business conduct 4.2 Cybersecurity and data privacy
ragas_esg_xdoc_009,18261.ar.en.2024.pdf::chunk-5098,0,hard_negative_same_topic_or_entity,18261.ar.en.2024.pdf,18261 AR's 2024 Report,Hermès,luxury_goods,2024,1,4,chunk-5098,ACTIVITY REPORT 2024
ragas_esg_xdoc_009,18261.ar.en.2024.pdf::chunk-5100,0,hard_negative_same_topic_or_entity,18261.ar.en.2024.pdf,18261 AR's 2024 Report,Hermès,luxury_goods,2024,5,8,chunk-5100,"A SUSTAINABLE, ARTISANAL BUSINESS MODEL"
ragas_esg_xdoc_010,IB_Sustainability_Report.pdf::chunk-0058,0,hard_negative_same_topic_or_entity,IB_Sustainability_Report.pdf,IB's Sustainability Report,Iberdrola,utilities_power,,9,12,chunk-0058,
ragas_esg_xdoc_010,IB_Sustainability_Report.pdf::chunk-0059,0,hard_negative_same_topic_or_entity,IB_Sustainability_Report.pdf,IB's Sustainability Report,Iberdrola,utilities_power,,12,13,chunk-0059,
ragas_esg_xdoc_010,Siemens_ESG.pdf::chunk-0726,0,hard_negative_same_topic_or_entity,Siemens_ESG.pdf,Siemens' ESG Report,Siemens,industrial_technology,,1,2,chunk-0726,
ragas_esg_xdoc_010,Siemens_ESG.pdf::chunk-0727,0,hard_negative_same_topic_or_entity,Siemens_ESG.pdf,Siemens' ESG Report,Siemens,industrial_technology,,2,3,chunk-0727,4. Governance information 4.1 Business conduct 4.2 Cybersecurity and data privacy
ragas_esg_xdoc_010,18261.ar.en.2024.pdf::chunk-5098,0,hard_negative_same_topic_or_entity,18261.ar.en.2024.pdf,18261 AR's 2024 Report,Hermès,luxury_goods,2024,1,4,chunk-5098,ACTIVITY REPORT 2024
ragas_esg_xdoc_010,18261.ar.en.2024.pdf::chunk-5100,0,hard_negative_same_topic_or_entity,18261.ar.en.2024.pdf,18261 AR's 2024 Report,Hermès,luxury_goods,2024,5,8,chunk-5100,"A SUSTAINABLE, ARTISANAL BUSINESS MODEL"
ragas_esg_xdoc_011,IB_Sustainability_Report.pdf::chunk-0053,0,hard_negative_same_topic_or_entity,IB_Sustainability_Report.pdf,IB's Sustainability Report,Iberdrola,utilities_power,,2,5,chunk-0053,
ragas_esg_xdoc_011,IB_Sustainability_Report.pdf::chunk-0054,0,hard_negative_same_topic_or_entity,IB_Sustainability_Report.pdf,IB's Sustainability Report,Iberdrola,utilities_power,,5,6,chunk-0054,
ragas_esg_xdoc_011,Siemens_ESG.pdf::chunk-0726,0,hard_negative_same_topic_or_entity,Siemens_ESG.pdf,Siemens' ESG Report,Siemens,industrial_technology,,1,2,chunk-0726,
ragas_esg_xdoc_011,Siemens_ESG.pdf::chunk-0727,0,hard_negative_same_topic_or_entity,Siemens_ESG.pdf,Siemens' ESG Report,Siemens,industrial_technology,,2,3,chunk-0727,4. Governance information 4.1 Business conduct 4.2 Cybersecurity and data privacy
ragas_esg_xdoc_011,423.esg.en.2024.pdf::chunk-5750,0,hard_negative_same_topic_or_entity,423.esg.en.2024.pdf,423's 2024 ESG Report,Unknown,unknown,2024,98,99,chunk-5750,
ragas_esg_xdoc_011,2025_climate_report_9706fb9c.pdf::chunk-7360,0,hard_negative_same_topic_or_entity,2025_climate_report_9706fb9c.pdf,9706fb9c's 2025 Climate Report,Airbus,aerospace,2025,33,35,chunk-7360,
ragas_esg_xdoc_012,IB_Sustainability_Report.pdf::chunk-0053,0,hard_negative_same_topic_or_entity,IB_Sustainability_Report.pdf,IB's Sustainability Report,Iberdrola,utilities_power,,2,5,chunk-0053,
ragas_esg_xdoc_012,IB_Sustainability_Report.pdf::chunk-0054,0,hard_negative_same_topic_or_entity,IB_Sustainability_Report.pdf,IB's Sustainability Report,Iberdrola,utilities_power,,5,6,chunk-0054,
ragas_esg_xdoc_012,Siemens_ESG.pdf::chunk-0726,0,hard_negative_same_topic_or_entity,Siemens_ESG.pdf,Siemens' ESG Report,Siemens,industrial_technology,,1,2,chunk-0726,
ragas_esg_xdoc_012,Siemens_ESG.pdf::chunk-0727,0,hard_negative_same_topic_or_entity,Siemens_ESG.pdf,Siemens' ESG Report,Siemens,industrial_technology,,2,3,chunk-0727,4. Governance information 4.1 Business conduct 4.2 Cybersecurity and data privacy
ragas_esg_xdoc_012,423.esg.en.2024.pdf::chunk-5750,0,hard_negative_same_topic_or_entity,423.esg.en.2024.pdf,423's 2024 ESG Report,Unknown,unknown,2024,98,99,chunk-5750,
ragas_esg_xdoc_012,2025_climate_report_9706fb9c.pdf::chunk-7360,0,hard_negative_same_topic_or_entity,2025_climate_report_9706fb9c.pdf,9706fb9c's 2025 Climate Report,Airbus,aerospace,2025,33,35,chunk-7360,
ragas_esg_xdoc_013,IB_Sustainability_Report.pdf::chunk-0053,0,hard_negative_same_topic_or_entity,IB_Sustainability_Report.pdf,IB's Sustainability Report,Iberdrola,utilities_power,,2,5,chunk-0053,
ragas_esg_xdoc_013,IB_Sustainability_Report.pdf::chunk-0054,0,hard_negative_same_topic_or_entity,IB_Sustainability_Report.pdf,IB's Sustainability Report,Iberdrola,utilities_power,,5,6,chunk-0054,
ragas_esg_xdoc_013,Siemens_ESG.pdf::chunk-0726,0,hard_negative_same_topic_or_entity,Siemens_ESG.pdf,Siemens' ESG Report,Siemens,industrial_technology,,1,2,chunk-0726,
ragas_esg_xdoc_013,Siemens_ESG.pdf::chunk-0728,0,hard_negative_same_topic_or_entity,Siemens_ESG.pdf,Siemens' ESG Report,Siemens,industrial_technology,,3,3,chunk-0728,
ragas_esg_xdoc_013,18261.ar.en.2024.pdf::chunk-5098,0,hard_negative_same_topic_or_entity,18261.ar.en.2024.pdf,18261 AR's 2024 Report,Hermès,luxury_goods,2024,1,4,chunk-5098,ACTIVITY REPORT 2024
ragas_esg_xdoc_013,18261.ar.en.2024.pdf::chunk-5100,0,hard_negative_same_topic_or_entity,18261.ar.en.2024.pdf,18261 AR's 2024 Report,Hermès,luxury_goods,2024,5,8,chunk-5100,"A SUSTAINABLE, ARTISANAL BUSINESS MODEL"
ragas_esg_xdoc_014,IB_Sustainability_Report.pdf::chunk-0058,0,hard_negative_same_topic_or_entity,IB_Sustainability_Report.pdf,IB's Sustainability Report,Iberdrola,utilities_power,,9,12,chunk-0058,
ragas_esg_xdoc_014,IB_Sustainability_Report.pdf::chunk-0059,0,hard_negative_same_topic_or_entity,IB_Sustainability_Report.pdf,IB's Sustainability Report,Iberdrola,utilities_power,,12,13,chunk-0059,
ragas_esg_xdoc_014,Siemens_ESG.pdf::chunk-0726,0,hard_negative_same_topic_or_entity,Siemens_ESG.pdf,Siemens' ESG Report,Siemens,industrial_technology,,1,2,chunk-0726,
ragas_esg_xdoc_014,Siemens_ESG.pdf::chunk-0727,0,hard_negative_same_topic_or_entity,Siemens_ESG.pdf,Siemens' ESG Report,Siemens,industrial_technology,,2,3,chunk-0727,4. Governance information 4.1 Business conduct 4.2 Cybersecurity and data privacy
ragas_esg_xdoc_014,18261.ar.en.2024.pdf::chunk-5098,0,hard_negative_same_topic_or_entity,18261.ar.en.2024.pdf,18261 AR's 2024 Report,Hermès,luxury_goods,2024,1,4,chunk-5098,ACTIVITY REPORT 2024
ragas_esg_xdoc_014,18261.ar.en.2024.pdf::chunk-5100,0,hard_negative_same_topic_or_entity,18261.ar.en.2024.pdf,18261 AR's 2024 Report,Hermès,luxury_goods,2024,5,8,chunk-5100,"A SUSTAINABLE, ARTISANAL BUSINESS MODEL"
ragas_esg_xdoc_015,IB_Sustainability_Report.pdf::chunk-0058,0,hard_negative_same_topic_or_entity,IB_Sustainability_Report.pdf,IB's Sustainability Report,Iberdrola,utilities_power,,9,12,chunk-0058,
ragas_esg_xdoc_015,IB_Sustainability_Report.pdf::chunk-0059,0,hard_negative_same_topic_or_entity,IB_Sustainability_Report.pdf,IB's Sustainability Report,Iberdrola,utilities_power,,12,13,chunk-0059,
ragas_esg_xdoc_015,Siemens_ESG.pdf::chunk-0726,0,hard_negative_same_topic_or_entity,Siemens_ESG.pdf,Siemens' ESG Report,Siemens,industrial_technology,,1,2,chunk-0726,
ragas_esg_xdoc_015,Siemens_ESG.pdf::chunk-0727,0,hard_negative_same_topic_or_entity,Siemens_ESG.pdf,Siemens' ESG Report,Siemens,industrial_technology,,2,3,chunk-0727,4. Governance information 4.1 Business conduct 4.2 Cybersecurity and data privacy
ragas_esg_xdoc_015,18261.ar.en.2024.pdf::chunk-5098,0,hard_negative_same_topic_or_entity,18261.ar.en.2024.pdf,18261 AR's 2024 Report,Hermès,luxury_goods,2024,1,4,chunk-5098,ACTIVITY REPORT 2024
ragas_esg_xdoc_015,18261.ar.en.2024.pdf::chunk-5100,0,hard_negative_same_topic_or_entity,18261.ar.en.2024.pdf,18261 AR's 2024 Report,Hermès,luxury_goods,2024,5,8,chunk-5100,"A SUSTAINABLE, ARTISANAL BUSINESS MODEL"
ragas_esg_xdoc_016,IB_Sustainability_Report.pdf::chunk-0067,0,hard_negative_same_topic_or_entity,IB_Sustainability_Report.pdf,IB's Sustainability Report,Iberdrola,utilities_power,,20,21,chunk-0067,
ragas_esg_xdoc_016,IB_Sustainability_Report.pdf::chunk-0070,0,hard_negative_same_topic_or_entity,IB_Sustainability_Report.pdf,IB's Sustainability Report,Iberdrola,utilities_power,,23,24,chunk-0070,
ragas_esg_xdoc_016,Siemens_ESG.pdf::chunk-0727,0,hard_negative_same_topic_or_entity,Siemens_ESG.pdf,Siemens' ESG Report,Siemens,industrial_technology,,2,3,chunk-0727,4. Governance information 4.1 Business conduct 4.2 Cybersecurity and data privacy
ragas_esg_xdoc_016,Siemens_ESG.pdf::chunk-0728,0,hard_negative_same_topic_or_entity,Siemens_ESG.pdf,Siemens' ESG Report,Siemens,industrial_technology,,3,3,chunk-0728,
ragas_esg_xdoc_016,18261.ar.en.2024.pdf::chunk-5104,0,hard_negative_same_topic_or_entity,18261.ar.en.2024.pdf,18261 AR's 2024 Report,Hermès,luxury_goods,2024,13,15,chunk-5104,
ragas_esg_xdoc_016,426.ar.en.2024.pdf::chunk-5107,0,hard_negative_same_topic_or_entity,426.ar.en.2024.pdf,426 AR's 2024 Report,L'Oréal,consumer_beauty,2024,1,2,chunk-5107,
ragas_esg_xdoc_017,IB_Sustainability_Report.pdf::chunk-0067,0,hard_negative_same_topic_or_entity,IB_Sustainability_Report.pdf,IB's Sustainability Report,Iberdrola,utilities_power,,20,21,chunk-0067,
ragas_esg_xdoc_017,IB_Sustainability_Report.pdf::chunk-0070,0,hard_negative_same_topic_or_entity,IB_Sustainability_Report.pdf,IB's Sustainability Report,Iberdrola,utilities_power,,23,24,chunk-0070,
ragas_esg_xdoc_017,Siemens_ESG.pdf::chunk-0727,0,hard_negative_same_topic_or_entity,Siemens_ESG.pdf,Siemens' ESG Report,Siemens,industrial_technology,,2,3,chunk-0727,4. Governance information 4.1 Business conduct 4.2 Cybersecurity and data privacy
ragas_esg_xdoc_017,Siemens_ESG.pdf::chunk-0728,0,hard_negative_same_topic_or_entity,Siemens_ESG.pdf,Siemens' ESG Report,Siemens,industrial_technology,,3,3,chunk-0728,
ragas_esg_xdoc_017,18261.ar.en.2024.pdf::chunk-5104,0,hard_negative_same_topic_or_entity,18261.ar.en.2024.pdf,18261 AR's 2024 Report,Hermès,luxury_goods,2024,13,15,chunk-5104,
ragas_esg_xdoc_017,426.ar.en.2024.pdf::chunk-5107,0,hard_negative_same_topic_or_entity,426.ar.en.2024.pdf,426 AR's 2024 Report,L'Oréal,consumer_beauty,2024,1,2,chunk-5107,
ragas_esg_xdoc_018,IB_Sustainability_Report.pdf::chunk-0058,0,hard_negative_same_topic_or_entity,IB_Sustainability_Report.pdf,IB's Sustainability Report,Iberdrola,utilities_power,,9,12,chunk-0058,
ragas_esg_xdoc_018,IB_Sustainability_Report.pdf::chunk-0059,0,hard_negative_same_topic_or_entity,IB_Sustainability_Report.pdf,IB's Sustainability Report,Iberdrola,utilities_power,,12,13,chunk-0059,
ragas_esg_xdoc_018,Siemens_ESG.pdf::chunk-0726,0,hard_negative_same_topic_or_entity,Siemens_ESG.pdf,Siemens' ESG Report,Siemens,industrial_technology,,1,2,chunk-0726,
ragas_esg_xdoc_018,Siemens_ESG.pdf::chunk-0727,0,hard_negative_same_topic_or_entity,Siemens_ESG.pdf,Siemens' ESG Report,Siemens,industrial_technology,,2,3,chunk-0727,4. Governance information 4.1 Business conduct 4.2 Cybersecurity and data privacy
ragas_esg_xdoc_018,18261.ar.en.2024.pdf::chunk-5098,0,hard_negative_same_topic_or_entity,18261.ar.en.2024.pdf,18261 AR's 2024 Report,Hermès,luxury_goods,2024,1,4,chunk-5098,ACTIVITY REPORT 2024
ragas_esg_xdoc_018,18261.ar.en.2024.pdf::chunk-5100,0,hard_negative_same_topic_or_entity,18261.ar.en.2024.pdf,18261 AR's 2024 Report,Hermès,luxury_goods,2024,5,8,chunk-5100,"A SUSTAINABLE, ARTISANAL BUSINESS MODEL"
ragas_esg_xdoc_019,IB_Sustainability_Report.pdf::chunk-0053,0,hard_negative_same_topic_or_entity,IB_Sustainability_Report.pdf,IB's Sustainability Report,Iberdrola,utilities_power,,2,5,chunk-0053,
ragas_esg_xdoc_019,IB_Sustainability_Report.pdf::chunk-0054,0,hard_negative_same_topic_or_entity,IB_Sustainability_Report.pdf,IB's Sustainability Report,Iberdrola,utilities_power,,5,6,chunk-0054,
ragas_esg_xdoc_019,Siemens_ESG.pdf::chunk-0726,0,hard_negative_same_topic_or_entity,Siemens_ESG.pdf,Siemens' ESG Report,Siemens,industrial_technology,,1,2,chunk-0726,
ragas_esg_xdoc_019,Siemens_ESG.pdf::chunk-0728,0,hard_negative_same_topic_or_entity,Siemens_ESG.pdf,Siemens' ESG Report,Siemens,industrial_technology,,3,3,chunk-0728,
ragas_esg_xdoc_019,18261.ar.en.2024.pdf::chunk-5098,0,hard_negative_same_topic_or_entity,18261.ar.en.2024.pdf,18261 AR's 2024 Report,Hermès,luxury_goods,2024,1,4,chunk-5098,ACTIVITY REPORT 2024
ragas_esg_xdoc_019,18261.ar.en.2024.pdf::chunk-5100,0,hard_negative_same_topic_or_entity,18261.ar.en.2024.pdf,18261 AR's 2024 Report,Hermès,luxury_goods,2024,5,8,chunk-5100,"A SUSTAINABLE, ARTISANAL BUSINESS MODEL"
ragas_esg_xdoc_020,IB_Sustainability_Report.pdf::chunk-0058,0,hard_negative_same_topic_or_entity,IB_Sustainability_Report.pdf,IB's Sustainability Report,Iberdrola,utilities_power,,9,12,chunk-0058,
ragas_esg_xdoc_020,IB_Sustainability_Report.pdf::chunk-0059,0,hard_negative_same_topic_or_entity,IB_Sustainability_Report.pdf,IB's Sustainability Report,Iberdrola,utilities_power,,12,13,chunk-0059,
ragas_esg_xdoc_020,Siemens_ESG.pdf::chunk-0726,0,hard_negative_same_topic_or_entity,Siemens_ESG.pdf,Siemens' ESG Report,Siemens,industrial_technology,,1,2,chunk-0726,
ragas_esg_xdoc_020,Siemens_ESG.pdf::chunk-0727,0,hard_negative_same_topic_or_entity,Siemens_ESG.pdf,Siemens' ESG Report,Siemens,industrial_technology,,2,3,chunk-0727,4. Governance information 4.1 Business conduct 4.2 Cybersecurity and data privacy
ragas_esg_xdoc_020,18261.ar.en.2024.pdf::chunk-5098,0,hard_negative_same_topic_or_entity,18261.ar.en.2024.pdf,18261 AR's 2024 Report,Hermès,luxury_goods,2024,1,4,chunk-5098,ACTIVITY REPORT 2024
ragas_esg_xdoc_020,18261.ar.en.2024.pdf::chunk-5100,0,hard_negative_same_topic_or_entity,18261.ar.en.2024.pdf,18261 AR's 2024 Report,Hermès,luxury_goods,2024,5,8,chunk-5100,"A SUSTAINABLE, ARTISANAL BUSINESS MODEL"
ragas_esg_xdoc_021,IB_Sustainability_Report.pdf::chunk-0053,0,hard_negative_same_topic_or_entity,IB_Sustainability_Report.pdf,IB's Sustainability Report,Iberdrola,utilities_power,,2,5,chunk-0053,
ragas_esg_xdoc_021,IB_Sustainability_Report.pdf::chunk-0054,0,hard_negative_same_topic_or_entity,IB_Sustainability_Report.pdf,IB's Sustainability Report,Iberdrola,utilities_power,,5,6,chunk-0054,
ragas_esg_xdoc_021,Siemens_ESG.pdf::chunk-0726,0,hard_negative_same_topic_or_entity,Siemens_ESG.pdf,Siemens' ESG Report,Siemens,industrial_technology,,1,2,chunk-0726,
ragas_esg_xdoc_021,Siemens_ESG.pdf::chunk-0727,0,hard_negative_same_topic_or_entity,Siemens_ESG.pdf,Siemens' ESG Report,Siemens,industrial_technology,,2,3,chunk-0727,4. Governance information 4.1 Business conduct 4.2 Cybersecurity and data privacy
ragas_esg_xdoc_021,423.esg.en.2024.pdf::chunk-5750,0,hard_negative_same_topic_or_entity,423.esg.en.2024.pdf,423's 2024 ESG Report,Unknown,unknown,2024,98,99,chunk-5750,
ragas_esg_xdoc_021,2025_climate_report_9706fb9c.pdf::chunk-7360,0,hard_negative_same_topic_or_entity,2025_climate_report_9706fb9c.pdf,9706fb9c's 2025 Climate Report,Airbus,aerospace,2025,33,35,chunk-7360,
ragas_esg_xdoc_022,IB_Sustainability_Report.pdf::chunk-0053,0,hard_negative_same_topic_or_entity,IB_Sustainability_Report.pdf,IB's Sustainability Report,Iberdrola,utilities_power,,2,5,chunk-0053,
ragas_esg_xdoc_022,IB_Sustainability_Report.pdf::chunk-0054,0,hard_negative_same_topic_or_entity,IB_Sustainability_Report.pdf,IB's Sustainability Report,Iberdrola,utilities_power,,5,6,chunk-0054,
ragas_esg_xdoc_022,Siemens_ESG.pdf::chunk-0726,0,hard_negative_same_topic_or_entity,Siemens_ESG.pdf,Siemens' ESG Report,Siemens,industrial_technology,,1,2,chunk-0726,
ragas_esg_xdoc_022,Siemens_ESG.pdf::chunk-0728,0,hard_negative_same_topic_or_entity,Siemens_ESG.pdf,Siemens' ESG Report,Siemens,industrial_technology,,3,3,chunk-0728,
ragas_esg_xdoc_022,18261.ar.en.2024.pdf::chunk-5098,0,hard_negative_same_topic_or_entity,18261.ar.en.2024.pdf,18261 AR's 2024 Report,Hermès,luxury_goods,2024,1,4,chunk-5098,ACTIVITY REPORT 2024
ragas_esg_xdoc_022,18261.ar.en.2024.pdf::chunk-5100,0,hard_negative_same_topic_or_entity,18261.ar.en.2024.pdf,18261 AR's 2024 Report,Hermès,luxury_goods,2024,5,8,chunk-5100,"A SUSTAINABLE, ARTISANAL BUSINESS MODEL"
ragas_esg_xdoc_023,IB_Sustainability_Report.pdf::chunk-0058,0,hard_negative_same_topic_or_entity,IB_Sustainability_Report.pdf,IB's Sustainability Report,Iberdrola,utilities_power,,9,12,chunk-0058,
ragas_esg_xdoc_023,IB_Sustainability_Report.pdf::chunk-0059,0,hard_negative_same_topic_or_entity,IB_Sustainability_Report.pdf,IB's Sustainability Report,Iberdrola,utilities_power,,12,13,chunk-0059,
ragas_esg_xdoc_023,Siemens_ESG.pdf::chunk-0726,0,hard_negative_same_topic_or_entity,Siemens_ESG.pdf,Siemens' ESG Report,Siemens,industrial_technology,,1,2,chunk-0726,
ragas_esg_xdoc_023,Siemens_ESG.pdf::chunk-0727,0,hard_negative_same_topic_or_entity,Siemens_ESG.pdf,Siemens' ESG Report,Siemens,industrial_technology,,2,3,chunk-0727,4. Governance information 4.1 Business conduct 4.2 Cybersecurity and data privacy
ragas_esg_xdoc_023,18261.ar.en.2024.pdf::chunk-5098,0,hard_negative_same_topic_or_entity,18261.ar.en.2024.pdf,18261 AR's 2024 Report,Hermès,luxury_goods,2024,1,4,chunk-5098,ACTIVITY REPORT 2024
ragas_esg_xdoc_023,18261.ar.en.2024.pdf::chunk-5100,0,hard_negative_same_topic_or_entity,18261.ar.en.2024.pdf,18261 AR's 2024 Report,Hermès,luxury_goods,2024,5,8,chunk-5100,"A SUSTAINABLE, ARTISANAL BUSINESS MODEL"
ragas_esg_xdoc_024,IB_Sustainability_Report.pdf::chunk-0053,0,hard_negative_same_topic_or_entity,IB_Sustainability_Report.pdf,IB's Sustainability Report,Iberdrola,utilities_power,,2,5,chunk-0053,
ragas_esg_xdoc_024,IB_Sustainability_Report.pdf::chunk-0054,0,hard_negative_same_topic_or_entity,IB_Sustainability_Report.pdf,IB's Sustainability Report,Iberdrola,utilities_power,,5,6,chunk-0054,
ragas_esg_xdoc_024,Siemens_ESG.pdf::chunk-0726,0,hard_negative_same_topic_or_entity,Siemens_ESG.pdf,Siemens' ESG Report,Siemens,industrial_technology,,1,2,chunk-0726,
ragas_esg_xdoc_024,Siemens_ESG.pdf::chunk-0728,0,hard_negative_same_topic_or_entity,Siemens_ESG.pdf,Siemens' ESG Report,Siemens,industrial_technology,,3,3,chunk-0728,
ragas_esg_xdoc_024,18261.ar.en.2024.pdf::chunk-5098,0,hard_negative_same_topic_or_entity,18261.ar.en.2024.pdf,18261 AR's 2024 Report,Hermès,luxury_goods,2024,1,4,chunk-5098,ACTIVITY REPORT 2024
ragas_esg_xdoc_024,18261.ar.en.2024.pdf::chunk-5100,0,hard_negative_same_topic_or_entity,18261.ar.en.2024.pdf,18261 AR's 2024 Report,Hermès,luxury_goods,2024,5,8,chunk-5100,"A SUSTAINABLE, ARTISANAL BUSINESS MODEL"
