question_id,corpus_id,relevance_grade,relevance_label,citation_source_file,citation_display_title,citation_company,citation_sector,citation_report_year,citation_page_start,citation_page_end,citation_chunk_id,citation_section_title
ragas_esg_01_01,2025_thematic_report_91bab808.pdf::chunk-7436,3,direct_answer,2025_thematic_report_91bab808.pdf,Thematic 91bab808's 2025 Report,Airbus,aerospace,2025,1,1,chunk-7436,
ragas_esg_01_01,2025_climate_report_9706fb9c.pdf::chunk-7341,0,hard_negative,2025_climate_report_9706fb9c.pdf,9706fb9c's 2025 Climate Report,Airbus,aerospace,2025,1,2,chunk-7341,
ragas_esg_01_01,2025_climate_report_9706fb9c.pdf::chunk-7342,0,hard_negative,2025_climate_report_9706fb9c.pdf,9706fb9c's 2025 Climate Report,Airbus,aerospace,2025,2,4,chunk-7342,
ragas_esg_01_01,IB_Sustainability_Report.pdf::chunk-0058,0,hard_negative,IB_Sustainability_Report.pdf,IB's Sustainability Report,Iberdrola,utilities_power,,9,12,chunk-0058,
ragas_esg_01_01,IB_Sustainability_Report.pdf::chunk-0059,0,hard_negative,IB_Sustainability_Report.pdf,IB's Sustainability Report,Iberdrola,utilities_power,,12,13,chunk-0059,
ragas_esg_01_01,Siemens_ESG.pdf::chunk-0726,0,hard_negative,Siemens_ESG.pdf,Siemens' ESG Report,Siemens,industrial_technology,,1,2,chunk-0726,
ragas_esg_02_01,2023_thematic_report_4c1eb352.pdf::chunk-7894,3,direct_answer,2023_thematic_report_4c1eb352.pdf,Thematic 4c1eb352's 2023 Report,BNP Paribas,banking_financial_services,2023,1,1,chunk-7894,
ragas_esg_02_01,2024_sustainability_report_44182ca9.pdf::chunk-8182,0,hard_negative,2024_sustainability_report_44182ca9.pdf,44182ca9's 2024 Sustainability Report,BNP Paribas,banking_financial_services,2024,1,4,chunk-8182,2024 CSR achievements BNP PARIBAS SUPPORTING ITS CLIENTS’ TRANSITION
ragas_esg_02_01,2024_sustainability_report_44182ca9.pdf::chunk-8183,0,hard_negative,2024_sustainability_report_44182ca9.pdf,44182ca9's 2024 Sustainability Report,BNP Paribas,banking_financial_services,2024,4,5,chunk-8183,
ragas_esg_02_01,IB_Sustainability_Report.pdf::chunk-0053,0,hard_negative,IB_Sustainability_Report.pdf,IB's Sustainability Report,Iberdrola,utilities_power,,2,5,chunk-0053,
ragas_esg_02_01,IB_Sustainability_Report.pdf::chunk-0054,0,hard_negative,IB_Sustainability_Report.pdf,IB's Sustainability Report,Iberdrola,utilities_power,,5,6,chunk-0054,
ragas_esg_02_01,Siemens_ESG.pdf::chunk-0726,0,hard_negative,Siemens_ESG.pdf,Siemens' ESG Report,Siemens,industrial_technology,,1,2,chunk-0726,
ragas_esg_03_01,2024_thematic_report_24be3308.pdf::chunk-13166,3,direct_answer,2024_thematic_report_24be3308.pdf,Thematic 24be3308's 2024 Report,Danone,food_beverage,2024,1,1,chunk-13166,
ragas_esg_03_01,2024_thematic_report_24be3308.pdf::chunk-13167,1,adjacent_section_context,2024_thematic_report_24be3308.pdf,Thematic 24be3308's 2024 Report,Danone,food_beverage,2024,1,1,chunk-13167,S Y S T E M O F P A R T N E R S T H R I V I N G P E O P L E
ragas_esg_03_01,2023_integrated_report_c47ec973.pdf::chunk-11678,0,hard_negative,2023_integrated_report_c47ec973.pdf,C47ec973's 2023 Integrated Report,Danone,food_beverage,2023,1,3,chunk-11678,1 2 APRIL 2024 ANNUAL INTEGRATED REPORT Danone’s sustainability performance 2023
ragas_esg_03_01,2023_integrated_report_c47ec973.pdf::chunk-11679,0,hard_negative,2023_integrated_report_c47ec973.pdf,C47ec973's 2023 Integrated Report,Danone,food_beverage,2023,3,4,chunk-11679,
ragas_esg_03_01,2025_integrated_report_c3cd8894.pdf::chunk-13237,0,hard_negative,2025_integrated_report_c3cd8894.pdf,C3cd8894's 2025 Integrated Report,Danone,food_beverage,2025,1,2,chunk-13237,2025 Danone’s performance and impact ANNUAL INTEGRATED REPORT APRIL 2026
ragas_esg_03_01,2025_integrated_report_c3cd8894.pdf::chunk-13238,0,hard_negative,2025_integrated_report_c3cd8894.pdf,C3cd8894's 2025 Integrated Report,Danone,food_beverage,2025,2,3,chunk-13238,
ragas_esg_03_01,2025_urd_99c343a1.pdf::chunk-13970,0,hard_negative,2025_urd_99c343a1.pdf,URD 99c343a1's 2025 Report,Danone,food_beverage,2025,1,2,chunk-13970,UNIVERSAL REGISTRATION DOCUMENT ANNUAL FINANCIAL REPORT 2024
ragas_esg_04_01,2023_framework_disclosure_a1d018fd.pdf::chunk-24302,3,direct_answer,2023_framework_disclosure_a1d018fd.pdf,Framework Disclosure A1d018fd's 2023 Report,ENGIE,utilities_energy,2023,1,1,chunk-24302,
ragas_esg_04_01,2023_framework_disclosure_a1d018fd.pdf::chunk-24301,1,adjacent_section_context,2023_framework_disclosure_a1d018fd.pdf,Framework Disclosure A1d018fd's 2023 Report,ENGIE,utilities_energy,2023,1,1,chunk-24301,
ragas_esg_04_01,2021_integrated_report_1efcc316.pdf::chunk-24161,0,hard_negative,2021_integrated_report_1efcc316.pdf,1efcc316's 2021 Integrated Report,ENGIE,utilities_energy,2021,1,3,chunk-24161,2021 Integrated Report * J’agis avec ENGIE.
ragas_esg_04_01,2021_integrated_report_1efcc316.pdf::chunk-24162,0,hard_negative,2021_integrated_report_1efcc316.pdf,1efcc316's 2021 Integrated Report,ENGIE,utilities_energy,2021,3,4,chunk-24162,
ragas_esg_04_01,2023_framework_disclosure_a1d018fd.pdf::chunk-24304,0,hard_negative,2023_framework_disclosure_a1d018fd.pdf,Framework Disclosure A1d018fd's 2023 Report,ENGIE,utilities_energy,2023,2,2,chunk-24304,
ragas_esg_04_01,2023_framework_disclosure_a1d018fd.pdf::chunk-24305,0,hard_negative,2023_framework_disclosure_a1d018fd.pdf,Framework Disclosure A1d018fd's 2023 Report,ENGIE,utilities_energy,2023,2,3,chunk-24305,
ragas_esg_04_01,2025_sustainability_report_0478ad88.pdf::chunk-24546,0,hard_negative,2025_sustainability_report_0478ad88.pdf,0478ad88's 2025 Sustainability Report,ENGIE,utilities_energy,2025,1,5,chunk-24546,2024 ESG AT ENGIE 1 ESG at ENGIE 2024
ragas_esg_04_02,2023_framework_disclosure_a1d018fd.pdf::chunk-24303,3,direct_answer,2023_framework_disclosure_a1d018fd.pdf,Framework Disclosure A1d018fd's 2023 Report,ENGIE,utilities_energy,2023,1,2,chunk-24303,
ragas_esg_04_02,2023_framework_disclosure_a1d018fd.pdf::chunk-24302,1,adjacent_section_context,2023_framework_disclosure_a1d018fd.pdf,Framework Disclosure A1d018fd's 2023 Report,ENGIE,utilities_energy,2023,1,1,chunk-24302,
ragas_esg_04_02,2021_integrated_report_1efcc316.pdf::chunk-24161,0,hard_negative,2021_integrated_report_1efcc316.pdf,1efcc316's 2021 Integrated Report,ENGIE,utilities_energy,2021,1,3,chunk-24161,2021 Integrated Report * J’agis avec ENGIE.
ragas_esg_04_02,2021_integrated_report_1efcc316.pdf::chunk-24162,0,hard_negative,2021_integrated_report_1efcc316.pdf,1efcc316's 2021 Integrated Report,ENGIE,utilities_energy,2021,3,4,chunk-24162,
ragas_esg_04_02,2023_framework_disclosure_a1d018fd.pdf::chunk-24305,0,hard_negative,2023_framework_disclosure_a1d018fd.pdf,Framework Disclosure A1d018fd's 2023 Report,ENGIE,utilities_energy,2023,2,3,chunk-24305,
ragas_esg_04_02,2025_sustainability_report_0478ad88.pdf::chunk-24546,0,hard_negative,2025_sustainability_report_0478ad88.pdf,0478ad88's 2025 Sustainability Report,ENGIE,utilities_energy,2025,1,5,chunk-24546,2024 ESG AT ENGIE 1 ESG at ENGIE 2024
ragas_esg_04_02,2025_sustainability_report_0478ad88.pdf::chunk-24547,0,hard_negative,2025_sustainability_report_0478ad88.pdf,0478ad88's 2025 Sustainability Report,ENGIE,utilities_energy,2025,5,6,chunk-24547,
ragas_esg_04_03,2023_framework_disclosure_a1d018fd.pdf::chunk-24301,3,direct_answer,2023_framework_disclosure_a1d018fd.pdf,Framework Disclosure A1d018fd's 2023 Report,ENGIE,utilities_energy,2023,1,1,chunk-24301,
ragas_esg_04_03,2023_framework_disclosure_a1d018fd.pdf::chunk-24302,1,adjacent_section_context,2023_framework_disclosure_a1d018fd.pdf,Framework Disclosure A1d018fd's 2023 Report,ENGIE,utilities_energy,2023,1,1,chunk-24302,
ragas_esg_04_03,2021_integrated_report_1efcc316.pdf::chunk-24161,0,hard_negative,2021_integrated_report_1efcc316.pdf,1efcc316's 2021 Integrated Report,ENGIE,utilities_energy,2021,1,3,chunk-24161,2021 Integrated Report * J’agis avec ENGIE.
ragas_esg_04_03,2021_integrated_report_1efcc316.pdf::chunk-24162,0,hard_negative,2021_integrated_report_1efcc316.pdf,1efcc316's 2021 Integrated Report,ENGIE,utilities_energy,2021,3,4,chunk-24162,
ragas_esg_04_03,2023_framework_disclosure_a1d018fd.pdf::chunk-24304,0,hard_negative,2023_framework_disclosure_a1d018fd.pdf,Framework Disclosure A1d018fd's 2023 Report,ENGIE,utilities_energy,2023,2,2,chunk-24304,
ragas_esg_04_03,2023_framework_disclosure_a1d018fd.pdf::chunk-24305,0,hard_negative,2023_framework_disclosure_a1d018fd.pdf,Framework Disclosure A1d018fd's 2023 Report,ENGIE,utilities_energy,2023,2,3,chunk-24305,
ragas_esg_04_03,2025_sustainability_report_0478ad88.pdf::chunk-24546,0,hard_negative,2025_sustainability_report_0478ad88.pdf,0478ad88's 2025 Sustainability Report,ENGIE,utilities_energy,2025,1,5,chunk-24546,2024 ESG AT ENGIE 1 ESG at ENGIE 2024
ragas_esg_04_04,2023_framework_disclosure_a1d018fd.pdf::chunk-24304,3,direct_answer,2023_framework_disclosure_a1d018fd.pdf,Framework Disclosure A1d018fd's 2023 Report,ENGIE,utilities_energy,2023,2,2,chunk-24304,
ragas_esg_04_04,2023_framework_disclosure_a1d018fd.pdf::chunk-24303,1,adjacent_section_context,2023_framework_disclosure_a1d018fd.pdf,Framework Disclosure A1d018fd's 2023 Report,ENGIE,utilities_energy,2023,1,2,chunk-24303,
ragas_esg_04_04,2021_integrated_report_1efcc316.pdf::chunk-24161,0,hard_negative,2021_integrated_report_1efcc316.pdf,1efcc316's 2021 Integrated Report,ENGIE,utilities_energy,2021,1,3,chunk-24161,2021 Integrated Report * J’agis avec ENGIE.
ragas_esg_04_04,2021_integrated_report_1efcc316.pdf::chunk-24162,0,hard_negative,2021_integrated_report_1efcc316.pdf,1efcc316's 2021 Integrated Report,ENGIE,utilities_energy,2021,3,4,chunk-24162,
ragas_esg_04_04,2023_framework_disclosure_a1d018fd.pdf::chunk-24301,0,hard_negative,2023_framework_disclosure_a1d018fd.pdf,Framework Disclosure A1d018fd's 2023 Report,ENGIE,utilities_energy,2023,1,1,chunk-24301,
ragas_esg_04_04,2025_sustainability_report_0478ad88.pdf::chunk-24546,0,hard_negative,2025_sustainability_report_0478ad88.pdf,0478ad88's 2025 Sustainability Report,ENGIE,utilities_energy,2025,1,5,chunk-24546,2024 ESG AT ENGIE 1 ESG at ENGIE 2024
ragas_esg_04_04,2025_sustainability_report_0478ad88.pdf::chunk-24547,0,hard_negative,2025_sustainability_report_0478ad88.pdf,0478ad88's 2025 Sustainability Report,ENGIE,utilities_energy,2025,5,6,chunk-24547,
ragas_esg_05_01,undated_framework_disclosure_f9072c40.pdf::chunk-24095,3,direct_answer,undated_framework_disclosure_f9072c40.pdf,Undated Framework Disclosure F9072c40's Report,Enel,utilities_power,,3,4,chunk-24095,
ragas_esg_05_01,undated_framework_disclosure_f9072c40.pdf::chunk-24094,1,adjacent_section_context,undated_framework_disclosure_f9072c40.pdf,Undated Framework Disclosure F9072c40's Report,Enel,utilities_power,,1,3,chunk-24094,ADDITIONAL ESG KEY PERFORMANCE INDICATORS
ragas_esg_05_01,2011_sustainability_report_73deaa4c.pdf::chunk-16601,0,hard_negative,2011_sustainability_report_73deaa4c.pdf,73deaa4c's 2011 Sustainability Report,Enel,utilities_power,2011,1,7,chunk-16601,C E R T I F I E D B Y T H E C R F I N S T I T U T E
ragas_esg_05_01,2011_sustainability_report_73deaa4c.pdf::chunk-16602,0,hard_negative,2011_sustainability_report_73deaa4c.pdf,73deaa4c's 2011 Sustainability Report,Enel,utilities_power,2011,6,9,chunk-16602,3.5.1 Listening and discussing 122
ragas_esg_05_01,2019_framework_disclosure_c403a763.pdf::chunk-19206,0,hard_negative,2019_framework_disclosure_c403a763.pdf,Framework Disclosure C403a763's 2019 Report,Enel,utilities_power,2019,1,4,chunk-19206,WE EMPOWER SUSTAINABLE PROGRESS. OPEN POWER FOR A BRIGHTER FUTURE. GREEN BOND REPORT 2019
ragas_esg_05_01,2019_framework_disclosure_c403a763.pdf::chunk-19207,0,hard_negative,2019_framework_disclosure_c403a763.pdf,Framework Disclosure C403a763's 2019 Report,Enel,utilities_power,2019,4,5,chunk-19207,
ragas_esg_05_01,2023_sustainability_report_0915a868.pdf::chunk-21859,0,hard_negative,2023_sustainability_report_0915a868.pdf,0915a868's 2023 Sustainability Report,Enel,utilities_power,2023,1,1,chunk-21859,"1 Half-year sustainability disclosures at June 30, 2023"
ragas_esg_05_02,undated_framework_disclosure_f9072c40.pdf::chunk-24094,3,direct_answer,undated_framework_disclosure_f9072c40.pdf,Undated Framework Disclosure F9072c40's Report,Enel,utilities_power,,1,3,chunk-24094,ADDITIONAL ESG KEY PERFORMANCE INDICATORS
ragas_esg_05_02,undated_framework_disclosure_f9072c40.pdf::chunk-24095,1,adjacent_section_context,undated_framework_disclosure_f9072c40.pdf,Undated Framework Disclosure F9072c40's Report,Enel,utilities_power,,3,4,chunk-24095,
ragas_esg_05_02,2011_sustainability_report_73deaa4c.pdf::chunk-16601,0,hard_negative,2011_sustainability_report_73deaa4c.pdf,73deaa4c's 2011 Sustainability Report,Enel,utilities_power,2011,1,7,chunk-16601,C E R T I F I E D B Y T H E C R F I N S T I T U T E
ragas_esg_05_02,2011_sustainability_report_73deaa4c.pdf::chunk-16602,0,hard_negative,2011_sustainability_report_73deaa4c.pdf,73deaa4c's 2011 Sustainability Report,Enel,utilities_power,2011,6,9,chunk-16602,3.5.1 Listening and discussing 122
ragas_esg_05_02,2019_framework_disclosure_c403a763.pdf::chunk-19206,0,hard_negative,2019_framework_disclosure_c403a763.pdf,Framework Disclosure C403a763's 2019 Report,Enel,utilities_power,2019,1,4,chunk-19206,WE EMPOWER SUSTAINABLE PROGRESS. OPEN POWER FOR A BRIGHTER FUTURE. GREEN BOND REPORT 2019
ragas_esg_05_02,2019_framework_disclosure_c403a763.pdf::chunk-19207,0,hard_negative,2019_framework_disclosure_c403a763.pdf,Framework Disclosure C403a763's 2019 Report,Enel,utilities_power,2019,4,5,chunk-19207,
ragas_esg_05_02,2023_sustainability_report_0915a868.pdf::chunk-21859,0,hard_negative,2023_sustainability_report_0915a868.pdf,0915a868's 2023 Sustainability Report,Enel,utilities_power,2023,1,1,chunk-21859,"1 Half-year sustainability disclosures at June 30, 2023"
ragas_esg_06_01,18261.ar.en.2024.pdf::chunk-5106,3,direct_answer,18261.ar.en.2024.pdf,18261 AR's 2024 Report,Hermès,luxury_goods,2024,25,33,chunk-5106,
ragas_esg_06_01,18261.ar.en.2024.pdf::chunk-5105,1,adjacent_section_context,18261.ar.en.2024.pdf,18261 AR's 2024 Report,Hermès,luxury_goods,2024,15,26,chunk-5105,
ragas_esg_06_01,18261.ar.en.2024.pdf::chunk-5098,0,hard_negative,18261.ar.en.2024.pdf,18261 AR's 2024 Report,Hermès,luxury_goods,2024,1,4,chunk-5098,ACTIVITY REPORT 2024
ragas_esg_06_01,18261.ar.en.2024.pdf::chunk-5099,0,hard_negative,18261.ar.en.2024.pdf,18261 AR's 2024 Report,Hermès,luxury_goods,2024,4,5,chunk-5099,
ragas_esg_06_01,IB_Sustainability_Report.pdf::chunk-0053,0,hard_negative,IB_Sustainability_Report.pdf,IB's Sustainability Report,Iberdrola,utilities_power,,2,5,chunk-0053,
ragas_esg_06_01,IB_Sustainability_Report.pdf::chunk-0054,0,hard_negative,IB_Sustainability_Report.pdf,IB's Sustainability Report,Iberdrola,utilities_power,,5,6,chunk-0054,
ragas_esg_06_01,Siemens_ESG.pdf::chunk-0726,0,hard_negative,Siemens_ESG.pdf,Siemens' ESG Report,Siemens,industrial_technology,,1,2,chunk-0726,
ragas_esg_06_02,18261.ar.en.2024.pdf::chunk-5099,3,direct_answer,18261.ar.en.2024.pdf,18261 AR's 2024 Report,Hermès,luxury_goods,2024,4,5,chunk-5099,
ragas_esg_06_02,18261.ar.en.2024.pdf::chunk-5098,1,adjacent_section_context,18261.ar.en.2024.pdf,18261 AR's 2024 Report,Hermès,luxury_goods,2024,1,4,chunk-5098,ACTIVITY REPORT 2024
ragas_esg_06_02,18261.ar.en.2024.pdf::chunk-5101,0,hard_negative,18261.ar.en.2024.pdf,18261 AR's 2024 Report,Hermès,luxury_goods,2024,8,10,chunk-5101,
ragas_esg_06_02,18261.ar.en.2024.pdf::chunk-5102,0,hard_negative,18261.ar.en.2024.pdf,18261 AR's 2024 Report,Hermès,luxury_goods,2024,10,12,chunk-5102,
ragas_esg_06_02,IB_Sustainability_Report.pdf::chunk-0054,0,hard_negative,IB_Sustainability_Report.pdf,IB's Sustainability Report,Iberdrola,utilities_power,,5,6,chunk-0054,
ragas_esg_06_02,IB_Sustainability_Report.pdf::chunk-0059,0,hard_negative,IB_Sustainability_Report.pdf,IB's Sustainability Report,Iberdrola,utilities_power,,12,13,chunk-0059,
ragas_esg_06_02,Siemens_ESG.pdf::chunk-0726,0,hard_negative,Siemens_ESG.pdf,Siemens' ESG Report,Siemens,industrial_technology,,1,2,chunk-0726,
ragas_esg_06_03,18261.ar.en.2024.pdf::chunk-5098,3,direct_answer,18261.ar.en.2024.pdf,18261 AR's 2024 Report,Hermès,luxury_goods,2024,1,4,chunk-5098,ACTIVITY REPORT 2024
ragas_esg_06_03,18261.ar.en.2024.pdf::chunk-5099,1,adjacent_section_context,18261.ar.en.2024.pdf,18261 AR's 2024 Report,Hermès,luxury_goods,2024,4,5,chunk-5099,
ragas_esg_06_03,18261.ar.en.2024.pdf::chunk-5101,0,hard_negative,18261.ar.en.2024.pdf,18261 AR's 2024 Report,Hermès,luxury_goods,2024,8,10,chunk-5101,
ragas_esg_06_03,18261.ar.en.2024.pdf::chunk-5102,0,hard_negative,18261.ar.en.2024.pdf,18261 AR's 2024 Report,Hermès,luxury_goods,2024,10,12,chunk-5102,
ragas_esg_06_03,IB_Sustainability_Report.pdf::chunk-0054,0,hard_negative,IB_Sustainability_Report.pdf,IB's Sustainability Report,Iberdrola,utilities_power,,5,6,chunk-0054,
ragas_esg_06_03,IB_Sustainability_Report.pdf::chunk-0059,0,hard_negative,IB_Sustainability_Report.pdf,IB's Sustainability Report,Iberdrola,utilities_power,,12,13,chunk-0059,
ragas_esg_06_03,Siemens_ESG.pdf::chunk-0726,0,hard_negative,Siemens_ESG.pdf,Siemens' ESG Report,Siemens,industrial_technology,,1,2,chunk-0726,
ragas_esg_06_04,18261.ar.en.2024.pdf::chunk-5100,3,direct_answer,18261.ar.en.2024.pdf,18261 AR's 2024 Report,Hermès,luxury_goods,2024,5,8,chunk-5100,"A SUSTAINABLE, ARTISANAL BUSINESS MODEL"
ragas_esg_06_04,18261.ar.en.2024.pdf::chunk-5099,1,adjacent_section_context,18261.ar.en.2024.pdf,18261 AR's 2024 Report,Hermès,luxury_goods,2024,4,5,chunk-5099,
ragas_esg_06_04,18261.ar.en.2024.pdf::chunk-5102,0,hard_negative,18261.ar.en.2024.pdf,18261 AR's 2024 Report,Hermès,luxury_goods,2024,10,12,chunk-5102,
ragas_esg_06_04,18261.ar.en.2024.pdf::chunk-5103,0,hard_negative,18261.ar.en.2024.pdf,18261 AR's 2024 Report,Hermès,luxury_goods,2024,12,13,chunk-5103,
ragas_esg_06_04,IB_Sustainability_Report.pdf::chunk-0054,0,hard_negative,IB_Sustainability_Report.pdf,IB's Sustainability Report,Iberdrola,utilities_power,,5,6,chunk-0054,
ragas_esg_06_04,IB_Sustainability_Report.pdf::chunk-0059,0,hard_negative,IB_Sustainability_Report.pdf,IB's Sustainability Report,Iberdrola,utilities_power,,12,13,chunk-0059,
ragas_esg_06_04,Siemens_ESG.pdf::chunk-0726,0,hard_negative,Siemens_ESG.pdf,Siemens' ESG Report,Siemens,industrial_technology,,1,2,chunk-0726,
ragas_esg_07_01,IB_Sustainability_Report.pdf::chunk-0093,3,direct_answer,IB_Sustainability_Report.pdf,IB's Sustainability Report,Iberdrola,utilities_power,,48,49,chunk-0093,
ragas_esg_07_01,IB_Sustainability_Report.pdf::chunk-0092,1,adjacent_section_context,IB_Sustainability_Report.pdf,IB's Sustainability Report,Iberdrola,utilities_power,,47,48,chunk-0092,
ragas_esg_07_01,IB_Sustainability_Report.pdf::chunk-0053,0,hard_negative,IB_Sustainability_Report.pdf,IB's Sustainability Report,Iberdrola,utilities_power,,2,5,chunk-0053,
ragas_esg_07_01,IB_Sustainability_Report.pdf::chunk-0054,0,hard_negative,IB_Sustainability_Report.pdf,IB's Sustainability Report,Iberdrola,utilities_power,,5,6,chunk-0054,
ragas_esg_07_01,2011_sustainability_report_73deaa4c.pdf::chunk-16601,0,hard_negative,2011_sustainability_report_73deaa4c.pdf,73deaa4c's 2011 Sustainability Report,Enel,utilities_power,2011,1,7,chunk-16601,C E R T I F I E D B Y T H E C R F I N S T I T U T E
ragas_esg_07_01,2011_sustainability_report_73deaa4c.pdf::chunk-16602,0,hard_negative,2011_sustainability_report_73deaa4c.pdf,73deaa4c's 2011 Sustainability Report,Enel,utilities_power,2011,6,9,chunk-16602,3.5.1 Listening and discussing 122
ragas_esg_07_01,2019_framework_disclosure_c403a763.pdf::chunk-19206,0,hard_negative,2019_framework_disclosure_c403a763.pdf,Framework Disclosure C403a763's 2019 Report,Enel,utilities_power,2019,1,4,chunk-19206,WE EMPOWER SUSTAINABLE PROGRESS. OPEN POWER FOR A BRIGHTER FUTURE. GREEN BOND REPORT 2019
ragas_esg_07_02,IB_Sustainability_Report.pdf::chunk-0079,3,direct_answer,IB_Sustainability_Report.pdf,IB's Sustainability Report,Iberdrola,utilities_power,,33,34,chunk-0079,
ragas_esg_07_02,IB_Sustainability_Report.pdf::chunk-0078,1,adjacent_section_context,IB_Sustainability_Report.pdf,IB's Sustainability Report,Iberdrola,utilities_power,,32,33,chunk-0078,
ragas_esg_07_02,IB_Sustainability_Report.pdf::chunk-0053,0,hard_negative,IB_Sustainability_Report.pdf,IB's Sustainability Report,Iberdrola,utilities_power,,2,5,chunk-0053,
ragas_esg_07_02,IB_Sustainability_Report.pdf::chunk-0054,0,hard_negative,IB_Sustainability_Report.pdf,IB's Sustainability Report,Iberdrola,utilities_power,,5,6,chunk-0054,
ragas_esg_07_02,2011_sustainability_report_73deaa4c.pdf::chunk-16601,0,hard_negative,2011_sustainability_report_73deaa4c.pdf,73deaa4c's 2011 Sustainability Report,Enel,utilities_power,2011,1,7,chunk-16601,C E R T I F I E D B Y T H E C R F I N S T I T U T E
ragas_esg_07_02,2011_sustainability_report_73deaa4c.pdf::chunk-16602,0,hard_negative,2011_sustainability_report_73deaa4c.pdf,73deaa4c's 2011 Sustainability Report,Enel,utilities_power,2011,6,9,chunk-16602,3.5.1 Listening and discussing 122
ragas_esg_07_02,2019_framework_disclosure_c403a763.pdf::chunk-19206,0,hard_negative,2019_framework_disclosure_c403a763.pdf,Framework Disclosure C403a763's 2019 Report,Enel,utilities_power,2019,1,4,chunk-19206,WE EMPOWER SUSTAINABLE PROGRESS. OPEN POWER FOR A BRIGHTER FUTURE. GREEN BOND REPORT 2019
ragas_esg_07_03,IB_Sustainability_Report.pdf::chunk-0107,3,direct_answer,IB_Sustainability_Report.pdf,IB's Sustainability Report,Iberdrola,utilities_power,,63,64,chunk-0107,
ragas_esg_07_03,IB_Sustainability_Report.pdf::chunk-0106,1,adjacent_section_context,IB_Sustainability_Report.pdf,IB's Sustainability Report,Iberdrola,utilities_power,,62,63,chunk-0106,
ragas_esg_07_03,IB_Sustainability_Report.pdf::chunk-0053,0,hard_negative,IB_Sustainability_Report.pdf,IB's Sustainability Report,Iberdrola,utilities_power,,2,5,chunk-0053,
ragas_esg_07_03,IB_Sustainability_Report.pdf::chunk-0054,0,hard_negative,IB_Sustainability_Report.pdf,IB's Sustainability Report,Iberdrola,utilities_power,,5,6,chunk-0054,
ragas_esg_07_03,2011_sustainability_report_73deaa4c.pdf::chunk-16601,0,hard_negative,2011_sustainability_report_73deaa4c.pdf,73deaa4c's 2011 Sustainability Report,Enel,utilities_power,2011,1,7,chunk-16601,C E R T I F I E D B Y T H E C R F I N S T I T U T E
ragas_esg_07_03,2011_sustainability_report_73deaa4c.pdf::chunk-16602,0,hard_negative,2011_sustainability_report_73deaa4c.pdf,73deaa4c's 2011 Sustainability Report,Enel,utilities_power,2011,6,9,chunk-16602,3.5.1 Listening and discussing 122
ragas_esg_07_03,2019_framework_disclosure_c403a763.pdf::chunk-19206,0,hard_negative,2019_framework_disclosure_c403a763.pdf,Framework Disclosure C403a763's 2019 Report,Enel,utilities_power,2019,1,4,chunk-19206,WE EMPOWER SUSTAINABLE PROGRESS. OPEN POWER FOR A BRIGHTER FUTURE. GREEN BOND REPORT 2019
ragas_esg_07_04,IB_Sustainability_Report.pdf::chunk-0163,3,direct_answer,IB_Sustainability_Report.pdf,IB's Sustainability Report,Iberdrola,utilities_power,,120,121,chunk-0163,
ragas_esg_07_04,IB_Sustainability_Report.pdf::chunk-0162,1,adjacent_section_context,IB_Sustainability_Report.pdf,IB's Sustainability Report,Iberdrola,utilities_power,,119,120,chunk-0162,
ragas_esg_07_04,IB_Sustainability_Report.pdf::chunk-0053,0,hard_negative,IB_Sustainability_Report.pdf,IB's Sustainability Report,Iberdrola,utilities_power,,2,5,chunk-0053,
ragas_esg_07_04,IB_Sustainability_Report.pdf::chunk-0054,0,hard_negative,IB_Sustainability_Report.pdf,IB's Sustainability Report,Iberdrola,utilities_power,,5,6,chunk-0054,
ragas_esg_07_04,2011_sustainability_report_73deaa4c.pdf::chunk-16601,0,hard_negative,2011_sustainability_report_73deaa4c.pdf,73deaa4c's 2011 Sustainability Report,Enel,utilities_power,2011,1,7,chunk-16601,C E R T I F I E D B Y T H E C R F I N S T I T U T E
ragas_esg_07_04,2011_sustainability_report_73deaa4c.pdf::chunk-16602,0,hard_negative,2011_sustainability_report_73deaa4c.pdf,73deaa4c's 2011 Sustainability Report,Enel,utilities_power,2011,6,9,chunk-16602,3.5.1 Listening and discussing 122
ragas_esg_07_04,2019_framework_disclosure_c403a763.pdf::chunk-19206,0,hard_negative,2019_framework_disclosure_c403a763.pdf,Framework Disclosure C403a763's 2019 Report,Enel,utilities_power,2019,1,4,chunk-19206,WE EMPOWER SUSTAINABLE PROGRESS. OPEN POWER FOR A BRIGHTER FUTURE. GREEN BOND REPORT 2019
ragas_esg_08_01,426.ar.en.2024.pdf::chunk-5120,3,direct_answer,426.ar.en.2024.pdf,426 AR's 2024 Report,L'Oréal,consumer_beauty,2024,15,17,chunk-5120,
ragas_esg_08_01,426.ar.en.2024.pdf::chunk-5119,1,adjacent_section_context,426.ar.en.2024.pdf,426 AR's 2024 Report,L'Oréal,consumer_beauty,2024,14,15,chunk-5119,
ragas_esg_08_01,426.ar.en.2024.pdf::chunk-5107,0,hard_negative,426.ar.en.2024.pdf,426 AR's 2024 Report,L'Oréal,consumer_beauty,2024,1,2,chunk-5107,
ragas_esg_08_01,426.ar.en.2024.pdf::chunk-5108,0,hard_negative,426.ar.en.2024.pdf,426 AR's 2024 Report,L'Oréal,consumer_beauty,2024,2,3,chunk-5108,
ragas_esg_08_01,IB_Sustainability_Report.pdf::chunk-0058,0,hard_negative,IB_Sustainability_Report.pdf,IB's Sustainability Report,Iberdrola,utilities_power,,9,12,chunk-0058,
ragas_esg_08_01,IB_Sustainability_Report.pdf::chunk-0059,0,hard_negative,IB_Sustainability_Report.pdf,IB's Sustainability Report,Iberdrola,utilities_power,,12,13,chunk-0059,
ragas_esg_08_01,Siemens_ESG.pdf::chunk-0726,0,hard_negative,Siemens_ESG.pdf,Siemens' ESG Report,Siemens,industrial_technology,,1,2,chunk-0726,
ragas_esg_08_02,426.ar.en.2024.pdf::chunk-5114,3,direct_answer,426.ar.en.2024.pdf,426 AR's 2024 Report,L'Oréal,consumer_beauty,2024,8,9,chunk-5114,
ragas_esg_08_02,426.ar.en.2024.pdf::chunk-5113,1,adjacent_section_context,426.ar.en.2024.pdf,426 AR's 2024 Report,L'Oréal,consumer_beauty,2024,7,8,chunk-5113,
ragas_esg_08_02,426.ar.en.2024.pdf::chunk-5107,0,hard_negative,426.ar.en.2024.pdf,426 AR's 2024 Report,L'Oréal,consumer_beauty,2024,1,2,chunk-5107,
ragas_esg_08_02,426.ar.en.2024.pdf::chunk-5108,0,hard_negative,426.ar.en.2024.pdf,426 AR's 2024 Report,L'Oréal,consumer_beauty,2024,2,3,chunk-5108,
ragas_esg_08_02,IB_Sustainability_Report.pdf::chunk-0053,0,hard_negative,IB_Sustainability_Report.pdf,IB's Sustainability Report,Iberdrola,utilities_power,,2,5,chunk-0053,
ragas_esg_08_02,IB_Sustainability_Report.pdf::chunk-0054,0,hard_negative,IB_Sustainability_Report.pdf,IB's Sustainability Report,Iberdrola,utilities_power,,5,6,chunk-0054,
ragas_esg_08_02,Siemens_ESG.pdf::chunk-0726,0,hard_negative,Siemens_ESG.pdf,Siemens' ESG Report,Siemens,industrial_technology,,1,2,chunk-0726,
ragas_esg_08_03,426.ar.en.2024.pdf::chunk-5108,3,direct_answer,426.ar.en.2024.pdf,426 AR's 2024 Report,L'Oréal,consumer_beauty,2024,2,3,chunk-5108,
ragas_esg_08_03,426.ar.en.2024.pdf::chunk-5107,1,adjacent_section_context,426.ar.en.2024.pdf,426 AR's 2024 Report,L'Oréal,consumer_beauty,2024,1,2,chunk-5107,
ragas_esg_08_03,426.ar.en.2024.pdf::chunk-5110,0,hard_negative,426.ar.en.2024.pdf,426 AR's 2024 Report,L'Oréal,consumer_beauty,2024,3,4,chunk-5110,
ragas_esg_08_03,426.ar.en.2024.pdf::chunk-5111,0,hard_negative,426.ar.en.2024.pdf,426 AR's 2024 Report,L'Oréal,consumer_beauty,2024,4,6,chunk-5111,
ragas_esg_08_03,IB_Sustainability_Report.pdf::chunk-0054,0,hard_negative,IB_Sustainability_Report.pdf,IB's Sustainability Report,Iberdrola,utilities_power,,5,6,chunk-0054,
ragas_esg_08_03,IB_Sustainability_Report.pdf::chunk-0059,0,hard_negative,IB_Sustainability_Report.pdf,IB's Sustainability Report,Iberdrola,utilities_power,,12,13,chunk-0059,
ragas_esg_08_03,Siemens_ESG.pdf::chunk-0726,0,hard_negative,Siemens_ESG.pdf,Siemens' ESG Report,Siemens,industrial_technology,,1,2,chunk-0726,
ragas_esg_08_04,426.ar.en.2024.pdf::chunk-5113,3,direct_answer,426.ar.en.2024.pdf,426 AR's 2024 Report,L'Oréal,consumer_beauty,2024,7,8,chunk-5113,
ragas_esg_08_04,426.ar.en.2024.pdf::chunk-5112,1,adjacent_section_context,426.ar.en.2024.pdf,426 AR's 2024 Report,L'Oréal,consumer_beauty,2024,6,7,chunk-5112,
ragas_esg_08_04,426.ar.en.2024.pdf::chunk-5107,0,hard_negative,426.ar.en.2024.pdf,426 AR's 2024 Report,L'Oréal,consumer_beauty,2024,1,2,chunk-5107,
ragas_esg_08_04,426.ar.en.2024.pdf::chunk-5108,0,hard_negative,426.ar.en.2024.pdf,426 AR's 2024 Report,L'Oréal,consumer_beauty,2024,2,3,chunk-5108,
ragas_esg_08_04,IB_Sustainability_Report.pdf::chunk-0054,0,hard_negative,IB_Sustainability_Report.pdf,IB's Sustainability Report,Iberdrola,utilities_power,,5,6,chunk-0054,
ragas_esg_08_04,IB_Sustainability_Report.pdf::chunk-0059,0,hard_negative,IB_Sustainability_Report.pdf,IB's Sustainability Report,Iberdrola,utilities_power,,12,13,chunk-0059,
ragas_esg_08_04,Siemens_ESG.pdf::chunk-0726,0,hard_negative,Siemens_ESG.pdf,Siemens' ESG Report,Siemens,industrial_technology,,1,2,chunk-0726,
ragas_esg_09_01,2024_sustainability_report_c73e004c.pdf::chunk-28890,3,direct_answer,2024_sustainability_report_c73e004c.pdf,C73e004c's 2024 Sustainability Report,Schneider,industrial_energy_management,2024,24,24,chunk-28890,
ragas_esg_09_01,2024_sustainability_report_c73e004c.pdf::chunk-28889,1,adjacent_section_context,2024_sustainability_report_c73e004c.pdf,C73e004c's 2024 Sustainability Report,Schneider,industrial_energy_management,2024,23,24,chunk-28889,
ragas_esg_09_01,2024_sustainability_report_c73e004c.pdf::chunk-28839,0,hard_negative,2024_sustainability_report_c73e004c.pdf,C73e004c's 2024 Sustainability Report,Schneider,industrial_energy_management,2024,1,3,chunk-28839,
ragas_esg_09_01,2024_sustainability_report_c73e004c.pdf::chunk-28840,0,hard_negative,2024_sustainability_report_c73e004c.pdf,C73e004c's 2024 Sustainability Report,Schneider,industrial_energy_management,2024,3,3,chunk-28840,
ragas_esg_09_01,2024_urd_c73e004c.pdf::chunk-29204,0,hard_negative,2024_urd_c73e004c.pdf,URD C73e004c's 2024 Report,Schneider,industrial_energy_management,2024,1,3,chunk-29204,
ragas_esg_09_01,2024_urd_c73e004c.pdf::chunk-29205,0,hard_negative,2024_urd_c73e004c.pdf,URD C73e004c's 2024 Report,Schneider,industrial_energy_management,2024,3,3,chunk-29205,
ragas_esg_09_01,IB_Sustainability_Report.pdf::chunk-0053,0,hard_negative,IB_Sustainability_Report.pdf,IB's Sustainability Report,Iberdrola,utilities_power,,2,5,chunk-0053,
ragas_esg_09_02,2024_sustainability_report_c73e004c.pdf::chunk-28935,3,direct_answer,2024_sustainability_report_c73e004c.pdf,C73e004c's 2024 Sustainability Report,Schneider,industrial_energy_management,2024,39,40,chunk-28935,3.2% CO2e emissions in Scope 3 upstream vs. 2023
ragas_esg_09_02,2024_sustainability_report_c73e004c.pdf::chunk-28934,1,adjacent_section_context,2024_sustainability_report_c73e004c.pdf,C73e004c's 2024 Sustainability Report,Schneider,industrial_energy_management,2024,39,39,chunk-28934,
ragas_esg_09_02,2024_sustainability_report_c73e004c.pdf::chunk-28839,0,hard_negative,2024_sustainability_report_c73e004c.pdf,C73e004c's 2024 Sustainability Report,Schneider,industrial_energy_management,2024,1,3,chunk-28839,
ragas_esg_09_02,2024_sustainability_report_c73e004c.pdf::chunk-28840,0,hard_negative,2024_sustainability_report_c73e004c.pdf,C73e004c's 2024 Sustainability Report,Schneider,industrial_energy_management,2024,3,3,chunk-28840,
ragas_esg_09_02,2024_urd_c73e004c.pdf::chunk-29204,0,hard_negative,2024_urd_c73e004c.pdf,URD C73e004c's 2024 Report,Schneider,industrial_energy_management,2024,1,3,chunk-29204,
ragas_esg_09_02,2024_urd_c73e004c.pdf::chunk-29205,0,hard_negative,2024_urd_c73e004c.pdf,URD C73e004c's 2024 Report,Schneider,industrial_energy_management,2024,3,3,chunk-29205,
ragas_esg_09_02,IB_Sustainability_Report.pdf::chunk-0053,0,hard_negative,IB_Sustainability_Report.pdf,IB's Sustainability Report,Iberdrola,utilities_power,,2,5,chunk-0053,
ragas_esg_09_03,2024_sustainability_report_c73e004c.pdf::chunk-29110,3,direct_answer,2024_sustainability_report_c73e004c.pdf,C73e004c's 2024 Sustainability Report,Schneider,industrial_energy_management,2024,109,110,chunk-29110,
ragas_esg_09_03,2024_sustainability_report_c73e004c.pdf::chunk-29109,1,adjacent_section_context,2024_sustainability_report_c73e004c.pdf,C73e004c's 2024 Sustainability Report,Schneider,industrial_energy_management,2024,109,109,chunk-29109,
ragas_esg_09_03,2024_sustainability_report_c73e004c.pdf::chunk-28839,0,hard_negative,2024_sustainability_report_c73e004c.pdf,C73e004c's 2024 Sustainability Report,Schneider,industrial_energy_management,2024,1,3,chunk-28839,
ragas_esg_09_03,2024_sustainability_report_c73e004c.pdf::chunk-28840,0,hard_negative,2024_sustainability_report_c73e004c.pdf,C73e004c's 2024 Sustainability Report,Schneider,industrial_energy_management,2024,3,3,chunk-28840,
ragas_esg_09_03,2024_urd_c73e004c.pdf::chunk-29204,0,hard_negative,2024_urd_c73e004c.pdf,URD C73e004c's 2024 Report,Schneider,industrial_energy_management,2024,1,3,chunk-29204,
ragas_esg_09_03,2024_urd_c73e004c.pdf::chunk-29205,0,hard_negative,2024_urd_c73e004c.pdf,URD C73e004c's 2024 Report,Schneider,industrial_energy_management,2024,3,3,chunk-29205,
ragas_esg_09_03,IB_Sustainability_Report.pdf::chunk-0053,0,hard_negative,IB_Sustainability_Report.pdf,IB's Sustainability Report,Iberdrola,utilities_power,,2,5,chunk-0053,
ragas_esg_09_04,2024_sustainability_report_c73e004c.pdf::chunk-28843,3,direct_answer,2024_sustainability_report_c73e004c.pdf,C73e004c's 2024 Sustainability Report,Schneider,industrial_energy_management,2024,4,5,chunk-28843,
ragas_esg_09_04,2024_sustainability_report_c73e004c.pdf::chunk-28842,1,adjacent_section_context,2024_sustainability_report_c73e004c.pdf,C73e004c's 2024 Sustainability Report,Schneider,industrial_energy_management,2024,4,4,chunk-28842,
ragas_esg_09_04,2024_sustainability_report_c73e004c.pdf::chunk-28839,0,hard_negative,2024_sustainability_report_c73e004c.pdf,C73e004c's 2024 Sustainability Report,Schneider,industrial_energy_management,2024,1,3,chunk-28839,
ragas_esg_09_04,2024_sustainability_report_c73e004c.pdf::chunk-28840,0,hard_negative,2024_sustainability_report_c73e004c.pdf,C73e004c's 2024 Sustainability Report,Schneider,industrial_energy_management,2024,3,3,chunk-28840,
ragas_esg_09_04,2024_urd_c73e004c.pdf::chunk-29204,0,hard_negative,2024_urd_c73e004c.pdf,URD C73e004c's 2024 Report,Schneider,industrial_energy_management,2024,1,3,chunk-29204,
ragas_esg_09_04,2024_urd_c73e004c.pdf::chunk-29205,0,hard_negative,2024_urd_c73e004c.pdf,URD C73e004c's 2024 Report,Schneider,industrial_energy_management,2024,3,3,chunk-29205,
ragas_esg_09_04,IB_Sustainability_Report.pdf::chunk-0054,0,hard_negative,IB_Sustainability_Report.pdf,IB's Sustainability Report,Iberdrola,utilities_power,,5,6,chunk-0054,
ragas_esg_10_01,2018_sustainability_report_43841182.pdf::chunk-29649,3,direct_answer,2018_sustainability_report_43841182.pdf,43841182's 2018 Sustainability Report,Siemens,industrial_technology,2018,2,2,chunk-29649,
ragas_esg_10_01,2018_sustainability_report_43841182.pdf::chunk-29648,1,adjacent_section_context,2018_sustainability_report_43841182.pdf,43841182's 2018 Sustainability Report,Siemens,industrial_technology,2018,1,2,chunk-29648,
ragas_esg_10_01,Siemens_ESG.pdf::chunk-0726,0,hard_negative,Siemens_ESG.pdf,Siemens' ESG Report,Siemens,industrial_technology,,1,2,chunk-0726,
ragas_esg_10_01,Siemens_ESG.pdf::chunk-0727,0,hard_negative,Siemens_ESG.pdf,Siemens' ESG Report,Siemens,industrial_technology,,2,3,chunk-0727,4. Governance information 4.1 Business conduct 4.2 Cybersecurity and data privacy
ragas_esg_10_01,2018_sustainability_report_43841182.pdf::chunk-29651,0,hard_negative,2018_sustainability_report_43841182.pdf,43841182's 2018 Sustainability Report,Siemens,industrial_technology,2018,3,6,chunk-29651,
ragas_esg_10_01,2018_sustainability_report_43841182.pdf::chunk-29652,0,hard_negative,2018_sustainability_report_43841182.pdf,43841182's 2018 Sustainability Report,Siemens,industrial_technology,2018,6,7,chunk-29652,
ragas_esg_10_01,2019_sustainability_report_9e6add42.pdf::chunk-29727,0,hard_negative,2019_sustainability_report_9e6add42.pdf,9e6add42's 2019 Sustainability Report,Siemens,industrial_technology,2019,1,2,chunk-29727,
ragas_esg_10_02,2018_sustainability_report_43841182.pdf::chunk-29677,3,direct_answer,2018_sustainability_report_43841182.pdf,43841182's 2018 Sustainability Report,Siemens,industrial_technology,2018,24,25,chunk-29677,2.2
ragas_esg_10_02,2018_sustainability_report_43841182.pdf::chunk-29676,1,adjacent_section_context,2018_sustainability_report_43841182.pdf,43841182's 2018 Sustainability Report,Siemens,industrial_technology,2018,23,24,chunk-29676,1 Commonwealth of Independent States.
ragas_esg_10_02,Siemens_ESG.pdf::chunk-0726,0,hard_negative,Siemens_ESG.pdf,Siemens' ESG Report,Siemens,industrial_technology,,1,2,chunk-0726,
ragas_esg_10_02,Siemens_ESG.pdf::chunk-0727,0,hard_negative,Siemens_ESG.pdf,Siemens' ESG Report,Siemens,industrial_technology,,2,3,chunk-0727,4. Governance information 4.1 Business conduct 4.2 Cybersecurity and data privacy
ragas_esg_10_02,2018_sustainability_report_43841182.pdf::chunk-29648,0,hard_negative,2018_sustainability_report_43841182.pdf,43841182's 2018 Sustainability Report,Siemens,industrial_technology,2018,1,2,chunk-29648,
ragas_esg_10_02,2018_sustainability_report_43841182.pdf::chunk-29649,0,hard_negative,2018_sustainability_report_43841182.pdf,43841182's 2018 Sustainability Report,Siemens,industrial_technology,2018,2,2,chunk-29649,
ragas_esg_10_02,2019_sustainability_report_9e6add42.pdf::chunk-29727,0,hard_negative,2019_sustainability_report_9e6add42.pdf,9e6add42's 2019 Sustainability Report,Siemens,industrial_technology,2019,1,2,chunk-29727,
ragas_esg_10_03,2018_sustainability_report_43841182.pdf::chunk-29657,3,direct_answer,2018_sustainability_report_43841182.pdf,43841182's 2018 Sustainability Report,Siemens,industrial_technology,2018,10,11,chunk-29657,
ragas_esg_10_03,2018_sustainability_report_43841182.pdf::chunk-29656,1,adjacent_section_context,2018_sustainability_report_43841182.pdf,43841182's 2018 Sustainability Report,Siemens,industrial_technology,2018,10,10,chunk-29656,
ragas_esg_10_03,Siemens_ESG.pdf::chunk-0726,0,hard_negative,Siemens_ESG.pdf,Siemens' ESG Report,Siemens,industrial_technology,,1,2,chunk-0726,
ragas_esg_10_03,Siemens_ESG.pdf::chunk-0727,0,hard_negative,Siemens_ESG.pdf,Siemens' ESG Report,Siemens,industrial_technology,,2,3,chunk-0727,4. Governance information 4.1 Business conduct 4.2 Cybersecurity and data privacy
ragas_esg_10_03,2018_sustainability_report_43841182.pdf::chunk-29648,0,hard_negative,2018_sustainability_report_43841182.pdf,43841182's 2018 Sustainability Report,Siemens,industrial_technology,2018,1,2,chunk-29648,
ragas_esg_10_03,2018_sustainability_report_43841182.pdf::chunk-29649,0,hard_negative,2018_sustainability_report_43841182.pdf,43841182's 2018 Sustainability Report,Siemens,industrial_technology,2018,2,2,chunk-29649,
ragas_esg_10_03,2019_sustainability_report_9e6add42.pdf::chunk-29727,0,hard_negative,2019_sustainability_report_9e6add42.pdf,9e6add42's 2019 Sustainability Report,Siemens,industrial_technology,2019,1,2,chunk-29727,
ragas_esg_10_04,2018_sustainability_report_43841182.pdf::chunk-29691,3,direct_answer,2018_sustainability_report_43841182.pdf,43841182's 2018 Sustainability Report,Siemens,industrial_technology,2018,32,32,chunk-29691,
ragas_esg_10_04,2018_sustainability_report_43841182.pdf::chunk-29690,1,adjacent_section_context,2018_sustainability_report_43841182.pdf,43841182's 2018 Sustainability Report,Siemens,industrial_technology,2018,31,32,chunk-29690,
ragas_esg_10_04,Siemens_ESG.pdf::chunk-0726,0,hard_negative,Siemens_ESG.pdf,Siemens' ESG Report,Siemens,industrial_technology,,1,2,chunk-0726,
ragas_esg_10_04,Siemens_ESG.pdf::chunk-0727,0,hard_negative,Siemens_ESG.pdf,Siemens' ESG Report,Siemens,industrial_technology,,2,3,chunk-0727,4. Governance information 4.1 Business conduct 4.2 Cybersecurity and data privacy
ragas_esg_10_04,2018_sustainability_report_43841182.pdf::chunk-29648,0,hard_negative,2018_sustainability_report_43841182.pdf,43841182's 2018 Sustainability Report,Siemens,industrial_technology,2018,1,2,chunk-29648,
ragas_esg_10_04,2018_sustainability_report_43841182.pdf::chunk-29649,0,hard_negative,2018_sustainability_report_43841182.pdf,43841182's 2018 Sustainability Report,Siemens,industrial_technology,2018,2,2,chunk-29649,
ragas_esg_10_04,2019_sustainability_report_9e6add42.pdf::chunk-29727,0,hard_negative,2019_sustainability_report_9e6add42.pdf,9e6add42's 2019 Sustainability Report,Siemens,industrial_technology,2019,1,2,chunk-29727,
ragas_esg_11_01,2024_thematic_report_c221f368.pdf::chunk-31830,3,direct_answer,2024_thematic_report_c221f368.pdf,Thematic C221f368's 2024 Report,TotalEnergies,oil_gas_energy,2024,9,10,chunk-31830,
ragas_esg_11_01,2024_thematic_report_c221f368.pdf::chunk-31829,1,adjacent_section_context,2024_thematic_report_c221f368.pdf,Thematic C221f368's 2024 Report,TotalEnergies,oil_gas_energy,2024,8,9,chunk-31829,
ragas_esg_11_01,2024_thematic_report_c221f368.pdf::chunk-31823,0,hard_negative,2024_thematic_report_c221f368.pdf,Thematic C221f368's 2024 Report,TotalEnergies,oil_gas_energy,2024,1,3,chunk-31823,
ragas_esg_11_01,2024_thematic_report_c221f368.pdf::chunk-31824,0,hard_negative,2024_thematic_report_c221f368.pdf,Thematic C221f368's 2024 Report,TotalEnergies,oil_gas_energy,2024,3,4,chunk-31824,
ragas_esg_11_01,undated_framework_disclosure_c0d92cc2.pdf::chunk-34286,0,hard_negative,undated_framework_disclosure_c0d92cc2.pdf,Undated Framework Disclosure C0d92cc2's Report,TotalEnergies,oil_gas_energy,,1,2,chunk-34286,
ragas_esg_11_01,undated_framework_disclosure_c0d92cc2.pdf::chunk-34287,0,hard_negative,undated_framework_disclosure_c0d92cc2.pdf,Undated Framework Disclosure C0d92cc2's Report,TotalEnergies,oil_gas_energy,,2,5,chunk-34287,
ragas_esg_11_01,IB_Sustainability_Report.pdf::chunk-0053,0,hard_negative,IB_Sustainability_Report.pdf,IB's Sustainability Report,Iberdrola,utilities_power,,2,5,chunk-0053,
ragas_esg_11_02,2024_thematic_report_c221f368.pdf::chunk-31824,3,direct_answer,2024_thematic_report_c221f368.pdf,Thematic C221f368's 2024 Report,TotalEnergies,oil_gas_energy,2024,3,4,chunk-31824,
ragas_esg_11_02,2024_thematic_report_c221f368.pdf::chunk-31823,1,adjacent_section_context,2024_thematic_report_c221f368.pdf,Thematic C221f368's 2024 Report,TotalEnergies,oil_gas_energy,2024,1,3,chunk-31823,
ragas_esg_11_02,2024_thematic_report_c221f368.pdf::chunk-31826,0,hard_negative,2024_thematic_report_c221f368.pdf,Thematic C221f368's 2024 Report,TotalEnergies,oil_gas_energy,2024,5,6,chunk-31826,
ragas_esg_11_02,2024_thematic_report_c221f368.pdf::chunk-31827,0,hard_negative,2024_thematic_report_c221f368.pdf,Thematic C221f368's 2024 Report,TotalEnergies,oil_gas_energy,2024,6,7,chunk-31827,
ragas_esg_11_02,undated_framework_disclosure_c0d92cc2.pdf::chunk-34286,0,hard_negative,undated_framework_disclosure_c0d92cc2.pdf,Undated Framework Disclosure C0d92cc2's Report,TotalEnergies,oil_gas_energy,,1,2,chunk-34286,
ragas_esg_11_02,undated_framework_disclosure_c0d92cc2.pdf::chunk-34287,0,hard_negative,undated_framework_disclosure_c0d92cc2.pdf,Undated Framework Disclosure C0d92cc2's Report,TotalEnergies,oil_gas_energy,,2,5,chunk-34287,
ragas_esg_11_02,IB_Sustainability_Report.pdf::chunk-0053,0,hard_negative,IB_Sustainability_Report.pdf,IB's Sustainability Report,Iberdrola,utilities_power,,2,5,chunk-0053,
ragas_esg_11_03,2024_thematic_report_c221f368.pdf::chunk-31827,3,direct_answer,2024_thematic_report_c221f368.pdf,Thematic C221f368's 2024 Report,TotalEnergies,oil_gas_energy,2024,6,7,chunk-31827,
ragas_esg_11_03,2024_thematic_report_c221f368.pdf::chunk-31826,1,adjacent_section_context,2024_thematic_report_c221f368.pdf,Thematic C221f368's 2024 Report,TotalEnergies,oil_gas_energy,2024,5,6,chunk-31826,
ragas_esg_11_03,2024_thematic_report_c221f368.pdf::chunk-31823,0,hard_negative,2024_thematic_report_c221f368.pdf,Thematic C221f368's 2024 Report,TotalEnergies,oil_gas_energy,2024,1,3,chunk-31823,
ragas_esg_11_03,2024_thematic_report_c221f368.pdf::chunk-31824,0,hard_negative,2024_thematic_report_c221f368.pdf,Thematic C221f368's 2024 Report,TotalEnergies,oil_gas_energy,2024,3,4,chunk-31824,
ragas_esg_11_03,undated_framework_disclosure_c0d92cc2.pdf::chunk-34286,0,hard_negative,undated_framework_disclosure_c0d92cc2.pdf,Undated Framework Disclosure C0d92cc2's Report,TotalEnergies,oil_gas_energy,,1,2,chunk-34286,
ragas_esg_11_03,undated_framework_disclosure_c0d92cc2.pdf::chunk-34287,0,hard_negative,undated_framework_disclosure_c0d92cc2.pdf,Undated Framework Disclosure C0d92cc2's Report,TotalEnergies,oil_gas_energy,,2,5,chunk-34287,
ragas_esg_11_03,IB_Sustainability_Report.pdf::chunk-0058,0,hard_negative,IB_Sustainability_Report.pdf,IB's Sustainability Report,Iberdrola,utilities_power,,9,12,chunk-0058,
ragas_esg_12_01,2024_framework_disclosure_082a3c71.pdf::chunk-38981,3,direct_answer,2024_framework_disclosure_082a3c71.pdf,Framework Disclosure 082a3c71's 2024 Report,Volkswagen,automotive,2024,17,18,chunk-38981,
ragas_esg_12_01,2024_framework_disclosure_082a3c71.pdf::chunk-38980,1,adjacent_section_context,2024_framework_disclosure_082a3c71.pdf,Framework Disclosure 082a3c71's 2024 Report,Volkswagen,automotive,2024,16,17,chunk-38980,
ragas_esg_12_01,2024_annual_report_9ab2a528.pdf::chunk-37546,0,hard_negative,2024_annual_report_9ab2a528.pdf,9ab2a528's 2024 Annual Report,Volkswagen,automotive,2024,1,2,chunk-37546,470 Consolidated Financial Statements Income Statement
ragas_esg_12_01,2024_annual_report_9ab2a528.pdf::chunk-37547,0,hard_negative,2024_annual_report_9ab2a528.pdf,9ab2a528's 2024 Annual Report,Volkswagen,automotive,2024,2,2,chunk-37547,
ragas_esg_12_01,2024_framework_disclosure_082a3c71.pdf::chunk-38956,0,hard_negative,2024_framework_disclosure_082a3c71.pdf,Framework Disclosure 082a3c71's 2024 Report,Volkswagen,automotive,2024,1,2,chunk-38956,
ragas_esg_12_01,2024_framework_disclosure_082a3c71.pdf::chunk-38957,0,hard_negative,2024_framework_disclosure_082a3c71.pdf,Framework Disclosure 082a3c71's 2024 Report,Volkswagen,automotive,2024,2,2,chunk-38957,
ragas_esg_12_01,2025_annual_report_1b21309a.pdf::chunk-39359,0,hard_negative,2025_annual_report_1b21309a.pdf,1b21309a's 2025 Annual Report,Volkswagen,automotive,2025,1,3,chunk-39359,
ragas_esg_12_02,2024_framework_disclosure_082a3c71.pdf::chunk-38972,3,direct_answer,2024_framework_disclosure_082a3c71.pdf,Framework Disclosure 082a3c71's 2024 Report,Volkswagen,automotive,2024,10,10,chunk-38972,
ragas_esg_12_02,2024_framework_disclosure_082a3c71.pdf::chunk-38971,1,adjacent_section_context,2024_framework_disclosure_082a3c71.pdf,Framework Disclosure 082a3c71's 2024 Report,Volkswagen,automotive,2024,9,10,chunk-38971,
ragas_esg_12_02,2024_annual_report_9ab2a528.pdf::chunk-37546,0,hard_negative,2024_annual_report_9ab2a528.pdf,9ab2a528's 2024 Annual Report,Volkswagen,automotive,2024,1,2,chunk-37546,470 Consolidated Financial Statements Income Statement
ragas_esg_12_02,2024_annual_report_9ab2a528.pdf::chunk-37547,0,hard_negative,2024_annual_report_9ab2a528.pdf,9ab2a528's 2024 Annual Report,Volkswagen,automotive,2024,2,2,chunk-37547,
ragas_esg_12_02,2024_framework_disclosure_082a3c71.pdf::chunk-38956,0,hard_negative,2024_framework_disclosure_082a3c71.pdf,Framework Disclosure 082a3c71's 2024 Report,Volkswagen,automotive,2024,1,2,chunk-38956,
ragas_esg_12_02,2024_framework_disclosure_082a3c71.pdf::chunk-38957,0,hard_negative,2024_framework_disclosure_082a3c71.pdf,Framework Disclosure 082a3c71's 2024 Report,Volkswagen,automotive,2024,2,2,chunk-38957,
ragas_esg_12_02,2025_annual_report_1b21309a.pdf::chunk-39359,0,hard_negative,2025_annual_report_1b21309a.pdf,1b21309a's 2025 Annual Report,Volkswagen,automotive,2025,1,3,chunk-39359,
ragas_esg_12_03,2024_framework_disclosure_082a3c71.pdf::chunk-38987,3,direct_answer,2024_framework_disclosure_082a3c71.pdf,Framework Disclosure 082a3c71's 2024 Report,Volkswagen,automotive,2024,24,25,chunk-38987,
ragas_esg_12_03,2024_framework_disclosure_082a3c71.pdf::chunk-38986,1,adjacent_section_context,2024_framework_disclosure_082a3c71.pdf,Framework Disclosure 082a3c71's 2024 Report,Volkswagen,automotive,2024,23,24,chunk-38986,
ragas_esg_12_03,2024_annual_report_9ab2a528.pdf::chunk-37546,0,hard_negative,2024_annual_report_9ab2a528.pdf,9ab2a528's 2024 Annual Report,Volkswagen,automotive,2024,1,2,chunk-37546,470 Consolidated Financial Statements Income Statement
ragas_esg_12_03,2024_annual_report_9ab2a528.pdf::chunk-37547,0,hard_negative,2024_annual_report_9ab2a528.pdf,9ab2a528's 2024 Annual Report,Volkswagen,automotive,2024,2,2,chunk-37547,
ragas_esg_12_03,2024_framework_disclosure_082a3c71.pdf::chunk-38956,0,hard_negative,2024_framework_disclosure_082a3c71.pdf,Framework Disclosure 082a3c71's 2024 Report,Volkswagen,automotive,2024,1,2,chunk-38956,
ragas_esg_12_03,2024_framework_disclosure_082a3c71.pdf::chunk-38957,0,hard_negative,2024_framework_disclosure_082a3c71.pdf,Framework Disclosure 082a3c71's 2024 Report,Volkswagen,automotive,2024,2,2,chunk-38957,
ragas_esg_12_03,2025_annual_report_1b21309a.pdf::chunk-39359,0,hard_negative,2025_annual_report_1b21309a.pdf,1b21309a's 2025 Annual Report,Volkswagen,automotive,2025,1,3,chunk-39359,
ragas_esg_12_04,2024_framework_disclosure_082a3c71.pdf::chunk-38994,3,direct_answer,2024_framework_disclosure_082a3c71.pdf,Framework Disclosure 082a3c71's 2024 Report,Volkswagen,automotive,2024,28,29,chunk-38994,
ragas_esg_12_04,2024_framework_disclosure_082a3c71.pdf::chunk-38993,1,adjacent_section_context,2024_framework_disclosure_082a3c71.pdf,Framework Disclosure 082a3c71's 2024 Report,Volkswagen,automotive,2024,28,28,chunk-38993,
ragas_esg_12_04,2024_annual_report_9ab2a528.pdf::chunk-37546,0,hard_negative,2024_annual_report_9ab2a528.pdf,9ab2a528's 2024 Annual Report,Volkswagen,automotive,2024,1,2,chunk-37546,470 Consolidated Financial Statements Income Statement
ragas_esg_12_04,2024_annual_report_9ab2a528.pdf::chunk-37547,0,hard_negative,2024_annual_report_9ab2a528.pdf,9ab2a528's 2024 Annual Report,Volkswagen,automotive,2024,2,2,chunk-37547,
ragas_esg_12_04,2024_framework_disclosure_082a3c71.pdf::chunk-38956,0,hard_negative,2024_framework_disclosure_082a3c71.pdf,Framework Disclosure 082a3c71's 2024 Report,Volkswagen,automotive,2024,1,2,chunk-38956,
ragas_esg_12_04,2024_framework_disclosure_082a3c71.pdf::chunk-38957,0,hard_negative,2024_framework_disclosure_082a3c71.pdf,Framework Disclosure 082a3c71's 2024 Report,Volkswagen,automotive,2024,2,2,chunk-38957,
ragas_esg_12_04,2025_annual_report_1b21309a.pdf::chunk-39359,0,hard_negative,2025_annual_report_1b21309a.pdf,1b21309a's 2025 Annual Report,Volkswagen,automotive,2025,1,3,chunk-39359,
ragas_esg_13_01,2024_annual_report_9ab2a528.pdf::chunk-38025,3,direct_answer,2024_annual_report_9ab2a528.pdf,9ab2a528's 2024 Annual Report,Volkswagen,automotive,2024,380,381,chunk-38025,
ragas_esg_13_01,2024_annual_report_9ab2a528.pdf::chunk-38024,1,adjacent_section_context,2024_annual_report_9ab2a528.pdf,9ab2a528's 2024 Annual Report,Volkswagen,automotive,2024,380,380,chunk-38024,
ragas_esg_13_01,2024_annual_report_9ab2a528.pdf::chunk-37546,0,hard_negative,2024_annual_report_9ab2a528.pdf,9ab2a528's 2024 Annual Report,Volkswagen,automotive,2024,1,2,chunk-37546,470 Consolidated Financial Statements Income Statement
ragas_esg_13_01,2024_annual_report_9ab2a528.pdf::chunk-37547,0,hard_negative,2024_annual_report_9ab2a528.pdf,9ab2a528's 2024 Annual Report,Volkswagen,automotive,2024,2,2,chunk-37547,
ragas_esg_13_01,2024_framework_disclosure_082a3c71.pdf::chunk-38956,0,hard_negative,2024_framework_disclosure_082a3c71.pdf,Framework Disclosure 082a3c71's 2024 Report,Volkswagen,automotive,2024,1,2,chunk-38956,
ragas_esg_13_01,2024_framework_disclosure_082a3c71.pdf::chunk-38957,0,hard_negative,2024_framework_disclosure_082a3c71.pdf,Framework Disclosure 082a3c71's 2024 Report,Volkswagen,automotive,2024,2,2,chunk-38957,
ragas_esg_13_01,2025_annual_report_1b21309a.pdf::chunk-39359,0,hard_negative,2025_annual_report_1b21309a.pdf,1b21309a's 2025 Annual Report,Volkswagen,automotive,2025,1,3,chunk-39359,
ragas_esg_13_02,2024_annual_report_9ab2a528.pdf::chunk-38034,3,direct_answer,2024_annual_report_9ab2a528.pdf,9ab2a528's 2024 Annual Report,Volkswagen,automotive,2024,386,387,chunk-38034,
ragas_esg_13_02,2024_annual_report_9ab2a528.pdf::chunk-38033,1,adjacent_section_context,2024_annual_report_9ab2a528.pdf,9ab2a528's 2024 Annual Report,Volkswagen,automotive,2024,386,386,chunk-38033,
ragas_esg_13_02,2024_annual_report_9ab2a528.pdf::chunk-37546,0,hard_negative,2024_annual_report_9ab2a528.pdf,9ab2a528's 2024 Annual Report,Volkswagen,automotive,2024,1,2,chunk-37546,470 Consolidated Financial Statements Income Statement
ragas_esg_13_02,2024_annual_report_9ab2a528.pdf::chunk-37547,0,hard_negative,2024_annual_report_9ab2a528.pdf,9ab2a528's 2024 Annual Report,Volkswagen,automotive,2024,2,2,chunk-37547,
ragas_esg_13_02,2024_framework_disclosure_082a3c71.pdf::chunk-38956,0,hard_negative,2024_framework_disclosure_082a3c71.pdf,Framework Disclosure 082a3c71's 2024 Report,Volkswagen,automotive,2024,1,2,chunk-38956,
ragas_esg_13_02,2024_framework_disclosure_082a3c71.pdf::chunk-38957,0,hard_negative,2024_framework_disclosure_082a3c71.pdf,Framework Disclosure 082a3c71's 2024 Report,Volkswagen,automotive,2024,2,2,chunk-38957,
ragas_esg_13_02,2025_annual_report_1b21309a.pdf::chunk-39359,0,hard_negative,2025_annual_report_1b21309a.pdf,1b21309a's 2025 Annual Report,Volkswagen,automotive,2025,1,3,chunk-39359,
ragas_esg_13_03,2024_annual_report_9ab2a528.pdf::chunk-38197,3,direct_answer,2024_annual_report_9ab2a528.pdf,9ab2a528's 2024 Annual Report,Volkswagen,automotive,2024,526,527,chunk-38197,
ragas_esg_13_03,2024_annual_report_9ab2a528.pdf::chunk-38196,1,adjacent_section_context,2024_annual_report_9ab2a528.pdf,9ab2a528's 2024 Annual Report,Volkswagen,automotive,2024,525,526,chunk-38196,
ragas_esg_13_03,2024_annual_report_9ab2a528.pdf::chunk-37546,0,hard_negative,2024_annual_report_9ab2a528.pdf,9ab2a528's 2024 Annual Report,Volkswagen,automotive,2024,1,2,chunk-37546,470 Consolidated Financial Statements Income Statement
ragas_esg_13_03,2024_annual_report_9ab2a528.pdf::chunk-37547,0,hard_negative,2024_annual_report_9ab2a528.pdf,9ab2a528's 2024 Annual Report,Volkswagen,automotive,2024,2,2,chunk-37547,
ragas_esg_13_03,2024_framework_disclosure_082a3c71.pdf::chunk-38956,0,hard_negative,2024_framework_disclosure_082a3c71.pdf,Framework Disclosure 082a3c71's 2024 Report,Volkswagen,automotive,2024,1,2,chunk-38956,
ragas_esg_13_03,2024_framework_disclosure_082a3c71.pdf::chunk-38957,0,hard_negative,2024_framework_disclosure_082a3c71.pdf,Framework Disclosure 082a3c71's 2024 Report,Volkswagen,automotive,2024,2,2,chunk-38957,
ragas_esg_13_03,2025_annual_report_1b21309a.pdf::chunk-39359,0,hard_negative,2025_annual_report_1b21309a.pdf,1b21309a's 2025 Annual Report,Volkswagen,automotive,2025,1,3,chunk-39359,
ragas_esg_13_04,2024_annual_report_9ab2a528.pdf::chunk-38007,3,direct_answer,2024_annual_report_9ab2a528.pdf,9ab2a528's 2024 Annual Report,Volkswagen,automotive,2024,366,368,chunk-38007,
ragas_esg_13_04,2024_annual_report_9ab2a528.pdf::chunk-38006,1,adjacent_section_context,2024_annual_report_9ab2a528.pdf,9ab2a528's 2024 Annual Report,Volkswagen,automotive,2024,365,366,chunk-38006,
ragas_esg_13_04,2024_annual_report_9ab2a528.pdf::chunk-37546,0,hard_negative,2024_annual_report_9ab2a528.pdf,9ab2a528's 2024 Annual Report,Volkswagen,automotive,2024,1,2,chunk-37546,470 Consolidated Financial Statements Income Statement
ragas_esg_13_04,2024_annual_report_9ab2a528.pdf::chunk-37547,0,hard_negative,2024_annual_report_9ab2a528.pdf,9ab2a528's 2024 Annual Report,Volkswagen,automotive,2024,2,2,chunk-37547,
ragas_esg_13_04,2024_framework_disclosure_082a3c71.pdf::chunk-38956,0,hard_negative,2024_framework_disclosure_082a3c71.pdf,Framework Disclosure 082a3c71's 2024 Report,Volkswagen,automotive,2024,1,2,chunk-38956,
ragas_esg_13_04,2024_framework_disclosure_082a3c71.pdf::chunk-38957,0,hard_negative,2024_framework_disclosure_082a3c71.pdf,Framework Disclosure 082a3c71's 2024 Report,Volkswagen,automotive,2024,2,2,chunk-38957,
ragas_esg_13_04,2025_annual_report_1b21309a.pdf::chunk-39359,0,hard_negative,2025_annual_report_1b21309a.pdf,1b21309a's 2025 Annual Report,Volkswagen,automotive,2025,1,3,chunk-39359,
ragas_esg_14_01,2011_sustainability_report_73deaa4c.pdf::chunk-16619,3,direct_answer,2011_sustainability_report_73deaa4c.pdf,73deaa4c's 2011 Sustainability Report,Enel,utilities_power,2011,39,40,chunk-16619,
ragas_esg_14_01,2011_sustainability_report_73deaa4c.pdf::chunk-16618,1,adjacent_section_context,2011_sustainability_report_73deaa4c.pdf,73deaa4c's 2011 Sustainability Report,Enel,utilities_power,2011,38,39,chunk-16618,
ragas_esg_14_01,2011_sustainability_report_73deaa4c.pdf::chunk-16601,0,hard_negative,2011_sustainability_report_73deaa4c.pdf,73deaa4c's 2011 Sustainability Report,Enel,utilities_power,2011,1,7,chunk-16601,C E R T I F I E D B Y T H E C R F I N S T I T U T E
ragas_esg_14_01,2011_sustainability_report_73deaa4c.pdf::chunk-16602,0,hard_negative,2011_sustainability_report_73deaa4c.pdf,73deaa4c's 2011 Sustainability Report,Enel,utilities_power,2011,6,9,chunk-16602,3.5.1 Listening and discussing 122
ragas_esg_14_01,2019_framework_disclosure_c403a763.pdf::chunk-19206,0,hard_negative,2019_framework_disclosure_c403a763.pdf,Framework Disclosure C403a763's 2019 Report,Enel,utilities_power,2019,1,4,chunk-19206,WE EMPOWER SUSTAINABLE PROGRESS. OPEN POWER FOR A BRIGHTER FUTURE. GREEN BOND REPORT 2019
ragas_esg_14_01,2019_framework_disclosure_c403a763.pdf::chunk-19207,0,hard_negative,2019_framework_disclosure_c403a763.pdf,Framework Disclosure C403a763's 2019 Report,Enel,utilities_power,2019,4,5,chunk-19207,
ragas_esg_14_01,2023_sustainability_report_0915a868.pdf::chunk-21859,0,hard_negative,2023_sustainability_report_0915a868.pdf,0915a868's 2023 Sustainability Report,Enel,utilities_power,2023,1,1,chunk-21859,"1 Half-year sustainability disclosures at June 30, 2023"
ragas_esg_14_02,2011_sustainability_report_73deaa4c.pdf::chunk-16847,3,direct_answer,2011_sustainability_report_73deaa4c.pdf,73deaa4c's 2011 Sustainability Report,Enel,utilities_power,2011,297,299,chunk-16847,
ragas_esg_14_02,2011_sustainability_report_73deaa4c.pdf::chunk-16846,1,adjacent_section_context,2011_sustainability_report_73deaa4c.pdf,73deaa4c's 2011 Sustainability Report,Enel,utilities_power,2011,295,297,chunk-16846,143 EU26 C Percentage of population unserved in licensed distribution or service areas
ragas_esg_14_02,2011_sustainability_report_73deaa4c.pdf::chunk-16601,0,hard_negative,2011_sustainability_report_73deaa4c.pdf,73deaa4c's 2011 Sustainability Report,Enel,utilities_power,2011,1,7,chunk-16601,C E R T I F I E D B Y T H E C R F I N S T I T U T E
ragas_esg_14_02,2011_sustainability_report_73deaa4c.pdf::chunk-16602,0,hard_negative,2011_sustainability_report_73deaa4c.pdf,73deaa4c's 2011 Sustainability Report,Enel,utilities_power,2011,6,9,chunk-16602,3.5.1 Listening and discussing 122
ragas_esg_14_02,2019_framework_disclosure_c403a763.pdf::chunk-19206,0,hard_negative,2019_framework_disclosure_c403a763.pdf,Framework Disclosure C403a763's 2019 Report,Enel,utilities_power,2019,1,4,chunk-19206,WE EMPOWER SUSTAINABLE PROGRESS. OPEN POWER FOR A BRIGHTER FUTURE. GREEN BOND REPORT 2019
ragas_esg_14_02,2019_framework_disclosure_c403a763.pdf::chunk-19207,0,hard_negative,2019_framework_disclosure_c403a763.pdf,Framework Disclosure C403a763's 2019 Report,Enel,utilities_power,2019,4,5,chunk-19207,
ragas_esg_14_02,2023_sustainability_report_0915a868.pdf::chunk-21859,0,hard_negative,2023_sustainability_report_0915a868.pdf,0915a868's 2023 Sustainability Report,Enel,utilities_power,2023,1,1,chunk-21859,"1 Half-year sustainability disclosures at June 30, 2023"
ragas_esg_14_03,2011_sustainability_report_73deaa4c.pdf::chunk-16694,3,direct_answer,2011_sustainability_report_73deaa4c.pdf,73deaa4c's 2011 Sustainability Report,Enel,utilities_power,2011,127,128,chunk-16694,
ragas_esg_14_03,2011_sustainability_report_73deaa4c.pdf::chunk-16693,1,adjacent_section_context,2011_sustainability_report_73deaa4c.pdf,73deaa4c's 2011 Sustainability Report,Enel,utilities_power,2011,125,127,chunk-16693,
ragas_esg_14_03,2011_sustainability_report_73deaa4c.pdf::chunk-16601,0,hard_negative,2011_sustainability_report_73deaa4c.pdf,73deaa4c's 2011 Sustainability Report,Enel,utilities_power,2011,1,7,chunk-16601,C E R T I F I E D B Y T H E C R F I N S T I T U T E
ragas_esg_14_03,2011_sustainability_report_73deaa4c.pdf::chunk-16602,0,hard_negative,2011_sustainability_report_73deaa4c.pdf,73deaa4c's 2011 Sustainability Report,Enel,utilities_power,2011,6,9,chunk-16602,3.5.1 Listening and discussing 122
ragas_esg_14_03,2019_framework_disclosure_c403a763.pdf::chunk-19206,0,hard_negative,2019_framework_disclosure_c403a763.pdf,Framework Disclosure C403a763's 2019 Report,Enel,utilities_power,2019,1,4,chunk-19206,WE EMPOWER SUSTAINABLE PROGRESS. OPEN POWER FOR A BRIGHTER FUTURE. GREEN BOND REPORT 2019
ragas_esg_14_03,2019_framework_disclosure_c403a763.pdf::chunk-19207,0,hard_negative,2019_framework_disclosure_c403a763.pdf,Framework Disclosure C403a763's 2019 Report,Enel,utilities_power,2019,4,5,chunk-19207,
ragas_esg_14_03,2023_sustainability_report_0915a868.pdf::chunk-21859,0,hard_negative,2023_sustainability_report_0915a868.pdf,0915a868's 2023 Sustainability Report,Enel,utilities_power,2023,1,1,chunk-21859,"1 Half-year sustainability disclosures at June 30, 2023"
ragas_esg_14_04,2011_sustainability_report_73deaa4c.pdf::chunk-16784,3,direct_answer,2011_sustainability_report_73deaa4c.pdf,73deaa4c's 2011 Sustainability Report,Enel,utilities_power,2011,231,233,chunk-16784,
ragas_esg_14_04,2011_sustainability_report_73deaa4c.pdf::chunk-16783,1,adjacent_section_context,2011_sustainability_report_73deaa4c.pdf,73deaa4c's 2011 Sustainability Report,Enel,utilities_power,2011,230,231,chunk-16783,
ragas_esg_14_04,2011_sustainability_report_73deaa4c.pdf::chunk-16601,0,hard_negative,2011_sustainability_report_73deaa4c.pdf,73deaa4c's 2011 Sustainability Report,Enel,utilities_power,2011,1,7,chunk-16601,C E R T I F I E D B Y T H E C R F I N S T I T U T E
ragas_esg_14_04,2011_sustainability_report_73deaa4c.pdf::chunk-16602,0,hard_negative,2011_sustainability_report_73deaa4c.pdf,73deaa4c's 2011 Sustainability Report,Enel,utilities_power,2011,6,9,chunk-16602,3.5.1 Listening and discussing 122
ragas_esg_14_04,2019_framework_disclosure_c403a763.pdf::chunk-19206,0,hard_negative,2019_framework_disclosure_c403a763.pdf,Framework Disclosure C403a763's 2019 Report,Enel,utilities_power,2019,1,4,chunk-19206,WE EMPOWER SUSTAINABLE PROGRESS. OPEN POWER FOR A BRIGHTER FUTURE. GREEN BOND REPORT 2019
ragas_esg_14_04,2019_framework_disclosure_c403a763.pdf::chunk-19207,0,hard_negative,2019_framework_disclosure_c403a763.pdf,Framework Disclosure C403a763's 2019 Report,Enel,utilities_power,2019,4,5,chunk-19207,
ragas_esg_14_04,2023_sustainability_report_0915a868.pdf::chunk-21859,0,hard_negative,2023_sustainability_report_0915a868.pdf,0915a868's 2023 Sustainability Report,Enel,utilities_power,2023,1,1,chunk-21859,"1 Half-year sustainability disclosures at June 30, 2023"
ragas_esg_15_01,2025_annual_report_1b21309a.pdf::chunk-39666,3,direct_answer,2025_annual_report_1b21309a.pdf,1b21309a's 2025 Annual Report,Volkswagen,automotive,2025,246,247,chunk-39666,227 Sustainability Report General Information
ragas_esg_15_01,2025_annual_report_1b21309a.pdf::chunk-39665,1,adjacent_section_context,2025_annual_report_1b21309a.pdf,1b21309a's 2025 Annual Report,Volkswagen,automotive,2025,246,247,chunk-39665,227 Sustainability Report General Information
ragas_esg_15_01,2024_annual_report_9ab2a528.pdf::chunk-37546,0,hard_negative,2024_annual_report_9ab2a528.pdf,9ab2a528's 2024 Annual Report,Volkswagen,automotive,2024,1,2,chunk-37546,470 Consolidated Financial Statements Income Statement
ragas_esg_15_01,2024_annual_report_9ab2a528.pdf::chunk-37547,0,hard_negative,2024_annual_report_9ab2a528.pdf,9ab2a528's 2024 Annual Report,Volkswagen,automotive,2024,2,2,chunk-37547,
ragas_esg_15_01,2024_framework_disclosure_082a3c71.pdf::chunk-38956,0,hard_negative,2024_framework_disclosure_082a3c71.pdf,Framework Disclosure 082a3c71's 2024 Report,Volkswagen,automotive,2024,1,2,chunk-38956,
ragas_esg_15_01,2024_framework_disclosure_082a3c71.pdf::chunk-38957,0,hard_negative,2024_framework_disclosure_082a3c71.pdf,Framework Disclosure 082a3c71's 2024 Report,Volkswagen,automotive,2024,2,2,chunk-38957,
ragas_esg_15_01,2025_annual_report_1b21309a.pdf::chunk-39359,0,hard_negative,2025_annual_report_1b21309a.pdf,1b21309a's 2025 Annual Report,Volkswagen,automotive,2025,1,3,chunk-39359,
ragas_esg_15_02,2025_annual_report_1b21309a.pdf::chunk-39681,3,direct_answer,2025_annual_report_1b21309a.pdf,1b21309a's 2025 Annual Report,Volkswagen,automotive,2025,262,263,chunk-39681,
ragas_esg_15_02,2025_annual_report_1b21309a.pdf::chunk-39680,1,adjacent_section_context,2025_annual_report_1b21309a.pdf,1b21309a's 2025 Annual Report,Volkswagen,automotive,2025,261,262,chunk-39680,
ragas_esg_15_02,2024_annual_report_9ab2a528.pdf::chunk-37546,0,hard_negative,2024_annual_report_9ab2a528.pdf,9ab2a528's 2024 Annual Report,Volkswagen,automotive,2024,1,2,chunk-37546,470 Consolidated Financial Statements Income Statement
ragas_esg_15_02,2024_annual_report_9ab2a528.pdf::chunk-37547,0,hard_negative,2024_annual_report_9ab2a528.pdf,9ab2a528's 2024 Annual Report,Volkswagen,automotive,2024,2,2,chunk-37547,
ragas_esg_15_02,2024_framework_disclosure_082a3c71.pdf::chunk-38956,0,hard_negative,2024_framework_disclosure_082a3c71.pdf,Framework Disclosure 082a3c71's 2024 Report,Volkswagen,automotive,2024,1,2,chunk-38956,
ragas_esg_15_02,2024_framework_disclosure_082a3c71.pdf::chunk-38957,0,hard_negative,2024_framework_disclosure_082a3c71.pdf,Framework Disclosure 082a3c71's 2024 Report,Volkswagen,automotive,2024,2,2,chunk-38957,
ragas_esg_15_02,2025_annual_report_1b21309a.pdf::chunk-39359,0,hard_negative,2025_annual_report_1b21309a.pdf,1b21309a's 2025 Annual Report,Volkswagen,automotive,2025,1,3,chunk-39359,
ragas_esg_15_03,2025_annual_report_1b21309a.pdf::chunk-39665,3,direct_answer,2025_annual_report_1b21309a.pdf,1b21309a's 2025 Annual Report,Volkswagen,automotive,2025,246,247,chunk-39665,227 Sustainability Report General Information
ragas_esg_15_03,2025_annual_report_1b21309a.pdf::chunk-39664,1,adjacent_section_context,2025_annual_report_1b21309a.pdf,1b21309a's 2025 Annual Report,Volkswagen,automotive,2025,245,246,chunk-39664,
ragas_esg_15_03,2024_annual_report_9ab2a528.pdf::chunk-37546,0,hard_negative,2024_annual_report_9ab2a528.pdf,9ab2a528's 2024 Annual Report,Volkswagen,automotive,2024,1,2,chunk-37546,470 Consolidated Financial Statements Income Statement
ragas_esg_15_03,2024_annual_report_9ab2a528.pdf::chunk-37547,0,hard_negative,2024_annual_report_9ab2a528.pdf,9ab2a528's 2024 Annual Report,Volkswagen,automotive,2024,2,2,chunk-37547,
ragas_esg_15_03,2024_framework_disclosure_082a3c71.pdf::chunk-38956,0,hard_negative,2024_framework_disclosure_082a3c71.pdf,Framework Disclosure 082a3c71's 2024 Report,Volkswagen,automotive,2024,1,2,chunk-38956,
ragas_esg_15_03,2024_framework_disclosure_082a3c71.pdf::chunk-38957,0,hard_negative,2024_framework_disclosure_082a3c71.pdf,Framework Disclosure 082a3c71's 2024 Report,Volkswagen,automotive,2024,2,2,chunk-38957,
ragas_esg_15_03,2025_annual_report_1b21309a.pdf::chunk-39359,0,hard_negative,2025_annual_report_1b21309a.pdf,1b21309a's 2025 Annual Report,Volkswagen,automotive,2025,1,3,chunk-39359,
ragas_esg_15_04,2025_annual_report_1b21309a.pdf::chunk-39822,3,direct_answer,2025_annual_report_1b21309a.pdf,1b21309a's 2025 Annual Report,Volkswagen,automotive,2025,366,366,chunk-39822,
ragas_esg_15_04,2025_annual_report_1b21309a.pdf::chunk-39821,1,adjacent_section_context,2025_annual_report_1b21309a.pdf,1b21309a's 2025 Annual Report,Volkswagen,automotive,2025,365,366,chunk-39821,
ragas_esg_15_04,2024_annual_report_9ab2a528.pdf::chunk-37546,0,hard_negative,2024_annual_report_9ab2a528.pdf,9ab2a528's 2024 Annual Report,Volkswagen,automotive,2024,1,2,chunk-37546,470 Consolidated Financial Statements Income Statement
ragas_esg_15_04,2024_annual_report_9ab2a528.pdf::chunk-37547,0,hard_negative,2024_annual_report_9ab2a528.pdf,9ab2a528's 2024 Annual Report,Volkswagen,automotive,2024,2,2,chunk-37547,
ragas_esg_15_04,2024_framework_disclosure_082a3c71.pdf::chunk-38956,0,hard_negative,2024_framework_disclosure_082a3c71.pdf,Framework Disclosure 082a3c71's 2024 Report,Volkswagen,automotive,2024,1,2,chunk-38956,
ragas_esg_15_04,2024_framework_disclosure_082a3c71.pdf::chunk-38957,0,hard_negative,2024_framework_disclosure_082a3c71.pdf,Framework Disclosure 082a3c71's 2024 Report,Volkswagen,automotive,2024,2,2,chunk-38957,
ragas_esg_15_04,2025_annual_report_1b21309a.pdf::chunk-39359,0,hard_negative,2025_annual_report_1b21309a.pdf,1b21309a's 2025 Annual Report,Volkswagen,automotive,2025,1,3,chunk-39359,
ragas_esg_16_01,2025_climate_report_9706fb9c.pdf::chunk-7411,3,direct_answer,2025_climate_report_9706fb9c.pdf,9706fb9c's 2025 Climate Report,Airbus,aerospace,2025,158,159,chunk-7411,
ragas_esg_16_01,2025_climate_report_9706fb9c.pdf::chunk-7410,1,adjacent_section_context,2025_climate_report_9706fb9c.pdf,9706fb9c's 2025 Climate Report,Airbus,aerospace,2025,155,158,chunk-7410,
ragas_esg_16_01,2025_climate_report_9706fb9c.pdf::chunk-7341,0,hard_negative,2025_climate_report_9706fb9c.pdf,9706fb9c's 2025 Climate Report,Airbus,aerospace,2025,1,2,chunk-7341,
ragas_esg_16_01,2025_climate_report_9706fb9c.pdf::chunk-7342,0,hard_negative,2025_climate_report_9706fb9c.pdf,9706fb9c's 2025 Climate Report,Airbus,aerospace,2025,2,4,chunk-7342,
ragas_esg_16_01,2025_thematic_report_91bab808.pdf::chunk-7436,0,hard_negative,2025_thematic_report_91bab808.pdf,Thematic 91bab808's 2025 Report,Airbus,aerospace,2025,1,1,chunk-7436,
ragas_esg_16_01,IB_Sustainability_Report.pdf::chunk-0053,0,hard_negative,IB_Sustainability_Report.pdf,IB's Sustainability Report,Iberdrola,utilities_power,,2,5,chunk-0053,
ragas_esg_16_01,IB_Sustainability_Report.pdf::chunk-0054,0,hard_negative,IB_Sustainability_Report.pdf,IB's Sustainability Report,Iberdrola,utilities_power,,5,6,chunk-0054,
ragas_esg_16_02,2025_climate_report_9706fb9c.pdf::chunk-7390,3,direct_answer,2025_climate_report_9706fb9c.pdf,9706fb9c's 2025 Climate Report,Airbus,aerospace,2025,88,91,chunk-7390,
ragas_esg_16_02,2025_climate_report_9706fb9c.pdf::chunk-7389,1,adjacent_section_context,2025_climate_report_9706fb9c.pdf,9706fb9c's 2025 Climate Report,Airbus,aerospace,2025,85,88,chunk-7389,
ragas_esg_16_02,2025_climate_report_9706fb9c.pdf::chunk-7341,0,hard_negative,2025_climate_report_9706fb9c.pdf,9706fb9c's 2025 Climate Report,Airbus,aerospace,2025,1,2,chunk-7341,
ragas_esg_16_02,2025_climate_report_9706fb9c.pdf::chunk-7342,0,hard_negative,2025_climate_report_9706fb9c.pdf,9706fb9c's 2025 Climate Report,Airbus,aerospace,2025,2,4,chunk-7342,
ragas_esg_16_02,2025_thematic_report_91bab808.pdf::chunk-7436,0,hard_negative,2025_thematic_report_91bab808.pdf,Thematic 91bab808's 2025 Report,Airbus,aerospace,2025,1,1,chunk-7436,
ragas_esg_16_02,IB_Sustainability_Report.pdf::chunk-0053,0,hard_negative,IB_Sustainability_Report.pdf,IB's Sustainability Report,Iberdrola,utilities_power,,2,5,chunk-0053,
ragas_esg_16_02,IB_Sustainability_Report.pdf::chunk-0054,0,hard_negative,IB_Sustainability_Report.pdf,IB's Sustainability Report,Iberdrola,utilities_power,,5,6,chunk-0054,
ragas_esg_16_03,2025_climate_report_9706fb9c.pdf::chunk-7373,3,direct_answer,2025_climate_report_9706fb9c.pdf,9706fb9c's 2025 Climate Report,Airbus,aerospace,2025,59,60,chunk-7373,
ragas_esg_16_03,2025_climate_report_9706fb9c.pdf::chunk-7372,1,adjacent_section_context,2025_climate_report_9706fb9c.pdf,9706fb9c's 2025 Climate Report,Airbus,aerospace,2025,58,59,chunk-7372,
ragas_esg_16_03,2025_climate_report_9706fb9c.pdf::chunk-7341,0,hard_negative,2025_climate_report_9706fb9c.pdf,9706fb9c's 2025 Climate Report,Airbus,aerospace,2025,1,2,chunk-7341,
ragas_esg_16_03,2025_climate_report_9706fb9c.pdf::chunk-7342,0,hard_negative,2025_climate_report_9706fb9c.pdf,9706fb9c's 2025 Climate Report,Airbus,aerospace,2025,2,4,chunk-7342,
ragas_esg_16_03,2025_thematic_report_91bab808.pdf::chunk-7436,0,hard_negative,2025_thematic_report_91bab808.pdf,Thematic 91bab808's 2025 Report,Airbus,aerospace,2025,1,1,chunk-7436,
ragas_esg_16_03,IB_Sustainability_Report.pdf::chunk-0053,0,hard_negative,IB_Sustainability_Report.pdf,IB's Sustainability Report,Iberdrola,utilities_power,,2,5,chunk-0053,
ragas_esg_16_03,IB_Sustainability_Report.pdf::chunk-0054,0,hard_negative,IB_Sustainability_Report.pdf,IB's Sustainability Report,Iberdrola,utilities_power,,5,6,chunk-0054,
ragas_esg_16_04,2025_climate_report_9706fb9c.pdf::chunk-7362,3,direct_answer,2025_climate_report_9706fb9c.pdf,9706fb9c's 2025 Climate Report,Airbus,aerospace,2025,37,40,chunk-7362,
ragas_esg_16_04,2025_climate_report_9706fb9c.pdf::chunk-7361,1,adjacent_section_context,2025_climate_report_9706fb9c.pdf,9706fb9c's 2025 Climate Report,Airbus,aerospace,2025,35,37,chunk-7361,
ragas_esg_16_04,2025_climate_report_9706fb9c.pdf::chunk-7341,0,hard_negative,2025_climate_report_9706fb9c.pdf,9706fb9c's 2025 Climate Report,Airbus,aerospace,2025,1,2,chunk-7341,
ragas_esg_16_04,2025_climate_report_9706fb9c.pdf::chunk-7342,0,hard_negative,2025_climate_report_9706fb9c.pdf,9706fb9c's 2025 Climate Report,Airbus,aerospace,2025,2,4,chunk-7342,
ragas_esg_16_04,2025_thematic_report_91bab808.pdf::chunk-7436,0,hard_negative,2025_thematic_report_91bab808.pdf,Thematic 91bab808's 2025 Report,Airbus,aerospace,2025,1,1,chunk-7436,
ragas_esg_16_04,IB_Sustainability_Report.pdf::chunk-0054,0,hard_negative,IB_Sustainability_Report.pdf,IB's Sustainability Report,Iberdrola,utilities_power,,5,6,chunk-0054,
ragas_esg_16_04,IB_Sustainability_Report.pdf::chunk-0059,0,hard_negative,IB_Sustainability_Report.pdf,IB's Sustainability Report,Iberdrola,utilities_power,,12,13,chunk-0059,
ragas_esg_17_01,2025_urd_99c343a1.pdf::chunk-14193,3,direct_answer,2025_urd_99c343a1.pdf,URD 99c343a1's 2025 Report,Danone,food_beverage,2025,218,218,chunk-14193,
ragas_esg_17_01,2025_urd_99c343a1.pdf::chunk-14192,1,adjacent_section_context,2025_urd_99c343a1.pdf,URD 99c343a1's 2025 Report,Danone,food_beverage,2025,217,218,chunk-14192,
ragas_esg_17_01,2023_integrated_report_c47ec973.pdf::chunk-11678,0,hard_negative,2023_integrated_report_c47ec973.pdf,C47ec973's 2023 Integrated Report,Danone,food_beverage,2023,1,3,chunk-11678,1 2 APRIL 2024 ANNUAL INTEGRATED REPORT Danone’s sustainability performance 2023
ragas_esg_17_01,2023_integrated_report_c47ec973.pdf::chunk-11679,0,hard_negative,2023_integrated_report_c47ec973.pdf,C47ec973's 2023 Integrated Report,Danone,food_beverage,2023,3,4,chunk-11679,
ragas_esg_17_01,2024_thematic_report_24be3308.pdf::chunk-13166,0,hard_negative,2024_thematic_report_24be3308.pdf,Thematic 24be3308's 2024 Report,Danone,food_beverage,2024,1,1,chunk-13166,
ragas_esg_17_01,2024_thematic_report_24be3308.pdf::chunk-13167,0,hard_negative,2024_thematic_report_24be3308.pdf,Thematic 24be3308's 2024 Report,Danone,food_beverage,2024,1,1,chunk-13167,S Y S T E M O F P A R T N E R S T H R I V I N G P E O P L E
ragas_esg_17_01,2025_integrated_report_c3cd8894.pdf::chunk-13237,0,hard_negative,2025_integrated_report_c3cd8894.pdf,C3cd8894's 2025 Integrated Report,Danone,food_beverage,2025,1,2,chunk-13237,2025 Danone’s performance and impact ANNUAL INTEGRATED REPORT APRIL 2026
ragas_esg_17_02,2025_urd_99c343a1.pdf::chunk-14393,3,direct_answer,2025_urd_99c343a1.pdf,URD 99c343a1's 2025 Report,Danone,food_beverage,2025,343,344,chunk-14393,
ragas_esg_17_02,2025_urd_99c343a1.pdf::chunk-14392,1,adjacent_section_context,2025_urd_99c343a1.pdf,URD 99c343a1's 2025 Report,Danone,food_beverage,2025,342,343,chunk-14392,
ragas_esg_17_02,2023_integrated_report_c47ec973.pdf::chunk-11678,0,hard_negative,2023_integrated_report_c47ec973.pdf,C47ec973's 2023 Integrated Report,Danone,food_beverage,2023,1,3,chunk-11678,1 2 APRIL 2024 ANNUAL INTEGRATED REPORT Danone’s sustainability performance 2023
ragas_esg_17_02,2023_integrated_report_c47ec973.pdf::chunk-11679,0,hard_negative,2023_integrated_report_c47ec973.pdf,C47ec973's 2023 Integrated Report,Danone,food_beverage,2023,3,4,chunk-11679,
ragas_esg_17_02,2024_thematic_report_24be3308.pdf::chunk-13166,0,hard_negative,2024_thematic_report_24be3308.pdf,Thematic 24be3308's 2024 Report,Danone,food_beverage,2024,1,1,chunk-13166,
ragas_esg_17_02,2024_thematic_report_24be3308.pdf::chunk-13167,0,hard_negative,2024_thematic_report_24be3308.pdf,Thematic 24be3308's 2024 Report,Danone,food_beverage,2024,1,1,chunk-13167,S Y S T E M O F P A R T N E R S T H R I V I N G P E O P L E
ragas_esg_17_02,2025_integrated_report_c3cd8894.pdf::chunk-13237,0,hard_negative,2025_integrated_report_c3cd8894.pdf,C3cd8894's 2025 Integrated Report,Danone,food_beverage,2025,1,2,chunk-13237,2025 Danone’s performance and impact ANNUAL INTEGRATED REPORT APRIL 2026
ragas_esg_17_03,2025_urd_99c343a1.pdf::chunk-14432,3,direct_answer,2025_urd_99c343a1.pdf,URD 99c343a1's 2025 Report,Danone,food_beverage,2025,377,378,chunk-14432,
ragas_esg_17_03,2025_urd_99c343a1.pdf::chunk-14431,1,adjacent_section_context,2025_urd_99c343a1.pdf,URD 99c343a1's 2025 Report,Danone,food_beverage,2025,377,377,chunk-14431,
ragas_esg_17_03,2023_integrated_report_c47ec973.pdf::chunk-11678,0,hard_negative,2023_integrated_report_c47ec973.pdf,C47ec973's 2023 Integrated Report,Danone,food_beverage,2023,1,3,chunk-11678,1 2 APRIL 2024 ANNUAL INTEGRATED REPORT Danone’s sustainability performance 2023
ragas_esg_17_03,2023_integrated_report_c47ec973.pdf::chunk-11679,0,hard_negative,2023_integrated_report_c47ec973.pdf,C47ec973's 2023 Integrated Report,Danone,food_beverage,2023,3,4,chunk-11679,
ragas_esg_17_03,2024_thematic_report_24be3308.pdf::chunk-13166,0,hard_negative,2024_thematic_report_24be3308.pdf,Thematic 24be3308's 2024 Report,Danone,food_beverage,2024,1,1,chunk-13166,
ragas_esg_17_03,2024_thematic_report_24be3308.pdf::chunk-13167,0,hard_negative,2024_thematic_report_24be3308.pdf,Thematic 24be3308's 2024 Report,Danone,food_beverage,2024,1,1,chunk-13167,S Y S T E M O F P A R T N E R S T H R I V I N G P E O P L E
ragas_esg_17_03,2025_integrated_report_c3cd8894.pdf::chunk-13237,0,hard_negative,2025_integrated_report_c3cd8894.pdf,C3cd8894's 2025 Integrated Report,Danone,food_beverage,2025,1,2,chunk-13237,2025 Danone’s performance and impact ANNUAL INTEGRATED REPORT APRIL 2026
ragas_esg_17_04,2025_urd_99c343a1.pdf::chunk-14471,3,direct_answer,2025_urd_99c343a1.pdf,URD 99c343a1's 2025 Report,Danone,food_beverage,2025,411,412,chunk-14471,
ragas_esg_17_04,2025_urd_99c343a1.pdf::chunk-14470,1,adjacent_section_context,2025_urd_99c343a1.pdf,URD 99c343a1's 2025 Report,Danone,food_beverage,2025,410,411,chunk-14470,
ragas_esg_17_04,2023_integrated_report_c47ec973.pdf::chunk-11678,0,hard_negative,2023_integrated_report_c47ec973.pdf,C47ec973's 2023 Integrated Report,Danone,food_beverage,2023,1,3,chunk-11678,1 2 APRIL 2024 ANNUAL INTEGRATED REPORT Danone’s sustainability performance 2023
ragas_esg_17_04,2023_integrated_report_c47ec973.pdf::chunk-11679,0,hard_negative,2023_integrated_report_c47ec973.pdf,C47ec973's 2023 Integrated Report,Danone,food_beverage,2023,3,4,chunk-11679,
ragas_esg_17_04,2024_thematic_report_24be3308.pdf::chunk-13166,0,hard_negative,2024_thematic_report_24be3308.pdf,Thematic 24be3308's 2024 Report,Danone,food_beverage,2024,1,1,chunk-13166,
ragas_esg_17_04,2024_thematic_report_24be3308.pdf::chunk-13167,0,hard_negative,2024_thematic_report_24be3308.pdf,Thematic 24be3308's 2024 Report,Danone,food_beverage,2024,1,1,chunk-13167,S Y S T E M O F P A R T N E R S T H R I V I N G P E O P L E
ragas_esg_17_04,2025_integrated_report_c3cd8894.pdf::chunk-13237,0,hard_negative,2025_integrated_report_c3cd8894.pdf,C3cd8894's 2025 Integrated Report,Danone,food_beverage,2025,1,2,chunk-13237,2025 Danone’s performance and impact ANNUAL INTEGRATED REPORT APRIL 2026
ragas_esg_18_01,2025_integrated_report_c3cd8894.pdf::chunk-13265,3,direct_answer,2025_integrated_report_c3cd8894.pdf,C3cd8894's 2025 Integrated Report,Danone,food_beverage,2025,24,26,chunk-13265,P R E S E R V E
ragas_esg_18_01,2025_integrated_report_c3cd8894.pdf::chunk-13264,1,adjacent_section_context,2025_integrated_report_c3cd8894.pdf,C3cd8894's 2025 Integrated Report,Danone,food_beverage,2025,23,24,chunk-13264,
ragas_esg_18_01,2023_integrated_report_c47ec973.pdf::chunk-11678,0,hard_negative,2023_integrated_report_c47ec973.pdf,C47ec973's 2023 Integrated Report,Danone,food_beverage,2023,1,3,chunk-11678,1 2 APRIL 2024 ANNUAL INTEGRATED REPORT Danone’s sustainability performance 2023
ragas_esg_18_01,2023_integrated_report_c47ec973.pdf::chunk-11679,0,hard_negative,2023_integrated_report_c47ec973.pdf,C47ec973's 2023 Integrated Report,Danone,food_beverage,2023,3,4,chunk-11679,
ragas_esg_18_01,2024_thematic_report_24be3308.pdf::chunk-13166,0,hard_negative,2024_thematic_report_24be3308.pdf,Thematic 24be3308's 2024 Report,Danone,food_beverage,2024,1,1,chunk-13166,
ragas_esg_18_01,2024_thematic_report_24be3308.pdf::chunk-13167,0,hard_negative,2024_thematic_report_24be3308.pdf,Thematic 24be3308's 2024 Report,Danone,food_beverage,2024,1,1,chunk-13167,S Y S T E M O F P A R T N E R S T H R I V I N G P E O P L E
ragas_esg_18_01,2025_integrated_report_c3cd8894.pdf::chunk-13237,0,hard_negative,2025_integrated_report_c3cd8894.pdf,C3cd8894's 2025 Integrated Report,Danone,food_beverage,2025,1,2,chunk-13237,2025 Danone’s performance and impact ANNUAL INTEGRATED REPORT APRIL 2026
ragas_esg_18_02,2025_integrated_report_c3cd8894.pdf::chunk-13268,3,direct_answer,2025_integrated_report_c3cd8894.pdf,C3cd8894's 2025 Integrated Report,Danone,food_beverage,2025,28,29,chunk-13268,
ragas_esg_18_02,2025_integrated_report_c3cd8894.pdf::chunk-13267,1,adjacent_section_context,2025_integrated_report_c3cd8894.pdf,C3cd8894's 2025 Integrated Report,Danone,food_beverage,2025,27,28,chunk-13267,D A N O N E
ragas_esg_18_02,2023_integrated_report_c47ec973.pdf::chunk-11678,0,hard_negative,2023_integrated_report_c47ec973.pdf,C47ec973's 2023 Integrated Report,Danone,food_beverage,2023,1,3,chunk-11678,1 2 APRIL 2024 ANNUAL INTEGRATED REPORT Danone’s sustainability performance 2023
ragas_esg_18_02,2023_integrated_report_c47ec973.pdf::chunk-11679,0,hard_negative,2023_integrated_report_c47ec973.pdf,C47ec973's 2023 Integrated Report,Danone,food_beverage,2023,3,4,chunk-11679,
ragas_esg_18_02,2024_thematic_report_24be3308.pdf::chunk-13166,0,hard_negative,2024_thematic_report_24be3308.pdf,Thematic 24be3308's 2024 Report,Danone,food_beverage,2024,1,1,chunk-13166,
ragas_esg_18_02,2024_thematic_report_24be3308.pdf::chunk-13167,0,hard_negative,2024_thematic_report_24be3308.pdf,Thematic 24be3308's 2024 Report,Danone,food_beverage,2024,1,1,chunk-13167,S Y S T E M O F P A R T N E R S T H R I V I N G P E O P L E
ragas_esg_18_02,2025_integrated_report_c3cd8894.pdf::chunk-13237,0,hard_negative,2025_integrated_report_c3cd8894.pdf,C3cd8894's 2025 Integrated Report,Danone,food_beverage,2025,1,2,chunk-13237,2025 Danone’s performance and impact ANNUAL INTEGRATED REPORT APRIL 2026
ragas_esg_18_03,2025_integrated_report_c3cd8894.pdf::chunk-13275,3,direct_answer,2025_integrated_report_c3cd8894.pdf,C3cd8894's 2025 Integrated Report,Danone,food_beverage,2025,33,34,chunk-13275,
ragas_esg_18_03,2025_integrated_report_c3cd8894.pdf::chunk-13274,1,adjacent_section_context,2025_integrated_report_c3cd8894.pdf,C3cd8894's 2025 Integrated Report,Danone,food_beverage,2025,32,33,chunk-13274,
ragas_esg_18_03,2023_integrated_report_c47ec973.pdf::chunk-11678,0,hard_negative,2023_integrated_report_c47ec973.pdf,C47ec973's 2023 Integrated Report,Danone,food_beverage,2023,1,3,chunk-11678,1 2 APRIL 2024 ANNUAL INTEGRATED REPORT Danone’s sustainability performance 2023
ragas_esg_18_03,2023_integrated_report_c47ec973.pdf::chunk-11679,0,hard_negative,2023_integrated_report_c47ec973.pdf,C47ec973's 2023 Integrated Report,Danone,food_beverage,2023,3,4,chunk-11679,
ragas_esg_18_03,2024_thematic_report_24be3308.pdf::chunk-13166,0,hard_negative,2024_thematic_report_24be3308.pdf,Thematic 24be3308's 2024 Report,Danone,food_beverage,2024,1,1,chunk-13166,
ragas_esg_18_03,2024_thematic_report_24be3308.pdf::chunk-13167,0,hard_negative,2024_thematic_report_24be3308.pdf,Thematic 24be3308's 2024 Report,Danone,food_beverage,2024,1,1,chunk-13167,S Y S T E M O F P A R T N E R S T H R I V I N G P E O P L E
ragas_esg_18_03,2025_integrated_report_c3cd8894.pdf::chunk-13237,0,hard_negative,2025_integrated_report_c3cd8894.pdf,C3cd8894's 2025 Integrated Report,Danone,food_beverage,2025,1,2,chunk-13237,2025 Danone’s performance and impact ANNUAL INTEGRATED REPORT APRIL 2026
ragas_esg_18_04,2025_integrated_report_c3cd8894.pdf::chunk-13285,3,direct_answer,2025_integrated_report_c3cd8894.pdf,C3cd8894's 2025 Integrated Report,Danone,food_beverage,2025,43,44,chunk-13285,
ragas_esg_18_04,2025_integrated_report_c3cd8894.pdf::chunk-13284,1,adjacent_section_context,2025_integrated_report_c3cd8894.pdf,C3cd8894's 2025 Integrated Report,Danone,food_beverage,2025,42,43,chunk-13284,V E R S T E E G H P R O G R A M
ragas_esg_18_04,2023_integrated_report_c47ec973.pdf::chunk-11678,0,hard_negative,2023_integrated_report_c47ec973.pdf,C47ec973's 2023 Integrated Report,Danone,food_beverage,2023,1,3,chunk-11678,1 2 APRIL 2024 ANNUAL INTEGRATED REPORT Danone’s sustainability performance 2023
ragas_esg_18_04,2023_integrated_report_c47ec973.pdf::chunk-11679,0,hard_negative,2023_integrated_report_c47ec973.pdf,C47ec973's 2023 Integrated Report,Danone,food_beverage,2023,3,4,chunk-11679,
ragas_esg_18_04,2024_thematic_report_24be3308.pdf::chunk-13166,0,hard_negative,2024_thematic_report_24be3308.pdf,Thematic 24be3308's 2024 Report,Danone,food_beverage,2024,1,1,chunk-13166,
ragas_esg_18_04,2024_thematic_report_24be3308.pdf::chunk-13167,0,hard_negative,2024_thematic_report_24be3308.pdf,Thematic 24be3308's 2024 Report,Danone,food_beverage,2024,1,1,chunk-13167,S Y S T E M O F P A R T N E R S T H R I V I N G P E O P L E
ragas_esg_18_04,2025_integrated_report_c3cd8894.pdf::chunk-13237,0,hard_negative,2025_integrated_report_c3cd8894.pdf,C3cd8894's 2025 Integrated Report,Danone,food_beverage,2025,1,2,chunk-13237,2025 Danone’s performance and impact ANNUAL INTEGRATED REPORT APRIL 2026
ragas_esg_19_01,2021_integrated_report_1efcc316.pdf::chunk-24176,3,direct_answer,2021_integrated_report_1efcc316.pdf,1efcc316's 2021 Integrated Report,ENGIE,utilities_energy,2021,20,21,chunk-24176,
ragas_esg_19_01,2021_integrated_report_1efcc316.pdf::chunk-24175,1,adjacent_section_context,2021_integrated_report_1efcc316.pdf,1efcc316's 2021 Integrated Report,ENGIE,utilities_energy,2021,19,20,chunk-24175,S O L U T I O N S M U L T I - T E C H N I C A L
ragas_esg_19_01,2021_integrated_report_1efcc316.pdf::chunk-24161,0,hard_negative,2021_integrated_report_1efcc316.pdf,1efcc316's 2021 Integrated Report,ENGIE,utilities_energy,2021,1,3,chunk-24161,2021 Integrated Report * J’agis avec ENGIE.
ragas_esg_19_01,2021_integrated_report_1efcc316.pdf::chunk-24162,0,hard_negative,2021_integrated_report_1efcc316.pdf,1efcc316's 2021 Integrated Report,ENGIE,utilities_energy,2021,3,4,chunk-24162,
ragas_esg_19_01,2023_framework_disclosure_a1d018fd.pdf::chunk-24301,0,hard_negative,2023_framework_disclosure_a1d018fd.pdf,Framework Disclosure A1d018fd's 2023 Report,ENGIE,utilities_energy,2023,1,1,chunk-24301,
ragas_esg_19_01,2023_framework_disclosure_a1d018fd.pdf::chunk-24302,0,hard_negative,2023_framework_disclosure_a1d018fd.pdf,Framework Disclosure A1d018fd's 2023 Report,ENGIE,utilities_energy,2023,1,1,chunk-24302,
ragas_esg_19_01,2025_sustainability_report_0478ad88.pdf::chunk-24546,0,hard_negative,2025_sustainability_report_0478ad88.pdf,0478ad88's 2025 Sustainability Report,ENGIE,utilities_energy,2025,1,5,chunk-24546,2024 ESG AT ENGIE 1 ESG at ENGIE 2024
ragas_esg_19_02,2021_integrated_report_1efcc316.pdf::chunk-24189,3,direct_answer,2021_integrated_report_1efcc316.pdf,1efcc316's 2021 Integrated Report,ENGIE,utilities_energy,2021,35,38,chunk-24189,
ragas_esg_19_02,2021_integrated_report_1efcc316.pdf::chunk-24188,1,adjacent_section_context,2021_integrated_report_1efcc316.pdf,1efcc316's 2021 Integrated Report,ENGIE,utilities_energy,2021,34,35,chunk-24188,
ragas_esg_19_02,2021_integrated_report_1efcc316.pdf::chunk-24161,0,hard_negative,2021_integrated_report_1efcc316.pdf,1efcc316's 2021 Integrated Report,ENGIE,utilities_energy,2021,1,3,chunk-24161,2021 Integrated Report * J’agis avec ENGIE.
ragas_esg_19_02,2021_integrated_report_1efcc316.pdf::chunk-24162,0,hard_negative,2021_integrated_report_1efcc316.pdf,1efcc316's 2021 Integrated Report,ENGIE,utilities_energy,2021,3,4,chunk-24162,
ragas_esg_19_02,2023_framework_disclosure_a1d018fd.pdf::chunk-24301,0,hard_negative,2023_framework_disclosure_a1d018fd.pdf,Framework Disclosure A1d018fd's 2023 Report,ENGIE,utilities_energy,2023,1,1,chunk-24301,
ragas_esg_19_02,2023_framework_disclosure_a1d018fd.pdf::chunk-24302,0,hard_negative,2023_framework_disclosure_a1d018fd.pdf,Framework Disclosure A1d018fd's 2023 Report,ENGIE,utilities_energy,2023,1,1,chunk-24302,
ragas_esg_19_02,2025_sustainability_report_0478ad88.pdf::chunk-24546,0,hard_negative,2025_sustainability_report_0478ad88.pdf,0478ad88's 2025 Sustainability Report,ENGIE,utilities_energy,2025,1,5,chunk-24546,2024 ESG AT ENGIE 1 ESG at ENGIE 2024
ragas_esg_19_03,2021_integrated_report_1efcc316.pdf::chunk-24197,3,direct_answer,2021_integrated_report_1efcc316.pdf,1efcc316's 2021 Integrated Report,ENGIE,utilities_energy,2021,44,45,chunk-24197,
ragas_esg_19_03,2021_integrated_report_1efcc316.pdf::chunk-24196,1,adjacent_section_context,2021_integrated_report_1efcc316.pdf,1efcc316's 2021 Integrated Report,ENGIE,utilities_energy,2021,43,44,chunk-24196,
ragas_esg_19_03,2021_integrated_report_1efcc316.pdf::chunk-24161,0,hard_negative,2021_integrated_report_1efcc316.pdf,1efcc316's 2021 Integrated Report,ENGIE,utilities_energy,2021,1,3,chunk-24161,2021 Integrated Report * J’agis avec ENGIE.
ragas_esg_19_03,2021_integrated_report_1efcc316.pdf::chunk-24162,0,hard_negative,2021_integrated_report_1efcc316.pdf,1efcc316's 2021 Integrated Report,ENGIE,utilities_energy,2021,3,4,chunk-24162,
ragas_esg_19_03,2023_framework_disclosure_a1d018fd.pdf::chunk-24301,0,hard_negative,2023_framework_disclosure_a1d018fd.pdf,Framework Disclosure A1d018fd's 2023 Report,ENGIE,utilities_energy,2023,1,1,chunk-24301,
ragas_esg_19_03,2023_framework_disclosure_a1d018fd.pdf::chunk-24302,0,hard_negative,2023_framework_disclosure_a1d018fd.pdf,Framework Disclosure A1d018fd's 2023 Report,ENGIE,utilities_energy,2023,1,1,chunk-24302,
ragas_esg_19_03,2025_sustainability_report_0478ad88.pdf::chunk-24546,0,hard_negative,2025_sustainability_report_0478ad88.pdf,0478ad88's 2025 Sustainability Report,ENGIE,utilities_energy,2025,1,5,chunk-24546,2024 ESG AT ENGIE 1 ESG at ENGIE 2024
ragas_esg_19_04,2021_integrated_report_1efcc316.pdf::chunk-24161,3,direct_answer,2021_integrated_report_1efcc316.pdf,1efcc316's 2021 Integrated Report,ENGIE,utilities_energy,2021,1,3,chunk-24161,2021 Integrated Report * J’agis avec ENGIE.
ragas_esg_19_04,2021_integrated_report_1efcc316.pdf::chunk-24162,1,adjacent_section_context,2021_integrated_report_1efcc316.pdf,1efcc316's 2021 Integrated Report,ENGIE,utilities_energy,2021,3,4,chunk-24162,
ragas_esg_19_04,2021_integrated_report_1efcc316.pdf::chunk-24164,0,hard_negative,2021_integrated_report_1efcc316.pdf,1efcc316's 2021 Integrated Report,ENGIE,utilities_energy,2021,5,6,chunk-24164,
ragas_esg_19_04,2021_integrated_report_1efcc316.pdf::chunk-24165,0,hard_negative,2021_integrated_report_1efcc316.pdf,1efcc316's 2021 Integrated Report,ENGIE,utilities_energy,2021,6,8,chunk-24165,
ragas_esg_19_04,2023_framework_disclosure_a1d018fd.pdf::chunk-24301,0,hard_negative,2023_framework_disclosure_a1d018fd.pdf,Framework Disclosure A1d018fd's 2023 Report,ENGIE,utilities_energy,2023,1,1,chunk-24301,
ragas_esg_19_04,2023_framework_disclosure_a1d018fd.pdf::chunk-24302,0,hard_negative,2023_framework_disclosure_a1d018fd.pdf,Framework Disclosure A1d018fd's 2023 Report,ENGIE,utilities_energy,2023,1,1,chunk-24302,
ragas_esg_19_04,2025_sustainability_report_0478ad88.pdf::chunk-24546,0,hard_negative,2025_sustainability_report_0478ad88.pdf,0478ad88's 2025 Sustainability Report,ENGIE,utilities_energy,2025,1,5,chunk-24546,2024 ESG AT ENGIE 1 ESG at ENGIE 2024
ragas_esg_20_01,2024_urd_c73e004c.pdf::chunk-29276,3,direct_answer,2024_urd_c73e004c.pdf,URD C73e004c's 2024 Report,Schneider,industrial_energy_management,2024,32,32,chunk-29276,
ragas_esg_20_01,2024_urd_c73e004c.pdf::chunk-29275,1,adjacent_section_context,2024_urd_c73e004c.pdf,URD C73e004c's 2024 Report,Schneider,industrial_energy_management,2024,32,32,chunk-29275,
ragas_esg_20_01,2024_sustainability_report_c73e004c.pdf::chunk-28839,0,hard_negative,2024_sustainability_report_c73e004c.pdf,C73e004c's 2024 Sustainability Report,Schneider,industrial_energy_management,2024,1,3,chunk-28839,
ragas_esg_20_01,2024_sustainability_report_c73e004c.pdf::chunk-28840,0,hard_negative,2024_sustainability_report_c73e004c.pdf,C73e004c's 2024 Sustainability Report,Schneider,industrial_energy_management,2024,3,3,chunk-28840,
ragas_esg_20_01,2024_urd_c73e004c.pdf::chunk-29204,0,hard_negative,2024_urd_c73e004c.pdf,URD C73e004c's 2024 Report,Schneider,industrial_energy_management,2024,1,3,chunk-29204,
ragas_esg_20_01,2024_urd_c73e004c.pdf::chunk-29205,0,hard_negative,2024_urd_c73e004c.pdf,URD C73e004c's 2024 Report,Schneider,industrial_energy_management,2024,3,3,chunk-29205,
ragas_esg_20_01,IB_Sustainability_Report.pdf::chunk-0053,0,hard_negative,IB_Sustainability_Report.pdf,IB's Sustainability Report,Iberdrola,utilities_power,,2,5,chunk-0053,
ragas_esg_20_02,2024_urd_c73e004c.pdf::chunk-29280,3,direct_answer,2024_urd_c73e004c.pdf,URD C73e004c's 2024 Report,Schneider,industrial_energy_management,2024,33,34,chunk-29280,
ragas_esg_20_02,2024_urd_c73e004c.pdf::chunk-29279,1,adjacent_section_context,2024_urd_c73e004c.pdf,URD C73e004c's 2024 Report,Schneider,industrial_energy_management,2024,33,33,chunk-29279,
ragas_esg_20_02,2024_sustainability_report_c73e004c.pdf::chunk-28839,0,hard_negative,2024_sustainability_report_c73e004c.pdf,C73e004c's 2024 Sustainability Report,Schneider,industrial_energy_management,2024,1,3,chunk-28839,
ragas_esg_20_02,2024_sustainability_report_c73e004c.pdf::chunk-28840,0,hard_negative,2024_sustainability_report_c73e004c.pdf,C73e004c's 2024 Sustainability Report,Schneider,industrial_energy_management,2024,3,3,chunk-28840,
ragas_esg_20_02,2024_urd_c73e004c.pdf::chunk-29204,0,hard_negative,2024_urd_c73e004c.pdf,URD C73e004c's 2024 Report,Schneider,industrial_energy_management,2024,1,3,chunk-29204,
ragas_esg_20_02,2024_urd_c73e004c.pdf::chunk-29205,0,hard_negative,2024_urd_c73e004c.pdf,URD C73e004c's 2024 Report,Schneider,industrial_energy_management,2024,3,3,chunk-29205,
ragas_esg_20_02,IB_Sustainability_Report.pdf::chunk-0053,0,hard_negative,IB_Sustainability_Report.pdf,IB's Sustainability Report,Iberdrola,utilities_power,,2,5,chunk-0053,
ragas_esg_20_03,2024_urd_c73e004c.pdf::chunk-29287,3,direct_answer,2024_urd_c73e004c.pdf,URD C73e004c's 2024 Report,Schneider,industrial_energy_management,2024,35,36,chunk-29287,
ragas_esg_20_03,2024_urd_c73e004c.pdf::chunk-29286,1,adjacent_section_context,2024_urd_c73e004c.pdf,URD C73e004c's 2024 Report,Schneider,industrial_energy_management,2024,35,35,chunk-29286,
ragas_esg_20_03,2024_sustainability_report_c73e004c.pdf::chunk-28839,0,hard_negative,2024_sustainability_report_c73e004c.pdf,C73e004c's 2024 Sustainability Report,Schneider,industrial_energy_management,2024,1,3,chunk-28839,
ragas_esg_20_03,2024_sustainability_report_c73e004c.pdf::chunk-28840,0,hard_negative,2024_sustainability_report_c73e004c.pdf,C73e004c's 2024 Sustainability Report,Schneider,industrial_energy_management,2024,3,3,chunk-28840,
ragas_esg_20_03,2024_urd_c73e004c.pdf::chunk-29204,0,hard_negative,2024_urd_c73e004c.pdf,URD C73e004c's 2024 Report,Schneider,industrial_energy_management,2024,1,3,chunk-29204,
ragas_esg_20_03,2024_urd_c73e004c.pdf::chunk-29205,0,hard_negative,2024_urd_c73e004c.pdf,URD C73e004c's 2024 Report,Schneider,industrial_energy_management,2024,3,3,chunk-29205,
ragas_esg_20_03,IB_Sustainability_Report.pdf::chunk-0053,0,hard_negative,IB_Sustainability_Report.pdf,IB's Sustainability Report,Iberdrola,utilities_power,,2,5,chunk-0053,
ragas_esg_20_04,2024_urd_c73e004c.pdf::chunk-29300,3,direct_answer,2024_urd_c73e004c.pdf,URD C73e004c's 2024 Report,Schneider,industrial_energy_management,2024,39,40,chunk-29300,3.2% CO2e emissions in Scope 3 upstream vs. 2023
ragas_esg_20_04,2024_urd_c73e004c.pdf::chunk-29299,1,adjacent_section_context,2024_urd_c73e004c.pdf,URD C73e004c's 2024 Report,Schneider,industrial_energy_management,2024,39,39,chunk-29299,
ragas_esg_20_04,2024_sustainability_report_c73e004c.pdf::chunk-28839,0,hard_negative,2024_sustainability_report_c73e004c.pdf,C73e004c's 2024 Sustainability Report,Schneider,industrial_energy_management,2024,1,3,chunk-28839,
ragas_esg_20_04,2024_sustainability_report_c73e004c.pdf::chunk-28840,0,hard_negative,2024_sustainability_report_c73e004c.pdf,C73e004c's 2024 Sustainability Report,Schneider,industrial_energy_management,2024,3,3,chunk-28840,
ragas_esg_20_04,2024_urd_c73e004c.pdf::chunk-29204,0,hard_negative,2024_urd_c73e004c.pdf,URD C73e004c's 2024 Report,Schneider,industrial_energy_management,2024,1,3,chunk-29204,
ragas_esg_20_04,2024_urd_c73e004c.pdf::chunk-29205,0,hard_negative,2024_urd_c73e004c.pdf,URD C73e004c's 2024 Report,Schneider,industrial_energy_management,2024,3,3,chunk-29205,
ragas_esg_20_04,IB_Sustainability_Report.pdf::chunk-0053,0,hard_negative,IB_Sustainability_Report.pdf,IB's Sustainability Report,Iberdrola,utilities_power,,2,5,chunk-0053,
ragas_esg_21_01,2023_integrated_report_c47ec973.pdf::chunk-11689,3,direct_answer,2023_integrated_report_c47ec973.pdf,C47ec973's 2023 Integrated Report,Danone,food_beverage,2023,14,15,chunk-11689,
ragas_esg_21_01,2023_integrated_report_c47ec973.pdf::chunk-11688,1,adjacent_section_context,2023_integrated_report_c47ec973.pdf,C47ec973's 2023 Integrated Report,Danone,food_beverage,2023,12,14,chunk-11688,
ragas_esg_21_01,2023_integrated_report_c47ec973.pdf::chunk-11678,0,hard_negative,2023_integrated_report_c47ec973.pdf,C47ec973's 2023 Integrated Report,Danone,food_beverage,2023,1,3,chunk-11678,1 2 APRIL 2024 ANNUAL INTEGRATED REPORT Danone’s sustainability performance 2023
ragas_esg_21_01,2023_integrated_report_c47ec973.pdf::chunk-11679,0,hard_negative,2023_integrated_report_c47ec973.pdf,C47ec973's 2023 Integrated Report,Danone,food_beverage,2023,3,4,chunk-11679,
ragas_esg_21_01,2024_thematic_report_24be3308.pdf::chunk-13166,0,hard_negative,2024_thematic_report_24be3308.pdf,Thematic 24be3308's 2024 Report,Danone,food_beverage,2024,1,1,chunk-13166,
ragas_esg_21_01,2024_thematic_report_24be3308.pdf::chunk-13167,0,hard_negative,2024_thematic_report_24be3308.pdf,Thematic 24be3308's 2024 Report,Danone,food_beverage,2024,1,1,chunk-13167,S Y S T E M O F P A R T N E R S T H R I V I N G P E O P L E
ragas_esg_21_01,2025_integrated_report_c3cd8894.pdf::chunk-13237,0,hard_negative,2025_integrated_report_c3cd8894.pdf,C3cd8894's 2025 Integrated Report,Danone,food_beverage,2025,1,2,chunk-13237,2025 Danone’s performance and impact ANNUAL INTEGRATED REPORT APRIL 2026
ragas_esg_21_02,2023_integrated_report_c47ec973.pdf::chunk-11704,3,direct_answer,2023_integrated_report_c47ec973.pdf,C47ec973's 2023 Integrated Report,Danone,food_beverage,2023,27,28,chunk-11704,
ragas_esg_21_02,2023_integrated_report_c47ec973.pdf::chunk-11703,1,adjacent_section_context,2023_integrated_report_c47ec973.pdf,C47ec973's 2023 Integrated Report,Danone,food_beverage,2023,26,27,chunk-11703,
ragas_esg_21_02,2023_integrated_report_c47ec973.pdf::chunk-11678,0,hard_negative,2023_integrated_report_c47ec973.pdf,C47ec973's 2023 Integrated Report,Danone,food_beverage,2023,1,3,chunk-11678,1 2 APRIL 2024 ANNUAL INTEGRATED REPORT Danone’s sustainability performance 2023
ragas_esg_21_02,2023_integrated_report_c47ec973.pdf::chunk-11679,0,hard_negative,2023_integrated_report_c47ec973.pdf,C47ec973's 2023 Integrated Report,Danone,food_beverage,2023,3,4,chunk-11679,
ragas_esg_21_02,2024_thematic_report_24be3308.pdf::chunk-13166,0,hard_negative,2024_thematic_report_24be3308.pdf,Thematic 24be3308's 2024 Report,Danone,food_beverage,2024,1,1,chunk-13166,
ragas_esg_21_02,2024_thematic_report_24be3308.pdf::chunk-13167,0,hard_negative,2024_thematic_report_24be3308.pdf,Thematic 24be3308's 2024 Report,Danone,food_beverage,2024,1,1,chunk-13167,S Y S T E M O F P A R T N E R S T H R I V I N G P E O P L E
ragas_esg_21_02,2025_integrated_report_c3cd8894.pdf::chunk-13237,0,hard_negative,2025_integrated_report_c3cd8894.pdf,C3cd8894's 2025 Integrated Report,Danone,food_beverage,2025,1,2,chunk-13237,2025 Danone’s performance and impact ANNUAL INTEGRATED REPORT APRIL 2026
ragas_esg_21_03,2023_integrated_report_c47ec973.pdf::chunk-11688,3,direct_answer,2023_integrated_report_c47ec973.pdf,C47ec973's 2023 Integrated Report,Danone,food_beverage,2023,12,14,chunk-11688,
ragas_esg_21_03,2023_integrated_report_c47ec973.pdf::chunk-11687,1,adjacent_section_context,2023_integrated_report_c47ec973.pdf,C47ec973's 2023 Integrated Report,Danone,food_beverage,2023,11,12,chunk-11687,
ragas_esg_21_03,2023_integrated_report_c47ec973.pdf::chunk-11678,0,hard_negative,2023_integrated_report_c47ec973.pdf,C47ec973's 2023 Integrated Report,Danone,food_beverage,2023,1,3,chunk-11678,1 2 APRIL 2024 ANNUAL INTEGRATED REPORT Danone’s sustainability performance 2023
ragas_esg_21_03,2023_integrated_report_c47ec973.pdf::chunk-11679,0,hard_negative,2023_integrated_report_c47ec973.pdf,C47ec973's 2023 Integrated Report,Danone,food_beverage,2023,3,4,chunk-11679,
ragas_esg_21_03,2024_thematic_report_24be3308.pdf::chunk-13166,0,hard_negative,2024_thematic_report_24be3308.pdf,Thematic 24be3308's 2024 Report,Danone,food_beverage,2024,1,1,chunk-13166,
ragas_esg_21_03,2024_thematic_report_24be3308.pdf::chunk-13167,0,hard_negative,2024_thematic_report_24be3308.pdf,Thematic 24be3308's 2024 Report,Danone,food_beverage,2024,1,1,chunk-13167,S Y S T E M O F P A R T N E R S T H R I V I N G P E O P L E
ragas_esg_21_03,2025_integrated_report_c3cd8894.pdf::chunk-13237,0,hard_negative,2025_integrated_report_c3cd8894.pdf,C3cd8894's 2025 Integrated Report,Danone,food_beverage,2025,1,2,chunk-13237,2025 Danone’s performance and impact ANNUAL INTEGRATED REPORT APRIL 2026
ragas_esg_21_04,2023_integrated_report_c47ec973.pdf::chunk-11696,3,direct_answer,2023_integrated_report_c47ec973.pdf,C47ec973's 2023 Integrated Report,Danone,food_beverage,2023,20,20,chunk-11696,
ragas_esg_21_04,2023_integrated_report_c47ec973.pdf::chunk-11695,1,adjacent_section_context,2023_integrated_report_c47ec973.pdf,C47ec973's 2023 Integrated Report,Danone,food_beverage,2023,19,20,chunk-11695,
ragas_esg_21_04,2023_integrated_report_c47ec973.pdf::chunk-11678,0,hard_negative,2023_integrated_report_c47ec973.pdf,C47ec973's 2023 Integrated Report,Danone,food_beverage,2023,1,3,chunk-11678,1 2 APRIL 2024 ANNUAL INTEGRATED REPORT Danone’s sustainability performance 2023
ragas_esg_21_04,2023_integrated_report_c47ec973.pdf::chunk-11679,0,hard_negative,2023_integrated_report_c47ec973.pdf,C47ec973's 2023 Integrated Report,Danone,food_beverage,2023,3,4,chunk-11679,
ragas_esg_21_04,2024_thematic_report_24be3308.pdf::chunk-13166,0,hard_negative,2024_thematic_report_24be3308.pdf,Thematic 24be3308's 2024 Report,Danone,food_beverage,2024,1,1,chunk-13166,
ragas_esg_21_04,2024_thematic_report_24be3308.pdf::chunk-13167,0,hard_negative,2024_thematic_report_24be3308.pdf,Thematic 24be3308's 2024 Report,Danone,food_beverage,2024,1,1,chunk-13167,S Y S T E M O F P A R T N E R S T H R I V I N G P E O P L E
ragas_esg_21_04,2025_integrated_report_c3cd8894.pdf::chunk-13237,0,hard_negative,2025_integrated_report_c3cd8894.pdf,C3cd8894's 2025 Integrated Report,Danone,food_beverage,2025,1,2,chunk-13237,2025 Danone’s performance and impact ANNUAL INTEGRATED REPORT APRIL 2026
ragas_esg_22_01,2019_framework_disclosure_c403a763.pdf::chunk-19206,3,direct_answer,2019_framework_disclosure_c403a763.pdf,Framework Disclosure C403a763's 2019 Report,Enel,utilities_power,2019,1,4,chunk-19206,WE EMPOWER SUSTAINABLE PROGRESS. OPEN POWER FOR A BRIGHTER FUTURE. GREEN BOND REPORT 2019
ragas_esg_22_01,2019_framework_disclosure_c403a763.pdf::chunk-19207,1,adjacent_section_context,2019_framework_disclosure_c403a763.pdf,Framework Disclosure C403a763's 2019 Report,Enel,utilities_power,2019,4,5,chunk-19207,
ragas_esg_22_01,2011_sustainability_report_73deaa4c.pdf::chunk-16601,0,hard_negative,2011_sustainability_report_73deaa4c.pdf,73deaa4c's 2011 Sustainability Report,Enel,utilities_power,2011,1,7,chunk-16601,C E R T I F I E D B Y T H E C R F I N S T I T U T E
ragas_esg_22_01,2011_sustainability_report_73deaa4c.pdf::chunk-16602,0,hard_negative,2011_sustainability_report_73deaa4c.pdf,73deaa4c's 2011 Sustainability Report,Enel,utilities_power,2011,6,9,chunk-16602,3.5.1 Listening and discussing 122
ragas_esg_22_01,2019_framework_disclosure_c403a763.pdf::chunk-19209,0,hard_negative,2019_framework_disclosure_c403a763.pdf,Framework Disclosure C403a763's 2019 Report,Enel,utilities_power,2019,6,7,chunk-19209,"2017 Renewables 1,237 mil euros 3,319 9,165,814 2018"
ragas_esg_22_01,2019_framework_disclosure_c403a763.pdf::chunk-19210,0,hard_negative,2019_framework_disclosure_c403a763.pdf,Framework Disclosure C403a763's 2019 Report,Enel,utilities_power,2019,7,8,chunk-19210,
ragas_esg_22_01,2023_sustainability_report_0915a868.pdf::chunk-21859,0,hard_negative,2023_sustainability_report_0915a868.pdf,0915a868's 2023 Sustainability Report,Enel,utilities_power,2023,1,1,chunk-21859,"1 Half-year sustainability disclosures at June 30, 2023"
ragas_esg_22_02,2019_framework_disclosure_c403a763.pdf::chunk-19214,3,direct_answer,2019_framework_disclosure_c403a763.pdf,Framework Disclosure C403a763's 2019 Report,Enel,utilities_power,2019,11,12,chunk-19214,
ragas_esg_22_02,2019_framework_disclosure_c403a763.pdf::chunk-19213,1,adjacent_section_context,2019_framework_disclosure_c403a763.pdf,Framework Disclosure C403a763's 2019 Report,Enel,utilities_power,2019,10,11,chunk-19213,
ragas_esg_22_02,2011_sustainability_report_73deaa4c.pdf::chunk-16601,0,hard_negative,2011_sustainability_report_73deaa4c.pdf,73deaa4c's 2011 Sustainability Report,Enel,utilities_power,2011,1,7,chunk-16601,C E R T I F I E D B Y T H E C R F I N S T I T U T E
ragas_esg_22_02,2011_sustainability_report_73deaa4c.pdf::chunk-16602,0,hard_negative,2011_sustainability_report_73deaa4c.pdf,73deaa4c's 2011 Sustainability Report,Enel,utilities_power,2011,6,9,chunk-16602,3.5.1 Listening and discussing 122
ragas_esg_22_02,2019_framework_disclosure_c403a763.pdf::chunk-19206,0,hard_negative,2019_framework_disclosure_c403a763.pdf,Framework Disclosure C403a763's 2019 Report,Enel,utilities_power,2019,1,4,chunk-19206,WE EMPOWER SUSTAINABLE PROGRESS. OPEN POWER FOR A BRIGHTER FUTURE. GREEN BOND REPORT 2019
ragas_esg_22_02,2019_framework_disclosure_c403a763.pdf::chunk-19207,0,hard_negative,2019_framework_disclosure_c403a763.pdf,Framework Disclosure C403a763's 2019 Report,Enel,utilities_power,2019,4,5,chunk-19207,
ragas_esg_22_02,2023_sustainability_report_0915a868.pdf::chunk-21859,0,hard_negative,2023_sustainability_report_0915a868.pdf,0915a868's 2023 Sustainability Report,Enel,utilities_power,2023,1,1,chunk-21859,"1 Half-year sustainability disclosures at June 30, 2023"
ragas_esg_22_03,2019_framework_disclosure_c403a763.pdf::chunk-19219,3,direct_answer,2019_framework_disclosure_c403a763.pdf,Framework Disclosure C403a763's 2019 Report,Enel,utilities_power,2019,15,20,chunk-19219,
ragas_esg_22_03,2019_framework_disclosure_c403a763.pdf::chunk-19218,1,adjacent_section_context,2019_framework_disclosure_c403a763.pdf,Framework Disclosure C403a763's 2019 Report,Enel,utilities_power,2019,14,15,chunk-19218,
ragas_esg_22_03,2011_sustainability_report_73deaa4c.pdf::chunk-16601,0,hard_negative,2011_sustainability_report_73deaa4c.pdf,73deaa4c's 2011 Sustainability Report,Enel,utilities_power,2011,1,7,chunk-16601,C E R T I F I E D B Y T H E C R F I N S T I T U T E
ragas_esg_22_03,2011_sustainability_report_73deaa4c.pdf::chunk-16602,0,hard_negative,2011_sustainability_report_73deaa4c.pdf,73deaa4c's 2011 Sustainability Report,Enel,utilities_power,2011,6,9,chunk-16602,3.5.1 Listening and discussing 122
ragas_esg_22_03,2019_framework_disclosure_c403a763.pdf::chunk-19206,0,hard_negative,2019_framework_disclosure_c403a763.pdf,Framework Disclosure C403a763's 2019 Report,Enel,utilities_power,2019,1,4,chunk-19206,WE EMPOWER SUSTAINABLE PROGRESS. OPEN POWER FOR A BRIGHTER FUTURE. GREEN BOND REPORT 2019
ragas_esg_22_03,2019_framework_disclosure_c403a763.pdf::chunk-19207,0,hard_negative,2019_framework_disclosure_c403a763.pdf,Framework Disclosure C403a763's 2019 Report,Enel,utilities_power,2019,4,5,chunk-19207,
ragas_esg_22_03,2023_sustainability_report_0915a868.pdf::chunk-21859,0,hard_negative,2023_sustainability_report_0915a868.pdf,0915a868's 2023 Sustainability Report,Enel,utilities_power,2023,1,1,chunk-21859,"1 Half-year sustainability disclosures at June 30, 2023"
ragas_esg_22_04,2019_framework_disclosure_c403a763.pdf::chunk-19212,3,direct_answer,2019_framework_disclosure_c403a763.pdf,Framework Disclosure C403a763's 2019 Report,Enel,utilities_power,2019,9,10,chunk-19212,
ragas_esg_22_04,2019_framework_disclosure_c403a763.pdf::chunk-19211,1,adjacent_section_context,2019_framework_disclosure_c403a763.pdf,Framework Disclosure C403a763's 2019 Report,Enel,utilities_power,2019,8,9,chunk-19211,
ragas_esg_22_04,2011_sustainability_report_73deaa4c.pdf::chunk-16601,0,hard_negative,2011_sustainability_report_73deaa4c.pdf,73deaa4c's 2011 Sustainability Report,Enel,utilities_power,2011,1,7,chunk-16601,C E R T I F I E D B Y T H E C R F I N S T I T U T E
ragas_esg_22_04,2011_sustainability_report_73deaa4c.pdf::chunk-16602,0,hard_negative,2011_sustainability_report_73deaa4c.pdf,73deaa4c's 2011 Sustainability Report,Enel,utilities_power,2011,6,9,chunk-16602,3.5.1 Listening and discussing 122
ragas_esg_22_04,2019_framework_disclosure_c403a763.pdf::chunk-19206,0,hard_negative,2019_framework_disclosure_c403a763.pdf,Framework Disclosure C403a763's 2019 Report,Enel,utilities_power,2019,1,4,chunk-19206,WE EMPOWER SUSTAINABLE PROGRESS. OPEN POWER FOR A BRIGHTER FUTURE. GREEN BOND REPORT 2019
ragas_esg_22_04,2019_framework_disclosure_c403a763.pdf::chunk-19207,0,hard_negative,2019_framework_disclosure_c403a763.pdf,Framework Disclosure C403a763's 2019 Report,Enel,utilities_power,2019,4,5,chunk-19207,
ragas_esg_22_04,2023_sustainability_report_0915a868.pdf::chunk-21859,0,hard_negative,2023_sustainability_report_0915a868.pdf,0915a868's 2023 Sustainability Report,Enel,utilities_power,2023,1,1,chunk-21859,"1 Half-year sustainability disclosures at June 30, 2023"
ragas_esg_23_01,2023_sustainability_report_0915a868.pdf::chunk-21878,3,direct_answer,2023_sustainability_report_0915a868.pdf,0915a868's 2023 Sustainability Report,Enel,utilities_power,2023,18,19,chunk-21878,
ragas_esg_23_01,2023_sustainability_report_0915a868.pdf::chunk-21877,1,adjacent_section_context,2023_sustainability_report_0915a868.pdf,0915a868's 2023 Sustainability Report,Enel,utilities_power,2023,17,18,chunk-21877,"18 Half-year sustainability disclosures at June 30, 2023"
ragas_esg_23_01,2011_sustainability_report_73deaa4c.pdf::chunk-16601,0,hard_negative,2011_sustainability_report_73deaa4c.pdf,73deaa4c's 2011 Sustainability Report,Enel,utilities_power,2011,1,7,chunk-16601,C E R T I F I E D B Y T H E C R F I N S T I T U T E
ragas_esg_23_01,2011_sustainability_report_73deaa4c.pdf::chunk-16602,0,hard_negative,2011_sustainability_report_73deaa4c.pdf,73deaa4c's 2011 Sustainability Report,Enel,utilities_power,2011,6,9,chunk-16602,3.5.1 Listening and discussing 122
ragas_esg_23_01,2019_framework_disclosure_c403a763.pdf::chunk-19206,0,hard_negative,2019_framework_disclosure_c403a763.pdf,Framework Disclosure C403a763's 2019 Report,Enel,utilities_power,2019,1,4,chunk-19206,WE EMPOWER SUSTAINABLE PROGRESS. OPEN POWER FOR A BRIGHTER FUTURE. GREEN BOND REPORT 2019
ragas_esg_23_01,2019_framework_disclosure_c403a763.pdf::chunk-19207,0,hard_negative,2019_framework_disclosure_c403a763.pdf,Framework Disclosure C403a763's 2019 Report,Enel,utilities_power,2019,4,5,chunk-19207,
ragas_esg_23_01,2023_sustainability_report_0915a868.pdf::chunk-21859,0,hard_negative,2023_sustainability_report_0915a868.pdf,0915a868's 2023 Sustainability Report,Enel,utilities_power,2023,1,1,chunk-21859,"1 Half-year sustainability disclosures at June 30, 2023"
ragas_esg_23_02,2023_sustainability_report_0915a868.pdf::chunk-21873,3,direct_answer,2023_sustainability_report_0915a868.pdf,0915a868's 2023 Sustainability Report,Enel,utilities_power,2023,14,15,chunk-21873,2 Most recently updated on February 2021.
ragas_esg_23_02,2023_sustainability_report_0915a868.pdf::chunk-21872,1,adjacent_section_context,2023_sustainability_report_0915a868.pdf,0915a868's 2023 Sustainability Report,Enel,utilities_power,2023,14,14,chunk-21872,
ragas_esg_23_02,2011_sustainability_report_73deaa4c.pdf::chunk-16601,0,hard_negative,2011_sustainability_report_73deaa4c.pdf,73deaa4c's 2011 Sustainability Report,Enel,utilities_power,2011,1,7,chunk-16601,C E R T I F I E D B Y T H E C R F I N S T I T U T E
ragas_esg_23_02,2011_sustainability_report_73deaa4c.pdf::chunk-16602,0,hard_negative,2011_sustainability_report_73deaa4c.pdf,73deaa4c's 2011 Sustainability Report,Enel,utilities_power,2011,6,9,chunk-16602,3.5.1 Listening and discussing 122
ragas_esg_23_02,2019_framework_disclosure_c403a763.pdf::chunk-19206,0,hard_negative,2019_framework_disclosure_c403a763.pdf,Framework Disclosure C403a763's 2019 Report,Enel,utilities_power,2019,1,4,chunk-19206,WE EMPOWER SUSTAINABLE PROGRESS. OPEN POWER FOR A BRIGHTER FUTURE. GREEN BOND REPORT 2019
ragas_esg_23_02,2019_framework_disclosure_c403a763.pdf::chunk-19207,0,hard_negative,2019_framework_disclosure_c403a763.pdf,Framework Disclosure C403a763's 2019 Report,Enel,utilities_power,2019,4,5,chunk-19207,
ragas_esg_23_02,2023_sustainability_report_0915a868.pdf::chunk-21859,0,hard_negative,2023_sustainability_report_0915a868.pdf,0915a868's 2023 Sustainability Report,Enel,utilities_power,2023,1,1,chunk-21859,"1 Half-year sustainability disclosures at June 30, 2023"
ragas_esg_23_03,2023_sustainability_report_0915a868.pdf::chunk-21891,3,direct_answer,2023_sustainability_report_0915a868.pdf,0915a868's 2023 Sustainability Report,Enel,utilities_power,2023,27,28,chunk-21891,"29 Enel X 2,921"
ragas_esg_23_03,2023_sustainability_report_0915a868.pdf::chunk-21890,1,adjacent_section_context,2023_sustainability_report_0915a868.pdf,0915a868's 2023 Sustainability Report,Enel,utilities_power,2023,27,27,chunk-21890,
ragas_esg_23_03,2011_sustainability_report_73deaa4c.pdf::chunk-16601,0,hard_negative,2011_sustainability_report_73deaa4c.pdf,73deaa4c's 2011 Sustainability Report,Enel,utilities_power,2011,1,7,chunk-16601,C E R T I F I E D B Y T H E C R F I N S T I T U T E
ragas_esg_23_03,2011_sustainability_report_73deaa4c.pdf::chunk-16602,0,hard_negative,2011_sustainability_report_73deaa4c.pdf,73deaa4c's 2011 Sustainability Report,Enel,utilities_power,2011,6,9,chunk-16602,3.5.1 Listening and discussing 122
ragas_esg_23_03,2019_framework_disclosure_c403a763.pdf::chunk-19206,0,hard_negative,2019_framework_disclosure_c403a763.pdf,Framework Disclosure C403a763's 2019 Report,Enel,utilities_power,2019,1,4,chunk-19206,WE EMPOWER SUSTAINABLE PROGRESS. OPEN POWER FOR A BRIGHTER FUTURE. GREEN BOND REPORT 2019
ragas_esg_23_03,2019_framework_disclosure_c403a763.pdf::chunk-19207,0,hard_negative,2019_framework_disclosure_c403a763.pdf,Framework Disclosure C403a763's 2019 Report,Enel,utilities_power,2019,4,5,chunk-19207,
ragas_esg_23_03,2023_sustainability_report_0915a868.pdf::chunk-21859,0,hard_negative,2023_sustainability_report_0915a868.pdf,0915a868's 2023 Sustainability Report,Enel,utilities_power,2023,1,1,chunk-21859,"1 Half-year sustainability disclosures at June 30, 2023"
ragas_esg_23_04,2023_sustainability_report_0915a868.pdf::chunk-21876,3,direct_answer,2023_sustainability_report_0915a868.pdf,0915a868's 2023 Sustainability Report,Enel,utilities_power,2023,16,18,chunk-21876,"17 Half-year sustainability disclosures at June 30, 2023"
ragas_esg_23_04,2023_sustainability_report_0915a868.pdf::chunk-21875,1,adjacent_section_context,2023_sustainability_report_0915a868.pdf,0915a868's 2023 Sustainability Report,Enel,utilities_power,2023,16,17,chunk-21875,
ragas_esg_23_04,2011_sustainability_report_73deaa4c.pdf::chunk-16601,0,hard_negative,2011_sustainability_report_73deaa4c.pdf,73deaa4c's 2011 Sustainability Report,Enel,utilities_power,2011,1,7,chunk-16601,C E R T I F I E D B Y T H E C R F I N S T I T U T E
ragas_esg_23_04,2011_sustainability_report_73deaa4c.pdf::chunk-16602,0,hard_negative,2011_sustainability_report_73deaa4c.pdf,73deaa4c's 2011 Sustainability Report,Enel,utilities_power,2011,6,9,chunk-16602,3.5.1 Listening and discussing 122
ragas_esg_23_04,2019_framework_disclosure_c403a763.pdf::chunk-19206,0,hard_negative,2019_framework_disclosure_c403a763.pdf,Framework Disclosure C403a763's 2019 Report,Enel,utilities_power,2019,1,4,chunk-19206,WE EMPOWER SUSTAINABLE PROGRESS. OPEN POWER FOR A BRIGHTER FUTURE. GREEN BOND REPORT 2019
ragas_esg_23_04,2019_framework_disclosure_c403a763.pdf::chunk-19207,0,hard_negative,2019_framework_disclosure_c403a763.pdf,Framework Disclosure C403a763's 2019 Report,Enel,utilities_power,2019,4,5,chunk-19207,
ragas_esg_23_04,2023_sustainability_report_0915a868.pdf::chunk-21859,0,hard_negative,2023_sustainability_report_0915a868.pdf,0915a868's 2023 Sustainability Report,Enel,utilities_power,2023,1,1,chunk-21859,"1 Half-year sustainability disclosures at June 30, 2023"
ragas_esg_24_01,undated_framework_disclosure_c0d92cc2.pdf::chunk-34305,3,direct_answer,undated_framework_disclosure_c0d92cc2.pdf,Undated Framework Disclosure C0d92cc2's Report,TotalEnergies,oil_gas_energy,,27,28,chunk-34305,
ragas_esg_24_01,undated_framework_disclosure_c0d92cc2.pdf::chunk-34304,1,adjacent_section_context,undated_framework_disclosure_c0d92cc2.pdf,Undated Framework Disclosure C0d92cc2's Report,TotalEnergies,oil_gas_energy,,26,27,chunk-34304,
ragas_esg_24_01,2024_thematic_report_c221f368.pdf::chunk-31823,0,hard_negative,2024_thematic_report_c221f368.pdf,Thematic C221f368's 2024 Report,TotalEnergies,oil_gas_energy,2024,1,3,chunk-31823,
ragas_esg_24_01,2024_thematic_report_c221f368.pdf::chunk-31824,0,hard_negative,2024_thematic_report_c221f368.pdf,Thematic C221f368's 2024 Report,TotalEnergies,oil_gas_energy,2024,3,4,chunk-31824,
ragas_esg_24_01,undated_framework_disclosure_c0d92cc2.pdf::chunk-34286,0,hard_negative,undated_framework_disclosure_c0d92cc2.pdf,Undated Framework Disclosure C0d92cc2's Report,TotalEnergies,oil_gas_energy,,1,2,chunk-34286,
ragas_esg_24_01,undated_framework_disclosure_c0d92cc2.pdf::chunk-34287,0,hard_negative,undated_framework_disclosure_c0d92cc2.pdf,Undated Framework Disclosure C0d92cc2's Report,TotalEnergies,oil_gas_energy,,2,5,chunk-34287,
ragas_esg_24_01,IB_Sustainability_Report.pdf::chunk-0053,0,hard_negative,IB_Sustainability_Report.pdf,IB's Sustainability Report,Iberdrola,utilities_power,,2,5,chunk-0053,
ragas_esg_24_02,undated_framework_disclosure_c0d92cc2.pdf::chunk-34313,3,direct_answer,undated_framework_disclosure_c0d92cc2.pdf,Undated Framework Disclosure C0d92cc2's Report,TotalEnergies,oil_gas_energy,,38,38,chunk-34313,
ragas_esg_24_02,undated_framework_disclosure_c0d92cc2.pdf::chunk-34312,1,adjacent_section_context,undated_framework_disclosure_c0d92cc2.pdf,Undated Framework Disclosure C0d92cc2's Report,TotalEnergies,oil_gas_energy,,36,38,chunk-34312,
ragas_esg_24_02,2024_thematic_report_c221f368.pdf::chunk-31823,0,hard_negative,2024_thematic_report_c221f368.pdf,Thematic C221f368's 2024 Report,TotalEnergies,oil_gas_energy,2024,1,3,chunk-31823,
ragas_esg_24_02,2024_thematic_report_c221f368.pdf::chunk-31824,0,hard_negative,2024_thematic_report_c221f368.pdf,Thematic C221f368's 2024 Report,TotalEnergies,oil_gas_energy,2024,3,4,chunk-31824,
ragas_esg_24_02,undated_framework_disclosure_c0d92cc2.pdf::chunk-34286,0,hard_negative,undated_framework_disclosure_c0d92cc2.pdf,Undated Framework Disclosure C0d92cc2's Report,TotalEnergies,oil_gas_energy,,1,2,chunk-34286,
ragas_esg_24_02,undated_framework_disclosure_c0d92cc2.pdf::chunk-34287,0,hard_negative,undated_framework_disclosure_c0d92cc2.pdf,Undated Framework Disclosure C0d92cc2's Report,TotalEnergies,oil_gas_energy,,2,5,chunk-34287,
ragas_esg_24_02,IB_Sustainability_Report.pdf::chunk-0053,0,hard_negative,IB_Sustainability_Report.pdf,IB's Sustainability Report,Iberdrola,utilities_power,,2,5,chunk-0053,
ragas_esg_24_03,undated_framework_disclosure_c0d92cc2.pdf::chunk-34306,3,direct_answer,undated_framework_disclosure_c0d92cc2.pdf,Undated Framework Disclosure C0d92cc2's Report,TotalEnergies,oil_gas_energy,,28,29,chunk-34306,
ragas_esg_24_03,undated_framework_disclosure_c0d92cc2.pdf::chunk-34305,1,adjacent_section_context,undated_framework_disclosure_c0d92cc2.pdf,Undated Framework Disclosure C0d92cc2's Report,TotalEnergies,oil_gas_energy,,27,28,chunk-34305,
ragas_esg_24_03,2024_thematic_report_c221f368.pdf::chunk-31823,0,hard_negative,2024_thematic_report_c221f368.pdf,Thematic C221f368's 2024 Report,TotalEnergies,oil_gas_energy,2024,1,3,chunk-31823,
ragas_esg_24_03,2024_thematic_report_c221f368.pdf::chunk-31824,0,hard_negative,2024_thematic_report_c221f368.pdf,Thematic C221f368's 2024 Report,TotalEnergies,oil_gas_energy,2024,3,4,chunk-31824,
ragas_esg_24_03,undated_framework_disclosure_c0d92cc2.pdf::chunk-34286,0,hard_negative,undated_framework_disclosure_c0d92cc2.pdf,Undated Framework Disclosure C0d92cc2's Report,TotalEnergies,oil_gas_energy,,1,2,chunk-34286,
ragas_esg_24_03,undated_framework_disclosure_c0d92cc2.pdf::chunk-34287,0,hard_negative,undated_framework_disclosure_c0d92cc2.pdf,Undated Framework Disclosure C0d92cc2's Report,TotalEnergies,oil_gas_energy,,2,5,chunk-34287,
ragas_esg_24_03,IB_Sustainability_Report.pdf::chunk-0058,0,hard_negative,IB_Sustainability_Report.pdf,IB's Sustainability Report,Iberdrola,utilities_power,,9,12,chunk-0058,
ragas_esg_24_04,undated_framework_disclosure_c0d92cc2.pdf::chunk-34308,3,direct_answer,undated_framework_disclosure_c0d92cc2.pdf,Undated Framework Disclosure C0d92cc2's Report,TotalEnergies,oil_gas_energy,,30,32,chunk-34308,4. Having a positive impact for stakeholders
ragas_esg_24_04,undated_framework_disclosure_c0d92cc2.pdf::chunk-34307,1,adjacent_section_context,undated_framework_disclosure_c0d92cc2.pdf,Undated Framework Disclosure C0d92cc2's Report,TotalEnergies,oil_gas_energy,,29,30,chunk-34307,
ragas_esg_24_04,2024_thematic_report_c221f368.pdf::chunk-31823,0,hard_negative,2024_thematic_report_c221f368.pdf,Thematic C221f368's 2024 Report,TotalEnergies,oil_gas_energy,2024,1,3,chunk-31823,
ragas_esg_24_04,2024_thematic_report_c221f368.pdf::chunk-31824,0,hard_negative,2024_thematic_report_c221f368.pdf,Thematic C221f368's 2024 Report,TotalEnergies,oil_gas_energy,2024,3,4,chunk-31824,
ragas_esg_24_04,undated_framework_disclosure_c0d92cc2.pdf::chunk-34286,0,hard_negative,undated_framework_disclosure_c0d92cc2.pdf,Undated Framework Disclosure C0d92cc2's Report,TotalEnergies,oil_gas_energy,,1,2,chunk-34286,
ragas_esg_24_04,undated_framework_disclosure_c0d92cc2.pdf::chunk-34287,0,hard_negative,undated_framework_disclosure_c0d92cc2.pdf,Undated Framework Disclosure C0d92cc2's Report,TotalEnergies,oil_gas_energy,,2,5,chunk-34287,
ragas_esg_24_04,IB_Sustainability_Report.pdf::chunk-0054,0,hard_negative,IB_Sustainability_Report.pdf,IB's Sustainability Report,Iberdrola,utilities_power,,5,6,chunk-0054,
ragas_esg_25_01,2025_thematic_report_b4b58ac2.pdf::chunk-41782,3,direct_answer,2025_thematic_report_b4b58ac2.pdf,Thematic B4b58ac2's 2025 Report,Volkswagen,automotive,2025,60,60,chunk-41782,2026 06 Annex
ragas_esg_25_01,2025_thematic_report_b4b58ac2.pdf::chunk-41781,1,adjacent_section_context,2025_thematic_report_b4b58ac2.pdf,Thematic B4b58ac2's 2025 Report,Volkswagen,automotive,2025,59,60,chunk-41781,2026 06 Annex
ragas_esg_25_01,2024_annual_report_9ab2a528.pdf::chunk-37546,0,hard_negative,2024_annual_report_9ab2a528.pdf,9ab2a528's 2024 Annual Report,Volkswagen,automotive,2024,1,2,chunk-37546,470 Consolidated Financial Statements Income Statement
ragas_esg_25_01,2024_annual_report_9ab2a528.pdf::chunk-37547,0,hard_negative,2024_annual_report_9ab2a528.pdf,9ab2a528's 2024 Annual Report,Volkswagen,automotive,2024,2,2,chunk-37547,
ragas_esg_25_01,2024_framework_disclosure_082a3c71.pdf::chunk-38956,0,hard_negative,2024_framework_disclosure_082a3c71.pdf,Framework Disclosure 082a3c71's 2024 Report,Volkswagen,automotive,2024,1,2,chunk-38956,
ragas_esg_25_01,2024_framework_disclosure_082a3c71.pdf::chunk-38957,0,hard_negative,2024_framework_disclosure_082a3c71.pdf,Framework Disclosure 082a3c71's 2024 Report,Volkswagen,automotive,2024,2,2,chunk-38957,
ragas_esg_25_01,2025_annual_report_1b21309a.pdf::chunk-39359,0,hard_negative,2025_annual_report_1b21309a.pdf,1b21309a's 2025 Annual Report,Volkswagen,automotive,2025,1,3,chunk-39359,
ragas_esg_25_02,2025_thematic_report_b4b58ac2.pdf::chunk-41758,3,direct_answer,2025_thematic_report_b4b58ac2.pdf,Thematic B4b58ac2's 2025 Report,Volkswagen,automotive,2025,44,44,chunk-41758,2026 06 Annex
ragas_esg_25_02,2025_thematic_report_b4b58ac2.pdf::chunk-41757,1,adjacent_section_context,2025_thematic_report_b4b58ac2.pdf,Thematic B4b58ac2's 2025 Report,Volkswagen,automotive,2025,43,44,chunk-41757,
ragas_esg_25_02,2024_annual_report_9ab2a528.pdf::chunk-37546,0,hard_negative,2024_annual_report_9ab2a528.pdf,9ab2a528's 2024 Annual Report,Volkswagen,automotive,2024,1,2,chunk-37546,470 Consolidated Financial Statements Income Statement
ragas_esg_25_02,2024_annual_report_9ab2a528.pdf::chunk-37547,0,hard_negative,2024_annual_report_9ab2a528.pdf,9ab2a528's 2024 Annual Report,Volkswagen,automotive,2024,2,2,chunk-37547,
ragas_esg_25_02,2024_framework_disclosure_082a3c71.pdf::chunk-38956,0,hard_negative,2024_framework_disclosure_082a3c71.pdf,Framework Disclosure 082a3c71's 2024 Report,Volkswagen,automotive,2024,1,2,chunk-38956,
ragas_esg_25_02,2024_framework_disclosure_082a3c71.pdf::chunk-38957,0,hard_negative,2024_framework_disclosure_082a3c71.pdf,Framework Disclosure 082a3c71's 2024 Report,Volkswagen,automotive,2024,2,2,chunk-38957,
ragas_esg_25_02,2025_annual_report_1b21309a.pdf::chunk-39359,0,hard_negative,2025_annual_report_1b21309a.pdf,1b21309a's 2025 Annual Report,Volkswagen,automotive,2025,1,3,chunk-39359,
ragas_esg_25_03,2025_thematic_report_b4b58ac2.pdf::chunk-41795,3,direct_answer,2025_thematic_report_b4b58ac2.pdf,Thematic B4b58ac2's 2025 Report,Volkswagen,automotive,2025,72,73,chunk-41795,
ragas_esg_25_03,2025_thematic_report_b4b58ac2.pdf::chunk-41794,1,adjacent_section_context,2025_thematic_report_b4b58ac2.pdf,Thematic B4b58ac2's 2025 Report,Volkswagen,automotive,2025,72,72,chunk-41794,
ragas_esg_25_03,2024_annual_report_9ab2a528.pdf::chunk-37546,0,hard_negative,2024_annual_report_9ab2a528.pdf,9ab2a528's 2024 Annual Report,Volkswagen,automotive,2024,1,2,chunk-37546,470 Consolidated Financial Statements Income Statement
ragas_esg_25_03,2024_annual_report_9ab2a528.pdf::chunk-37547,0,hard_negative,2024_annual_report_9ab2a528.pdf,9ab2a528's 2024 Annual Report,Volkswagen,automotive,2024,2,2,chunk-37547,
ragas_esg_25_03,2024_framework_disclosure_082a3c71.pdf::chunk-38956,0,hard_negative,2024_framework_disclosure_082a3c71.pdf,Framework Disclosure 082a3c71's 2024 Report,Volkswagen,automotive,2024,1,2,chunk-38956,
ragas_esg_25_03,2024_framework_disclosure_082a3c71.pdf::chunk-38957,0,hard_negative,2024_framework_disclosure_082a3c71.pdf,Framework Disclosure 082a3c71's 2024 Report,Volkswagen,automotive,2024,2,2,chunk-38957,
ragas_esg_25_03,2025_annual_report_1b21309a.pdf::chunk-39359,0,hard_negative,2025_annual_report_1b21309a.pdf,1b21309a's 2025 Annual Report,Volkswagen,automotive,2025,1,3,chunk-39359,
ragas_esg_25_04,2025_thematic_report_b4b58ac2.pdf::chunk-41718,3,direct_answer,2025_thematic_report_b4b58ac2.pdf,Thematic B4b58ac2's 2025 Report,Volkswagen,automotive,2025,3,5,chunk-41718,
ragas_esg_25_04,2025_thematic_report_b4b58ac2.pdf::chunk-41717,1,adjacent_section_context,2025_thematic_report_b4b58ac2.pdf,Thematic B4b58ac2's 2025 Report,Volkswagen,automotive,2025,1,3,chunk-41717,
ragas_esg_25_04,2024_annual_report_9ab2a528.pdf::chunk-37546,0,hard_negative,2024_annual_report_9ab2a528.pdf,9ab2a528's 2024 Annual Report,Volkswagen,automotive,2024,1,2,chunk-37546,470 Consolidated Financial Statements Income Statement
ragas_esg_25_04,2024_annual_report_9ab2a528.pdf::chunk-37547,0,hard_negative,2024_annual_report_9ab2a528.pdf,9ab2a528's 2024 Annual Report,Volkswagen,automotive,2024,2,2,chunk-37547,
ragas_esg_25_04,2024_framework_disclosure_082a3c71.pdf::chunk-38956,0,hard_negative,2024_framework_disclosure_082a3c71.pdf,Framework Disclosure 082a3c71's 2024 Report,Volkswagen,automotive,2024,1,2,chunk-38956,
ragas_esg_25_04,2024_framework_disclosure_082a3c71.pdf::chunk-38957,0,hard_negative,2024_framework_disclosure_082a3c71.pdf,Framework Disclosure 082a3c71's 2024 Report,Volkswagen,automotive,2024,2,2,chunk-38957,
ragas_esg_25_04,2025_annual_report_1b21309a.pdf::chunk-39359,0,hard_negative,2025_annual_report_1b21309a.pdf,1b21309a's 2025 Annual Report,Volkswagen,automotive,2025,1,3,chunk-39359,
ragas_esg_26_01,Siemens_ESG.pdf::chunk-0774,3,direct_answer,Siemens_ESG.pdf,Siemens' ESG Report,Siemens,industrial_technology,,29,30,chunk-0774,
ragas_esg_26_01,Siemens_ESG.pdf::chunk-0773,1,adjacent_section_context,Siemens_ESG.pdf,Siemens' ESG Report,Siemens,industrial_technology,,29,29,chunk-0773,
ragas_esg_26_01,Siemens_ESG.pdf::chunk-0726,0,hard_negative,Siemens_ESG.pdf,Siemens' ESG Report,Siemens,industrial_technology,,1,2,chunk-0726,
ragas_esg_26_01,Siemens_ESG.pdf::chunk-0727,0,hard_negative,Siemens_ESG.pdf,Siemens' ESG Report,Siemens,industrial_technology,,2,3,chunk-0727,4. Governance information 4.1 Business conduct 4.2 Cybersecurity and data privacy
ragas_esg_26_01,2018_sustainability_report_43841182.pdf::chunk-29648,0,hard_negative,2018_sustainability_report_43841182.pdf,43841182's 2018 Sustainability Report,Siemens,industrial_technology,2018,1,2,chunk-29648,
ragas_esg_26_01,2018_sustainability_report_43841182.pdf::chunk-29649,0,hard_negative,2018_sustainability_report_43841182.pdf,43841182's 2018 Sustainability Report,Siemens,industrial_technology,2018,2,2,chunk-29649,
ragas_esg_26_01,2019_sustainability_report_9e6add42.pdf::chunk-29727,0,hard_negative,2019_sustainability_report_9e6add42.pdf,9e6add42's 2019 Sustainability Report,Siemens,industrial_technology,2019,1,2,chunk-29727,
ragas_esg_26_02,Siemens_ESG.pdf::chunk-0771,3,direct_answer,Siemens_ESG.pdf,Siemens' ESG Report,Siemens,industrial_technology,,28,28,chunk-0771,
ragas_esg_26_02,Siemens_ESG.pdf::chunk-0770,1,adjacent_section_context,Siemens_ESG.pdf,Siemens' ESG Report,Siemens,industrial_technology,,27,28,chunk-0770,
ragas_esg_26_02,Siemens_ESG.pdf::chunk-0726,0,hard_negative,Siemens_ESG.pdf,Siemens' ESG Report,Siemens,industrial_technology,,1,2,chunk-0726,
ragas_esg_26_02,Siemens_ESG.pdf::chunk-0727,0,hard_negative,Siemens_ESG.pdf,Siemens' ESG Report,Siemens,industrial_technology,,2,3,chunk-0727,4. Governance information 4.1 Business conduct 4.2 Cybersecurity and data privacy
ragas_esg_26_02,2018_sustainability_report_43841182.pdf::chunk-29648,0,hard_negative,2018_sustainability_report_43841182.pdf,43841182's 2018 Sustainability Report,Siemens,industrial_technology,2018,1,2,chunk-29648,
ragas_esg_26_02,2018_sustainability_report_43841182.pdf::chunk-29649,0,hard_negative,2018_sustainability_report_43841182.pdf,43841182's 2018 Sustainability Report,Siemens,industrial_technology,2018,2,2,chunk-29649,
ragas_esg_26_02,2019_sustainability_report_9e6add42.pdf::chunk-29727,0,hard_negative,2019_sustainability_report_9e6add42.pdf,9e6add42's 2019 Sustainability Report,Siemens,industrial_technology,2019,1,2,chunk-29727,
ragas_esg_26_03,Siemens_ESG.pdf::chunk-0911,3,direct_answer,Siemens_ESG.pdf,Siemens' ESG Report,Siemens,industrial_technology,,105,106,chunk-0911,7.6% Infrastructure for rail transport CCM 6.14 18 0.2% EL N/EL N/EL N/EL N/EL N/EL
ragas_esg_26_03,Siemens_ESG.pdf::chunk-0910,1,adjacent_section_context,Siemens_ESG.pdf,Siemens' ESG Report,Siemens,industrial_technology,,104,105,chunk-0910,N/EL N/EL Y N/EL N/EL Y Y Y
ragas_esg_26_03,Siemens_ESG.pdf::chunk-0726,0,hard_negative,Siemens_ESG.pdf,Siemens' ESG Report,Siemens,industrial_technology,,1,2,chunk-0726,
ragas_esg_26_03,Siemens_ESG.pdf::chunk-0727,0,hard_negative,Siemens_ESG.pdf,Siemens' ESG Report,Siemens,industrial_technology,,2,3,chunk-0727,4. Governance information 4.1 Business conduct 4.2 Cybersecurity and data privacy
ragas_esg_26_03,2018_sustainability_report_43841182.pdf::chunk-29648,0,hard_negative,2018_sustainability_report_43841182.pdf,43841182's 2018 Sustainability Report,Siemens,industrial_technology,2018,1,2,chunk-29648,
ragas_esg_26_03,2018_sustainability_report_43841182.pdf::chunk-29649,0,hard_negative,2018_sustainability_report_43841182.pdf,43841182's 2018 Sustainability Report,Siemens,industrial_technology,2018,2,2,chunk-29649,
ragas_esg_26_03,2019_sustainability_report_9e6add42.pdf::chunk-29727,0,hard_negative,2019_sustainability_report_9e6add42.pdf,9e6add42's 2019 Sustainability Report,Siemens,industrial_technology,2019,1,2,chunk-29727,
ragas_esg_26_04,Siemens_ESG.pdf::chunk-0893,3,direct_answer,Siemens_ESG.pdf,Siemens' ESG Report,Siemens,industrial_technology,,96,97,chunk-0893,
ragas_esg_26_04,Siemens_ESG.pdf::chunk-0892,1,adjacent_section_context,Siemens_ESG.pdf,Siemens' ESG Report,Siemens,industrial_technology,,96,96,chunk-0892,
ragas_esg_26_04,Siemens_ESG.pdf::chunk-0726,0,hard_negative,Siemens_ESG.pdf,Siemens' ESG Report,Siemens,industrial_technology,,1,2,chunk-0726,
ragas_esg_26_04,Siemens_ESG.pdf::chunk-0727,0,hard_negative,Siemens_ESG.pdf,Siemens' ESG Report,Siemens,industrial_technology,,2,3,chunk-0727,4. Governance information 4.1 Business conduct 4.2 Cybersecurity and data privacy
ragas_esg_26_04,2018_sustainability_report_43841182.pdf::chunk-29648,0,hard_negative,2018_sustainability_report_43841182.pdf,43841182's 2018 Sustainability Report,Siemens,industrial_technology,2018,1,2,chunk-29648,
ragas_esg_26_04,2018_sustainability_report_43841182.pdf::chunk-29649,0,hard_negative,2018_sustainability_report_43841182.pdf,43841182's 2018 Sustainability Report,Siemens,industrial_technology,2018,2,2,chunk-29649,
ragas_esg_26_04,2019_sustainability_report_9e6add42.pdf::chunk-29727,0,hard_negative,2019_sustainability_report_9e6add42.pdf,9e6add42's 2019 Sustainability Report,Siemens,industrial_technology,2019,1,2,chunk-29727,
ragas_esg_27_01,423.esg.en.2024.pdf::chunk-5762,3,direct_answer,423.esg.en.2024.pdf,423's 2024 ESG Report,Unknown,unknown,2024,108,109,chunk-5762,i r o n m e n t a l R e s p o n s i b i l i t y R e p o r t
ragas_esg_27_01,423.esg.en.2024.pdf::chunk-5761,1,adjacent_section_context,423.esg.en.2024.pdf,423's 2024 ESG Report,Unknown,unknown,2024,108,108,chunk-5761,
ragas_esg_27_01,423.esg.en.2024.pdf::chunk-5663,0,hard_negative,423.esg.en.2024.pdf,423's 2024 ESG Report,Unknown,unknown,2024,1,3,chunk-5663,
ragas_esg_27_01,423.esg.en.2024.pdf::chunk-5664,0,hard_negative,423.esg.en.2024.pdf,423's 2024 ESG Report,Unknown,unknown,2024,1,5,chunk-5664,
ragas_esg_27_01,IB_Sustainability_Report.pdf::chunk-0053,0,hard_negative,IB_Sustainability_Report.pdf,IB's Sustainability Report,Iberdrola,utilities_power,,2,5,chunk-0053,
ragas_esg_27_01,IB_Sustainability_Report.pdf::chunk-0054,0,hard_negative,IB_Sustainability_Report.pdf,IB's Sustainability Report,Iberdrola,utilities_power,,5,6,chunk-0054,
ragas_esg_27_01,Siemens_ESG.pdf::chunk-0726,0,hard_negative,Siemens_ESG.pdf,Siemens' ESG Report,Siemens,industrial_technology,,1,2,chunk-0726,
ragas_esg_27_02,423.esg.en.2024.pdf::chunk-5758,3,direct_answer,423.esg.en.2024.pdf,423's 2024 ESG Report,Unknown,unknown,2024,106,107,chunk-5758,
ragas_esg_27_02,423.esg.en.2024.pdf::chunk-5757,1,adjacent_section_context,423.esg.en.2024.pdf,423's 2024 ESG Report,Unknown,unknown,2024,106,106,chunk-5757,
ragas_esg_27_02,423.esg.en.2024.pdf::chunk-5663,0,hard_negative,423.esg.en.2024.pdf,423's 2024 ESG Report,Unknown,unknown,2024,1,3,chunk-5663,
ragas_esg_27_02,423.esg.en.2024.pdf::chunk-5664,0,hard_negative,423.esg.en.2024.pdf,423's 2024 ESG Report,Unknown,unknown,2024,1,5,chunk-5664,
ragas_esg_27_02,IB_Sustainability_Report.pdf::chunk-0053,0,hard_negative,IB_Sustainability_Report.pdf,IB's Sustainability Report,Iberdrola,utilities_power,,2,5,chunk-0053,
ragas_esg_27_02,IB_Sustainability_Report.pdf::chunk-0054,0,hard_negative,IB_Sustainability_Report.pdf,IB's Sustainability Report,Iberdrola,utilities_power,,5,6,chunk-0054,
ragas_esg_27_02,Siemens_ESG.pdf::chunk-0726,0,hard_negative,Siemens_ESG.pdf,Siemens' ESG Report,Siemens,industrial_technology,,1,2,chunk-0726,
ragas_esg_27_03,423.esg.en.2024.pdf::chunk-5665,3,direct_answer,423.esg.en.2024.pdf,423's 2024 ESG Report,Unknown,unknown,2024,5,9,chunk-5665,
ragas_esg_27_03,423.esg.en.2024.pdf::chunk-5664,1,adjacent_section_context,423.esg.en.2024.pdf,423's 2024 ESG Report,Unknown,unknown,2024,1,5,chunk-5664,
ragas_esg_27_03,423.esg.en.2024.pdf::chunk-5667,0,hard_negative,423.esg.en.2024.pdf,423's 2024 ESG Report,Unknown,unknown,2024,11,15,chunk-5667,i r o n m e n t a l R e s p o n s i b i l i t y R e p o r t
ragas_esg_27_03,423.esg.en.2024.pdf::chunk-5668,0,hard_negative,423.esg.en.2024.pdf,423's 2024 ESG Report,Unknown,unknown,2024,15,15,chunk-5668,
ragas_esg_27_03,IB_Sustainability_Report.pdf::chunk-0058,0,hard_negative,IB_Sustainability_Report.pdf,IB's Sustainability Report,Iberdrola,utilities_power,,9,12,chunk-0058,
ragas_esg_27_03,IB_Sustainability_Report.pdf::chunk-0064,0,hard_negative,IB_Sustainability_Report.pdf,IB's Sustainability Report,Iberdrola,utilities_power,,17,18,chunk-0064,
ragas_esg_27_03,Siemens_ESG.pdf::chunk-0726,0,hard_negative,Siemens_ESG.pdf,Siemens' ESG Report,Siemens,industrial_technology,,1,2,chunk-0726,
ragas_esg_27_04,423.esg.en.2024.pdf::chunk-5673,3,direct_answer,423.esg.en.2024.pdf,423's 2024 ESG Report,Unknown,unknown,2024,20,20,chunk-5673,
ragas_esg_27_04,423.esg.en.2024.pdf::chunk-5672,1,adjacent_section_context,423.esg.en.2024.pdf,423's 2024 ESG Report,Unknown,unknown,2024,19,20,chunk-5672,i r o n m e n t a l R e s p o n s i b i l i t y R e p o r t
ragas_esg_27_04,423.esg.en.2024.pdf::chunk-5663,0,hard_negative,423.esg.en.2024.pdf,423's 2024 ESG Report,Unknown,unknown,2024,1,3,chunk-5663,
ragas_esg_27_04,423.esg.en.2024.pdf::chunk-5664,0,hard_negative,423.esg.en.2024.pdf,423's 2024 ESG Report,Unknown,unknown,2024,1,5,chunk-5664,
ragas_esg_27_04,IB_Sustainability_Report.pdf::chunk-0054,0,hard_negative,IB_Sustainability_Report.pdf,IB's Sustainability Report,Iberdrola,utilities_power,,5,6,chunk-0054,
ragas_esg_27_04,IB_Sustainability_Report.pdf::chunk-0059,0,hard_negative,IB_Sustainability_Report.pdf,IB's Sustainability Report,Iberdrola,utilities_power,,12,13,chunk-0059,
ragas_esg_27_04,Siemens_ESG.pdf::chunk-0726,0,hard_negative,Siemens_ESG.pdf,Siemens' ESG Report,Siemens,industrial_technology,,1,2,chunk-0726,
ragas_esg_28_01,2025_sustainability_report_0478ad88.pdf::chunk-24582,3,direct_answer,2025_sustainability_report_0478ad88.pdf,0478ad88's 2025 Sustainability Report,ENGIE,utilities_energy,2025,73,75,chunk-24582,
ragas_esg_28_01,2025_sustainability_report_0478ad88.pdf::chunk-24581,1,adjacent_section_context,2025_sustainability_report_0478ad88.pdf,0478ad88's 2025 Sustainability Report,ENGIE,utilities_energy,2025,71,73,chunk-24581,
ragas_esg_28_01,2021_integrated_report_1efcc316.pdf::chunk-24161,0,hard_negative,2021_integrated_report_1efcc316.pdf,1efcc316's 2021 Integrated Report,ENGIE,utilities_energy,2021,1,3,chunk-24161,2021 Integrated Report * J’agis avec ENGIE.
ragas_esg_28_01,2021_integrated_report_1efcc316.pdf::chunk-24162,0,hard_negative,2021_integrated_report_1efcc316.pdf,1efcc316's 2021 Integrated Report,ENGIE,utilities_energy,2021,3,4,chunk-24162,
ragas_esg_28_01,2023_framework_disclosure_a1d018fd.pdf::chunk-24301,0,hard_negative,2023_framework_disclosure_a1d018fd.pdf,Framework Disclosure A1d018fd's 2023 Report,ENGIE,utilities_energy,2023,1,1,chunk-24301,
ragas_esg_28_01,2023_framework_disclosure_a1d018fd.pdf::chunk-24302,0,hard_negative,2023_framework_disclosure_a1d018fd.pdf,Framework Disclosure A1d018fd's 2023 Report,ENGIE,utilities_energy,2023,1,1,chunk-24302,
ragas_esg_28_01,2025_sustainability_report_0478ad88.pdf::chunk-24546,0,hard_negative,2025_sustainability_report_0478ad88.pdf,0478ad88's 2025 Sustainability Report,ENGIE,utilities_energy,2025,1,5,chunk-24546,2024 ESG AT ENGIE 1 ESG at ENGIE 2024
ragas_esg_28_02,2025_sustainability_report_0478ad88.pdf::chunk-24568,3,direct_answer,2025_sustainability_report_0478ad88.pdf,0478ad88's 2025 Sustainability Report,ENGIE,utilities_energy,2025,49,51,chunk-24568,
ragas_esg_28_02,2025_sustainability_report_0478ad88.pdf::chunk-24567,1,adjacent_section_context,2025_sustainability_report_0478ad88.pdf,0478ad88's 2025 Sustainability Report,ENGIE,utilities_energy,2025,47,49,chunk-24567,
ragas_esg_28_02,2021_integrated_report_1efcc316.pdf::chunk-24161,0,hard_negative,2021_integrated_report_1efcc316.pdf,1efcc316's 2021 Integrated Report,ENGIE,utilities_energy,2021,1,3,chunk-24161,2021 Integrated Report * J’agis avec ENGIE.
ragas_esg_28_02,2021_integrated_report_1efcc316.pdf::chunk-24162,0,hard_negative,2021_integrated_report_1efcc316.pdf,1efcc316's 2021 Integrated Report,ENGIE,utilities_energy,2021,3,4,chunk-24162,
ragas_esg_28_02,2023_framework_disclosure_a1d018fd.pdf::chunk-24301,0,hard_negative,2023_framework_disclosure_a1d018fd.pdf,Framework Disclosure A1d018fd's 2023 Report,ENGIE,utilities_energy,2023,1,1,chunk-24301,
ragas_esg_28_02,2023_framework_disclosure_a1d018fd.pdf::chunk-24302,0,hard_negative,2023_framework_disclosure_a1d018fd.pdf,Framework Disclosure A1d018fd's 2023 Report,ENGIE,utilities_energy,2023,1,1,chunk-24302,
ragas_esg_28_02,2025_sustainability_report_0478ad88.pdf::chunk-24546,0,hard_negative,2025_sustainability_report_0478ad88.pdf,0478ad88's 2025 Sustainability Report,ENGIE,utilities_energy,2025,1,5,chunk-24546,2024 ESG AT ENGIE 1 ESG at ENGIE 2024
ragas_esg_28_03,2025_sustainability_report_0478ad88.pdf::chunk-24565,3,direct_answer,2025_sustainability_report_0478ad88.pdf,0478ad88's 2025 Sustainability Report,ENGIE,utilities_energy,2025,43,46,chunk-24565,
ragas_esg_28_03,2025_sustainability_report_0478ad88.pdf::chunk-24564,1,adjacent_section_context,2025_sustainability_report_0478ad88.pdf,0478ad88's 2025 Sustainability Report,ENGIE,utilities_energy,2025,41,43,chunk-24564,
ragas_esg_28_03,2021_integrated_report_1efcc316.pdf::chunk-24161,0,hard_negative,2021_integrated_report_1efcc316.pdf,1efcc316's 2021 Integrated Report,ENGIE,utilities_energy,2021,1,3,chunk-24161,2021 Integrated Report * J’agis avec ENGIE.
ragas_esg_28_03,2021_integrated_report_1efcc316.pdf::chunk-24162,0,hard_negative,2021_integrated_report_1efcc316.pdf,1efcc316's 2021 Integrated Report,ENGIE,utilities_energy,2021,3,4,chunk-24162,
ragas_esg_28_03,2023_framework_disclosure_a1d018fd.pdf::chunk-24301,0,hard_negative,2023_framework_disclosure_a1d018fd.pdf,Framework Disclosure A1d018fd's 2023 Report,ENGIE,utilities_energy,2023,1,1,chunk-24301,
ragas_esg_28_03,2023_framework_disclosure_a1d018fd.pdf::chunk-24302,0,hard_negative,2023_framework_disclosure_a1d018fd.pdf,Framework Disclosure A1d018fd's 2023 Report,ENGIE,utilities_energy,2023,1,1,chunk-24302,
ragas_esg_28_03,2025_sustainability_report_0478ad88.pdf::chunk-24546,0,hard_negative,2025_sustainability_report_0478ad88.pdf,0478ad88's 2025 Sustainability Report,ENGIE,utilities_energy,2025,1,5,chunk-24546,2024 ESG AT ENGIE 1 ESG at ENGIE 2024
ragas_esg_28_04,2025_sustainability_report_0478ad88.pdf::chunk-24548,3,direct_answer,2025_sustainability_report_0478ad88.pdf,0478ad88's 2025 Sustainability Report,ENGIE,utilities_energy,2025,6,7,chunk-24548,
ragas_esg_28_04,2025_sustainability_report_0478ad88.pdf::chunk-24547,1,adjacent_section_context,2025_sustainability_report_0478ad88.pdf,0478ad88's 2025 Sustainability Report,ENGIE,utilities_energy,2025,5,6,chunk-24547,
ragas_esg_28_04,2021_integrated_report_1efcc316.pdf::chunk-24161,0,hard_negative,2021_integrated_report_1efcc316.pdf,1efcc316's 2021 Integrated Report,ENGIE,utilities_energy,2021,1,3,chunk-24161,2021 Integrated Report * J’agis avec ENGIE.
ragas_esg_28_04,2021_integrated_report_1efcc316.pdf::chunk-24162,0,hard_negative,2021_integrated_report_1efcc316.pdf,1efcc316's 2021 Integrated Report,ENGIE,utilities_energy,2021,3,4,chunk-24162,
ragas_esg_28_04,2023_framework_disclosure_a1d018fd.pdf::chunk-24301,0,hard_negative,2023_framework_disclosure_a1d018fd.pdf,Framework Disclosure A1d018fd's 2023 Report,ENGIE,utilities_energy,2023,1,1,chunk-24301,
ragas_esg_28_04,2023_framework_disclosure_a1d018fd.pdf::chunk-24302,0,hard_negative,2023_framework_disclosure_a1d018fd.pdf,Framework Disclosure A1d018fd's 2023 Report,ENGIE,utilities_energy,2023,1,1,chunk-24302,
ragas_esg_28_04,2025_sustainability_report_0478ad88.pdf::chunk-24550,0,hard_negative,2025_sustainability_report_0478ad88.pdf,0478ad88's 2025 Sustainability Report,ENGIE,utilities_energy,2025,9,12,chunk-24550,
ragas_esg_29_01,2024_sustainability_report_44182ca9.pdf::chunk-8183,3,direct_answer,2024_sustainability_report_44182ca9.pdf,44182ca9's 2024 Sustainability Report,BNP Paribas,banking_financial_services,2024,4,5,chunk-8183,
ragas_esg_29_01,2024_sustainability_report_44182ca9.pdf::chunk-8182,1,adjacent_section_context,2024_sustainability_report_44182ca9.pdf,44182ca9's 2024 Sustainability Report,BNP Paribas,banking_financial_services,2024,1,4,chunk-8182,2024 CSR achievements BNP PARIBAS SUPPORTING ITS CLIENTS’ TRANSITION
ragas_esg_29_01,2023_thematic_report_4c1eb352.pdf::chunk-7894,0,hard_negative,2023_thematic_report_4c1eb352.pdf,Thematic 4c1eb352's 2023 Report,BNP Paribas,banking_financial_services,2023,1,1,chunk-7894,
ragas_esg_29_01,2024_sustainability_report_44182ca9.pdf::chunk-8185,0,hard_negative,2024_sustainability_report_44182ca9.pdf,44182ca9's 2024 Sustainability Report,BNP Paribas,banking_financial_services,2024,6,7,chunk-8185,
ragas_esg_29_01,2024_sustainability_report_44182ca9.pdf::chunk-8186,0,hard_negative,2024_sustainability_report_44182ca9.pdf,44182ca9's 2024 Sustainability Report,BNP Paribas,banking_financial_services,2024,7,8,chunk-8186,
ragas_esg_29_01,IB_Sustainability_Report.pdf::chunk-0053,0,hard_negative,IB_Sustainability_Report.pdf,IB's Sustainability Report,Iberdrola,utilities_power,,2,5,chunk-0053,
ragas_esg_29_01,IB_Sustainability_Report.pdf::chunk-0054,0,hard_negative,IB_Sustainability_Report.pdf,IB's Sustainability Report,Iberdrola,utilities_power,,5,6,chunk-0054,
ragas_esg_29_02,2024_sustainability_report_44182ca9.pdf::chunk-8184,3,direct_answer,2024_sustainability_report_44182ca9.pdf,44182ca9's 2024 Sustainability Report,BNP Paribas,banking_financial_services,2024,5,6,chunk-8184,
ragas_esg_29_02,2024_sustainability_report_44182ca9.pdf::chunk-8183,1,adjacent_section_context,2024_sustainability_report_44182ca9.pdf,44182ca9's 2024 Sustainability Report,BNP Paribas,banking_financial_services,2024,4,5,chunk-8183,
ragas_esg_29_02,2023_thematic_report_4c1eb352.pdf::chunk-7894,0,hard_negative,2023_thematic_report_4c1eb352.pdf,Thematic 4c1eb352's 2023 Report,BNP Paribas,banking_financial_services,2023,1,1,chunk-7894,
ragas_esg_29_02,2024_sustainability_report_44182ca9.pdf::chunk-8186,0,hard_negative,2024_sustainability_report_44182ca9.pdf,44182ca9's 2024 Sustainability Report,BNP Paribas,banking_financial_services,2024,7,8,chunk-8186,
ragas_esg_29_02,2024_sustainability_report_44182ca9.pdf::chunk-8187,0,hard_negative,2024_sustainability_report_44182ca9.pdf,44182ca9's 2024 Sustainability Report,BNP Paribas,banking_financial_services,2024,8,9,chunk-8187,
ragas_esg_29_02,IB_Sustainability_Report.pdf::chunk-0058,0,hard_negative,IB_Sustainability_Report.pdf,IB's Sustainability Report,Iberdrola,utilities_power,,9,12,chunk-0058,
ragas_esg_29_02,IB_Sustainability_Report.pdf::chunk-0059,0,hard_negative,IB_Sustainability_Report.pdf,IB's Sustainability Report,Iberdrola,utilities_power,,12,13,chunk-0059,
ragas_esg_29_03,2024_sustainability_report_44182ca9.pdf::chunk-8193,3,direct_answer,2024_sustainability_report_44182ca9.pdf,44182ca9's 2024 Sustainability Report,BNP Paribas,banking_financial_services,2024,16,17,chunk-8193,
ragas_esg_29_03,2024_sustainability_report_44182ca9.pdf::chunk-8192,1,adjacent_section_context,2024_sustainability_report_44182ca9.pdf,44182ca9's 2024 Sustainability Report,BNP Paribas,banking_financial_services,2024,14,16,chunk-8192,
ragas_esg_29_03,2023_thematic_report_4c1eb352.pdf::chunk-7894,0,hard_negative,2023_thematic_report_4c1eb352.pdf,Thematic 4c1eb352's 2023 Report,BNP Paribas,banking_financial_services,2023,1,1,chunk-7894,
ragas_esg_29_03,2024_sustainability_report_44182ca9.pdf::chunk-8182,0,hard_negative,2024_sustainability_report_44182ca9.pdf,44182ca9's 2024 Sustainability Report,BNP Paribas,banking_financial_services,2024,1,4,chunk-8182,2024 CSR achievements BNP PARIBAS SUPPORTING ITS CLIENTS’ TRANSITION
ragas_esg_29_03,2024_sustainability_report_44182ca9.pdf::chunk-8183,0,hard_negative,2024_sustainability_report_44182ca9.pdf,44182ca9's 2024 Sustainability Report,BNP Paribas,banking_financial_services,2024,4,5,chunk-8183,
ragas_esg_29_03,IB_Sustainability_Report.pdf::chunk-0053,0,hard_negative,IB_Sustainability_Report.pdf,IB's Sustainability Report,Iberdrola,utilities_power,,2,5,chunk-0053,
ragas_esg_29_03,IB_Sustainability_Report.pdf::chunk-0054,0,hard_negative,IB_Sustainability_Report.pdf,IB's Sustainability Report,Iberdrola,utilities_power,,5,6,chunk-0054,
ragas_esg_29_04,2024_sustainability_report_44182ca9.pdf::chunk-8194,3,direct_answer,2024_sustainability_report_44182ca9.pdf,44182ca9's 2024 Sustainability Report,BNP Paribas,banking_financial_services,2024,17,20,chunk-8194,
ragas_esg_29_04,2024_sustainability_report_44182ca9.pdf::chunk-8193,1,adjacent_section_context,2024_sustainability_report_44182ca9.pdf,44182ca9's 2024 Sustainability Report,BNP Paribas,banking_financial_services,2024,16,17,chunk-8193,
ragas_esg_29_04,2023_thematic_report_4c1eb352.pdf::chunk-7894,0,hard_negative,2023_thematic_report_4c1eb352.pdf,Thematic 4c1eb352's 2023 Report,BNP Paribas,banking_financial_services,2023,1,1,chunk-7894,
ragas_esg_29_04,2024_sustainability_report_44182ca9.pdf::chunk-8182,0,hard_negative,2024_sustainability_report_44182ca9.pdf,44182ca9's 2024 Sustainability Report,BNP Paribas,banking_financial_services,2024,1,4,chunk-8182,2024 CSR achievements BNP PARIBAS SUPPORTING ITS CLIENTS’ TRANSITION
ragas_esg_29_04,2024_sustainability_report_44182ca9.pdf::chunk-8183,0,hard_negative,2024_sustainability_report_44182ca9.pdf,44182ca9's 2024 Sustainability Report,BNP Paribas,banking_financial_services,2024,4,5,chunk-8183,
ragas_esg_29_04,IB_Sustainability_Report.pdf::chunk-0053,0,hard_negative,IB_Sustainability_Report.pdf,IB's Sustainability Report,Iberdrola,utilities_power,,2,5,chunk-0053,
ragas_esg_29_04,IB_Sustainability_Report.pdf::chunk-0054,0,hard_negative,IB_Sustainability_Report.pdf,IB's Sustainability Report,Iberdrola,utilities_power,,5,6,chunk-0054,
ragas_esg_30_01,2019_sustainability_report_9e6add42.pdf::chunk-29758,3,direct_answer,2019_sustainability_report_9e6add42.pdf,9e6add42's 2019 Sustainability Report,Siemens,industrial_technology,2019,26,26,chunk-29758,
ragas_esg_30_01,2019_sustainability_report_9e6add42.pdf::chunk-29757,1,adjacent_section_context,2019_sustainability_report_9e6add42.pdf,9e6add42's 2019 Sustainability Report,Siemens,industrial_technology,2019,25,26,chunk-29757,
ragas_esg_30_01,Siemens_ESG.pdf::chunk-0726,0,hard_negative,Siemens_ESG.pdf,Siemens' ESG Report,Siemens,industrial_technology,,1,2,chunk-0726,
ragas_esg_30_01,Siemens_ESG.pdf::chunk-0727,0,hard_negative,Siemens_ESG.pdf,Siemens' ESG Report,Siemens,industrial_technology,,2,3,chunk-0727,4. Governance information 4.1 Business conduct 4.2 Cybersecurity and data privacy
ragas_esg_30_01,2018_sustainability_report_43841182.pdf::chunk-29648,0,hard_negative,2018_sustainability_report_43841182.pdf,43841182's 2018 Sustainability Report,Siemens,industrial_technology,2018,1,2,chunk-29648,
ragas_esg_30_01,2018_sustainability_report_43841182.pdf::chunk-29649,0,hard_negative,2018_sustainability_report_43841182.pdf,43841182's 2018 Sustainability Report,Siemens,industrial_technology,2018,2,2,chunk-29649,
ragas_esg_30_01,2019_sustainability_report_9e6add42.pdf::chunk-29727,0,hard_negative,2019_sustainability_report_9e6add42.pdf,9e6add42's 2019 Sustainability Report,Siemens,industrial_technology,2019,1,2,chunk-29727,
ragas_esg_30_02,2019_sustainability_report_9e6add42.pdf::chunk-29785,3,direct_answer,2019_sustainability_report_9e6add42.pdf,9e6add42's 2019 Sustainability Report,Siemens,industrial_technology,2019,41,42,chunk-29785,
ragas_esg_30_02,2019_sustainability_report_9e6add42.pdf::chunk-29784,1,adjacent_section_context,2019_sustainability_report_9e6add42.pdf,9e6add42's 2019 Sustainability Report,Siemens,industrial_technology,2019,41,41,chunk-29784,
ragas_esg_30_02,Siemens_ESG.pdf::chunk-0726,0,hard_negative,Siemens_ESG.pdf,Siemens' ESG Report,Siemens,industrial_technology,,1,2,chunk-0726,
ragas_esg_30_02,Siemens_ESG.pdf::chunk-0727,0,hard_negative,Siemens_ESG.pdf,Siemens' ESG Report,Siemens,industrial_technology,,2,3,chunk-0727,4. Governance information 4.1 Business conduct 4.2 Cybersecurity and data privacy
ragas_esg_30_02,2018_sustainability_report_43841182.pdf::chunk-29648,0,hard_negative,2018_sustainability_report_43841182.pdf,43841182's 2018 Sustainability Report,Siemens,industrial_technology,2018,1,2,chunk-29648,
ragas_esg_30_02,2018_sustainability_report_43841182.pdf::chunk-29649,0,hard_negative,2018_sustainability_report_43841182.pdf,43841182's 2018 Sustainability Report,Siemens,industrial_technology,2018,2,2,chunk-29649,
ragas_esg_30_02,2019_sustainability_report_9e6add42.pdf::chunk-29727,0,hard_negative,2019_sustainability_report_9e6add42.pdf,9e6add42's 2019 Sustainability Report,Siemens,industrial_technology,2019,1,2,chunk-29727,
ragas_esg_30_03,2019_sustainability_report_9e6add42.pdf::chunk-29745,3,direct_answer,2019_sustainability_report_9e6add42.pdf,9e6add42's 2019 Sustainability Report,Siemens,industrial_technology,2019,18,19,chunk-29745,1 Employees in management positions are employees with direct reports.
ragas_esg_30_03,2019_sustainability_report_9e6add42.pdf::chunk-29744,1,adjacent_section_context,2019_sustainability_report_9e6add42.pdf,9e6add42's 2019 Sustainability Report,Siemens,industrial_technology,2019,17,18,chunk-29744,
ragas_esg_30_03,Siemens_ESG.pdf::chunk-0726,0,hard_negative,Siemens_ESG.pdf,Siemens' ESG Report,Siemens,industrial_technology,,1,2,chunk-0726,
ragas_esg_30_03,Siemens_ESG.pdf::chunk-0727,0,hard_negative,Siemens_ESG.pdf,Siemens' ESG Report,Siemens,industrial_technology,,2,3,chunk-0727,4. Governance information 4.1 Business conduct 4.2 Cybersecurity and data privacy
ragas_esg_30_03,2018_sustainability_report_43841182.pdf::chunk-29648,0,hard_negative,2018_sustainability_report_43841182.pdf,43841182's 2018 Sustainability Report,Siemens,industrial_technology,2018,1,2,chunk-29648,
ragas_esg_30_03,2018_sustainability_report_43841182.pdf::chunk-29649,0,hard_negative,2018_sustainability_report_43841182.pdf,43841182's 2018 Sustainability Report,Siemens,industrial_technology,2018,2,2,chunk-29649,
ragas_esg_30_03,2019_sustainability_report_9e6add42.pdf::chunk-29727,0,hard_negative,2019_sustainability_report_9e6add42.pdf,9e6add42's 2019 Sustainability Report,Siemens,industrial_technology,2019,1,2,chunk-29727,
ragas_esg_30_04,2019_sustainability_report_9e6add42.pdf::chunk-29795,3,direct_answer,2019_sustainability_report_9e6add42.pdf,9e6add42's 2019 Sustainability Report,Siemens,industrial_technology,2019,50,51,chunk-29795,
ragas_esg_30_04,2019_sustainability_report_9e6add42.pdf::chunk-29794,1,adjacent_section_context,2019_sustainability_report_9e6add42.pdf,9e6add42's 2019 Sustainability Report,Siemens,industrial_technology,2019,49,50,chunk-29794,
ragas_esg_30_04,Siemens_ESG.pdf::chunk-0726,0,hard_negative,Siemens_ESG.pdf,Siemens' ESG Report,Siemens,industrial_technology,,1,2,chunk-0726,
ragas_esg_30_04,Siemens_ESG.pdf::chunk-0727,0,hard_negative,Siemens_ESG.pdf,Siemens' ESG Report,Siemens,industrial_technology,,2,3,chunk-0727,4. Governance information 4.1 Business conduct 4.2 Cybersecurity and data privacy
ragas_esg_30_04,2018_sustainability_report_43841182.pdf::chunk-29648,0,hard_negative,2018_sustainability_report_43841182.pdf,43841182's 2018 Sustainability Report,Siemens,industrial_technology,2018,1,2,chunk-29648,
ragas_esg_30_04,2018_sustainability_report_43841182.pdf::chunk-29649,0,hard_negative,2018_sustainability_report_43841182.pdf,43841182's 2018 Sustainability Report,Siemens,industrial_technology,2018,2,2,chunk-29649,
ragas_esg_30_04,2019_sustainability_report_9e6add42.pdf::chunk-29727,0,hard_negative,2019_sustainability_report_9e6add42.pdf,9e6add42's 2019 Sustainability Report,Siemens,industrial_technology,2019,1,2,chunk-29727,
ragas_esg_xdoc_001,2025_climate_report_9706fb9c.pdf::chunk-7410,3,direct_answer_cross_document,2025_climate_report_9706fb9c.pdf,9706fb9c's 2025 Climate Report,Airbus,aerospace,2025,155,158,chunk-7410,
ragas_esg_xdoc_001,2024_sustainability_report_c73e004c.pdf::chunk-28938,3,direct_answer_cross_document,2024_sustainability_report_c73e004c.pdf,C73e004c's 2024 Sustainability Report,Schneider,industrial_energy_management,2024,41,41,chunk-28938,
ragas_esg_xdoc_001,IB_Sustainability_Report.pdf::chunk-0053,0,hard_negative,IB_Sustainability_Report.pdf,IB's Sustainability Report,Iberdrola,utilities_power,,2,5,chunk-0053,
ragas_esg_xdoc_001,IB_Sustainability_Report.pdf::chunk-0054,0,hard_negative,IB_Sustainability_Report.pdf,IB's Sustainability Report,Iberdrola,utilities_power,,5,6,chunk-0054,
ragas_esg_xdoc_001,Siemens_ESG.pdf::chunk-0726,0,hard_negative,Siemens_ESG.pdf,Siemens' ESG Report,Siemens,industrial_technology,,1,2,chunk-0726,
ragas_esg_xdoc_001,Siemens_ESG.pdf::chunk-0728,0,hard_negative,Siemens_ESG.pdf,Siemens' ESG Report,Siemens,industrial_technology,,3,3,chunk-0728,
ragas_esg_xdoc_001,18261.ar.en.2024.pdf::chunk-5098,0,hard_negative,18261.ar.en.2024.pdf,18261 AR's 2024 Report,Hermès,luxury_goods,2024,1,4,chunk-5098,ACTIVITY REPORT 2024
ragas_esg_xdoc_001,18261.ar.en.2024.pdf::chunk-5100,0,hard_negative,18261.ar.en.2024.pdf,18261 AR's 2024 Report,Hermès,luxury_goods,2024,5,8,chunk-5100,"A SUSTAINABLE, ARTISANAL BUSINESS MODEL"
ragas_esg_xdoc_002,2025_urd_99c343a1.pdf::chunk-14193,3,direct_answer_cross_document,2025_urd_99c343a1.pdf,URD 99c343a1's 2025 Report,Danone,food_beverage,2025,218,218,chunk-14193,
ragas_esg_xdoc_002,2019_sustainability_report_9e6add42.pdf::chunk-29758,3,direct_answer_cross_document,2019_sustainability_report_9e6add42.pdf,9e6add42's 2019 Sustainability Report,Siemens,industrial_technology,2019,26,26,chunk-29758,
ragas_esg_xdoc_002,IB_Sustainability_Report.pdf::chunk-0053,0,hard_negative,IB_Sustainability_Report.pdf,IB's Sustainability Report,Iberdrola,utilities_power,,2,5,chunk-0053,
ragas_esg_xdoc_002,IB_Sustainability_Report.pdf::chunk-0054,0,hard_negative,IB_Sustainability_Report.pdf,IB's Sustainability Report,Iberdrola,utilities_power,,5,6,chunk-0054,
ragas_esg_xdoc_002,Siemens_ESG.pdf::chunk-0726,0,hard_negative,Siemens_ESG.pdf,Siemens' ESG Report,Siemens,industrial_technology,,1,2,chunk-0726,
ragas_esg_xdoc_002,Siemens_ESG.pdf::chunk-0728,0,hard_negative,Siemens_ESG.pdf,Siemens' ESG Report,Siemens,industrial_technology,,3,3,chunk-0728,
ragas_esg_xdoc_002,18261.ar.en.2024.pdf::chunk-5098,0,hard_negative,18261.ar.en.2024.pdf,18261 AR's 2024 Report,Hermès,luxury_goods,2024,1,4,chunk-5098,ACTIVITY REPORT 2024
ragas_esg_xdoc_002,18261.ar.en.2024.pdf::chunk-5100,0,hard_negative,18261.ar.en.2024.pdf,18261 AR's 2024 Report,Hermès,luxury_goods,2024,5,8,chunk-5100,"A SUSTAINABLE, ARTISANAL BUSINESS MODEL"
ragas_esg_xdoc_003,2023_integrated_report_c47ec973.pdf::chunk-11683,3,direct_answer_cross_document,2023_integrated_report_c47ec973.pdf,C47ec973's 2023 Integrated Report,Danone,food_beverage,2023,7,8,chunk-11683,
ragas_esg_xdoc_003,2018_sustainability_report_43841182.pdf::chunk-29677,3,direct_answer_cross_document,2018_sustainability_report_43841182.pdf,43841182's 2018 Sustainability Report,Siemens,industrial_technology,2018,24,25,chunk-29677,2.2
ragas_esg_xdoc_003,IB_Sustainability_Report.pdf::chunk-0053,0,hard_negative,IB_Sustainability_Report.pdf,IB's Sustainability Report,Iberdrola,utilities_power,,2,5,chunk-0053,
ragas_esg_xdoc_003,IB_Sustainability_Report.pdf::chunk-0054,0,hard_negative,IB_Sustainability_Report.pdf,IB's Sustainability Report,Iberdrola,utilities_power,,5,6,chunk-0054,
ragas_esg_xdoc_003,Siemens_ESG.pdf::chunk-0726,0,hard_negative,Siemens_ESG.pdf,Siemens' ESG Report,Siemens,industrial_technology,,1,2,chunk-0726,
ragas_esg_xdoc_003,Siemens_ESG.pdf::chunk-0728,0,hard_negative,Siemens_ESG.pdf,Siemens' ESG Report,Siemens,industrial_technology,,3,3,chunk-0728,
ragas_esg_xdoc_003,18261.ar.en.2024.pdf::chunk-5098,0,hard_negative,18261.ar.en.2024.pdf,18261 AR's 2024 Report,Hermès,luxury_goods,2024,1,4,chunk-5098,ACTIVITY REPORT 2024
ragas_esg_xdoc_003,18261.ar.en.2024.pdf::chunk-5100,0,hard_negative,18261.ar.en.2024.pdf,18261 AR's 2024 Report,Hermès,luxury_goods,2024,5,8,chunk-5100,"A SUSTAINABLE, ARTISANAL BUSINESS MODEL"
ragas_esg_xdoc_004,2024_sustainability_report_c73e004c.pdf::chunk-29114,3,direct_answer_cross_document,2024_sustainability_report_c73e004c.pdf,C73e004c's 2024 Sustainability Report,Schneider,industrial_energy_management,2024,111,111,chunk-29114,70 48 53
ragas_esg_xdoc_004,2025_integrated_report_c3cd8894.pdf::chunk-13248,3,direct_answer_cross_document,2025_integrated_report_c3cd8894.pdf,C3cd8894's 2025 Integrated Report,Danone,food_beverage,2025,11,12,chunk-13248,
ragas_esg_xdoc_004,IB_Sustainability_Report.pdf::chunk-0053,0,hard_negative,IB_Sustainability_Report.pdf,IB's Sustainability Report,Iberdrola,utilities_power,,2,5,chunk-0053,
ragas_esg_xdoc_004,IB_Sustainability_Report.pdf::chunk-0054,0,hard_negative,IB_Sustainability_Report.pdf,IB's Sustainability Report,Iberdrola,utilities_power,,5,6,chunk-0054,
ragas_esg_xdoc_004,Siemens_ESG.pdf::chunk-0726,0,hard_negative,Siemens_ESG.pdf,Siemens' ESG Report,Siemens,industrial_technology,,1,2,chunk-0726,
ragas_esg_xdoc_004,Siemens_ESG.pdf::chunk-0728,0,hard_negative,Siemens_ESG.pdf,Siemens' ESG Report,Siemens,industrial_technology,,3,3,chunk-0728,
ragas_esg_xdoc_004,18261.ar.en.2024.pdf::chunk-5098,0,hard_negative,18261.ar.en.2024.pdf,18261 AR's 2024 Report,Hermès,luxury_goods,2024,1,4,chunk-5098,ACTIVITY REPORT 2024
ragas_esg_xdoc_004,18261.ar.en.2024.pdf::chunk-5100,0,hard_negative,18261.ar.en.2024.pdf,18261 AR's 2024 Report,Hermès,luxury_goods,2024,5,8,chunk-5100,"A SUSTAINABLE, ARTISANAL BUSINESS MODEL"
ragas_esg_xdoc_005,2024_annual_report_9ab2a528.pdf::chunk-38087,3,direct_answer_cross_document,2024_annual_report_9ab2a528.pdf,9ab2a528's 2024 Annual Report,Volkswagen,automotive,2024,427,428,chunk-38087,
ragas_esg_xdoc_005,2025_sustainability_report_0478ad88.pdf::chunk-24563,3,direct_answer_cross_document,2025_sustainability_report_0478ad88.pdf,0478ad88's 2025 Sustainability Report,ENGIE,utilities_energy,2025,38,41,chunk-24563,
ragas_esg_xdoc_005,IB_Sustainability_Report.pdf::chunk-0053,0,hard_negative,IB_Sustainability_Report.pdf,IB's Sustainability Report,Iberdrola,utilities_power,,2,5,chunk-0053,
ragas_esg_xdoc_005,IB_Sustainability_Report.pdf::chunk-0054,0,hard_negative,IB_Sustainability_Report.pdf,IB's Sustainability Report,Iberdrola,utilities_power,,5,6,chunk-0054,
ragas_esg_xdoc_005,Siemens_ESG.pdf::chunk-0726,0,hard_negative,Siemens_ESG.pdf,Siemens' ESG Report,Siemens,industrial_technology,,1,2,chunk-0726,
ragas_esg_xdoc_005,Siemens_ESG.pdf::chunk-0728,0,hard_negative,Siemens_ESG.pdf,Siemens' ESG Report,Siemens,industrial_technology,,3,3,chunk-0728,
ragas_esg_xdoc_005,18261.ar.en.2024.pdf::chunk-5098,0,hard_negative,18261.ar.en.2024.pdf,18261 AR's 2024 Report,Hermès,luxury_goods,2024,1,4,chunk-5098,ACTIVITY REPORT 2024
ragas_esg_xdoc_005,18261.ar.en.2024.pdf::chunk-5100,0,hard_negative,18261.ar.en.2024.pdf,18261 AR's 2024 Report,Hermès,luxury_goods,2024,5,8,chunk-5100,"A SUSTAINABLE, ARTISANAL BUSINESS MODEL"
ragas_esg_xdoc_006,2024_sustainability_report_c73e004c.pdf::chunk-29111,3,direct_answer_cross_document,2024_sustainability_report_c73e004c.pdf,C73e004c's 2024 Sustainability Report,Schneider,industrial_energy_management,2024,110,110,chunk-29111,
ragas_esg_xdoc_006,2025_annual_report_1b21309a.pdf::chunk-39775,3,direct_answer_cross_document,2025_annual_report_1b21309a.pdf,1b21309a's 2025 Annual Report,Volkswagen,automotive,2025,329,329,chunk-39775,
ragas_esg_xdoc_006,IB_Sustainability_Report.pdf::chunk-0053,0,hard_negative,IB_Sustainability_Report.pdf,IB's Sustainability Report,Iberdrola,utilities_power,,2,5,chunk-0053,
ragas_esg_xdoc_006,IB_Sustainability_Report.pdf::chunk-0054,0,hard_negative,IB_Sustainability_Report.pdf,IB's Sustainability Report,Iberdrola,utilities_power,,5,6,chunk-0054,
ragas_esg_xdoc_006,Siemens_ESG.pdf::chunk-0726,0,hard_negative,Siemens_ESG.pdf,Siemens' ESG Report,Siemens,industrial_technology,,1,2,chunk-0726,
ragas_esg_xdoc_006,Siemens_ESG.pdf::chunk-0728,0,hard_negative,Siemens_ESG.pdf,Siemens' ESG Report,Siemens,industrial_technology,,3,3,chunk-0728,
ragas_esg_xdoc_006,18261.ar.en.2024.pdf::chunk-5098,0,hard_negative,18261.ar.en.2024.pdf,18261 AR's 2024 Report,Hermès,luxury_goods,2024,1,4,chunk-5098,ACTIVITY REPORT 2024
ragas_esg_xdoc_006,18261.ar.en.2024.pdf::chunk-5100,0,hard_negative,18261.ar.en.2024.pdf,18261 AR's 2024 Report,Hermès,luxury_goods,2024,5,8,chunk-5100,"A SUSTAINABLE, ARTISANAL BUSINESS MODEL"
ragas_esg_xdoc_007,2025_sustainability_report_0478ad88.pdf::chunk-24563,3,direct_answer_cross_document,2025_sustainability_report_0478ad88.pdf,0478ad88's 2025 Sustainability Report,ENGIE,utilities_energy,2025,38,41,chunk-24563,
ragas_esg_xdoc_007,2024_sustainability_report_c73e004c.pdf::chunk-29111,3,direct_answer_cross_document,2024_sustainability_report_c73e004c.pdf,C73e004c's 2024 Sustainability Report,Schneider,industrial_energy_management,2024,110,110,chunk-29111,
ragas_esg_xdoc_007,IB_Sustainability_Report.pdf::chunk-0053,0,hard_negative,IB_Sustainability_Report.pdf,IB's Sustainability Report,Iberdrola,utilities_power,,2,5,chunk-0053,
ragas_esg_xdoc_007,IB_Sustainability_Report.pdf::chunk-0054,0,hard_negative,IB_Sustainability_Report.pdf,IB's Sustainability Report,Iberdrola,utilities_power,,5,6,chunk-0054,
ragas_esg_xdoc_007,Siemens_ESG.pdf::chunk-0726,0,hard_negative,Siemens_ESG.pdf,Siemens' ESG Report,Siemens,industrial_technology,,1,2,chunk-0726,
ragas_esg_xdoc_007,Siemens_ESG.pdf::chunk-0728,0,hard_negative,Siemens_ESG.pdf,Siemens' ESG Report,Siemens,industrial_technology,,3,3,chunk-0728,
ragas_esg_xdoc_007,18261.ar.en.2024.pdf::chunk-5098,0,hard_negative,18261.ar.en.2024.pdf,18261 AR's 2024 Report,Hermès,luxury_goods,2024,1,4,chunk-5098,ACTIVITY REPORT 2024
ragas_esg_xdoc_007,18261.ar.en.2024.pdf::chunk-5100,0,hard_negative,18261.ar.en.2024.pdf,18261 AR's 2024 Report,Hermès,luxury_goods,2024,5,8,chunk-5100,"A SUSTAINABLE, ARTISANAL BUSINESS MODEL"
ragas_esg_xdoc_008,2023_framework_disclosure_a1d018fd.pdf::chunk-24302,3,direct_answer_cross_document,2023_framework_disclosure_a1d018fd.pdf,Framework Disclosure A1d018fd's 2023 Report,ENGIE,utilities_energy,2023,1,1,chunk-24302,
ragas_esg_xdoc_008,2025_urd_99c343a1.pdf::chunk-14263,3,direct_answer_cross_document,2025_urd_99c343a1.pdf,URD 99c343a1's 2025 Report,Danone,food_beverage,2025,260,262,chunk-14263,
ragas_esg_xdoc_008,IB_Sustainability_Report.pdf::chunk-0058,0,hard_negative,IB_Sustainability_Report.pdf,IB's Sustainability Report,Iberdrola,utilities_power,,9,12,chunk-0058,
ragas_esg_xdoc_008,IB_Sustainability_Report.pdf::chunk-0059,0,hard_negative,IB_Sustainability_Report.pdf,IB's Sustainability Report,Iberdrola,utilities_power,,12,13,chunk-0059,
ragas_esg_xdoc_008,Siemens_ESG.pdf::chunk-0726,0,hard_negative,Siemens_ESG.pdf,Siemens' ESG Report,Siemens,industrial_technology,,1,2,chunk-0726,
ragas_esg_xdoc_008,Siemens_ESG.pdf::chunk-0727,0,hard_negative,Siemens_ESG.pdf,Siemens' ESG Report,Siemens,industrial_technology,,2,3,chunk-0727,4. Governance information 4.1 Business conduct 4.2 Cybersecurity and data privacy
ragas_esg_xdoc_008,18261.ar.en.2024.pdf::chunk-5098,0,hard_negative,18261.ar.en.2024.pdf,18261 AR's 2024 Report,Hermès,luxury_goods,2024,1,4,chunk-5098,ACTIVITY REPORT 2024
ragas_esg_xdoc_008,18261.ar.en.2024.pdf::chunk-5100,0,hard_negative,18261.ar.en.2024.pdf,18261 AR's 2024 Report,Hermès,luxury_goods,2024,5,8,chunk-5100,"A SUSTAINABLE, ARTISANAL BUSINESS MODEL"
ragas_esg_xdoc_009,2025_sustainability_report_0478ad88.pdf::chunk-24578,3,direct_answer_cross_document,2025_sustainability_report_0478ad88.pdf,0478ad88's 2025 Sustainability Report,ENGIE,utilities_energy,2025,67,68,chunk-24578,
ragas_esg_xdoc_009,2024_annual_report_9ab2a528.pdf::chunk-37891,3,direct_answer_cross_document,2024_annual_report_9ab2a528.pdf,9ab2a528's 2024 Annual Report,Volkswagen,automotive,2024,282,283,chunk-37891,
ragas_esg_xdoc_009,IB_Sustainability_Report.pdf::chunk-0058,0,hard_negative,IB_Sustainability_Report.pdf,IB's Sustainability Report,Iberdrola,utilities_power,,9,12,chunk-0058,
ragas_esg_xdoc_009,IB_Sustainability_Report.pdf::chunk-0059,0,hard_negative,IB_Sustainability_Report.pdf,IB's Sustainability Report,Iberdrola,utilities_power,,12,13,chunk-0059,
ragas_esg_xdoc_009,Siemens_ESG.pdf::chunk-0726,0,hard_negative,Siemens_ESG.pdf,Siemens' ESG Report,Siemens,industrial_technology,,1,2,chunk-0726,
ragas_esg_xdoc_009,Siemens_ESG.pdf::chunk-0727,0,hard_negative,Siemens_ESG.pdf,Siemens' ESG Report,Siemens,industrial_technology,,2,3,chunk-0727,4. Governance information 4.1 Business conduct 4.2 Cybersecurity and data privacy
ragas_esg_xdoc_009,18261.ar.en.2024.pdf::chunk-5098,0,hard_negative,18261.ar.en.2024.pdf,18261 AR's 2024 Report,Hermès,luxury_goods,2024,1,4,chunk-5098,ACTIVITY REPORT 2024
ragas_esg_xdoc_009,18261.ar.en.2024.pdf::chunk-5100,0,hard_negative,18261.ar.en.2024.pdf,18261 AR's 2024 Report,Hermès,luxury_goods,2024,5,8,chunk-5100,"A SUSTAINABLE, ARTISANAL BUSINESS MODEL"
ragas_esg_xdoc_010,2024_sustainability_report_44182ca9.pdf::chunk-8192,3,direct_answer_cross_document,2024_sustainability_report_44182ca9.pdf,44182ca9's 2024 Sustainability Report,BNP Paribas,banking_financial_services,2024,14,16,chunk-8192,
ragas_esg_xdoc_010,2023_framework_disclosure_a1d018fd.pdf::chunk-24302,3,direct_answer_cross_document,2023_framework_disclosure_a1d018fd.pdf,Framework Disclosure A1d018fd's 2023 Report,ENGIE,utilities_energy,2023,1,1,chunk-24302,
ragas_esg_xdoc_010,IB_Sustainability_Report.pdf::chunk-0058,0,hard_negative,IB_Sustainability_Report.pdf,IB's Sustainability Report,Iberdrola,utilities_power,,9,12,chunk-0058,
ragas_esg_xdoc_010,IB_Sustainability_Report.pdf::chunk-0059,0,hard_negative,IB_Sustainability_Report.pdf,IB's Sustainability Report,Iberdrola,utilities_power,,12,13,chunk-0059,
ragas_esg_xdoc_010,Siemens_ESG.pdf::chunk-0726,0,hard_negative,Siemens_ESG.pdf,Siemens' ESG Report,Siemens,industrial_technology,,1,2,chunk-0726,
ragas_esg_xdoc_010,Siemens_ESG.pdf::chunk-0727,0,hard_negative,Siemens_ESG.pdf,Siemens' ESG Report,Siemens,industrial_technology,,2,3,chunk-0727,4. Governance information 4.1 Business conduct 4.2 Cybersecurity and data privacy
ragas_esg_xdoc_010,18261.ar.en.2024.pdf::chunk-5098,0,hard_negative,18261.ar.en.2024.pdf,18261 AR's 2024 Report,Hermès,luxury_goods,2024,1,4,chunk-5098,ACTIVITY REPORT 2024
ragas_esg_xdoc_010,18261.ar.en.2024.pdf::chunk-5100,0,hard_negative,18261.ar.en.2024.pdf,18261 AR's 2024 Report,Hermès,luxury_goods,2024,5,8,chunk-5100,"A SUSTAINABLE, ARTISANAL BUSINESS MODEL"
ragas_esg_xdoc_011,2021_integrated_report_1efcc316.pdf::chunk-24206,3,direct_answer_cross_document,2021_integrated_report_1efcc316.pdf,1efcc316's 2021 Integrated Report,ENGIE,utilities_energy,2021,52,53,chunk-24206,
ragas_esg_xdoc_011,2024_sustainability_report_44182ca9.pdf::chunk-8192,3,direct_answer_cross_document,2024_sustainability_report_44182ca9.pdf,44182ca9's 2024 Sustainability Report,BNP Paribas,banking_financial_services,2024,14,16,chunk-8192,
ragas_esg_xdoc_011,IB_Sustainability_Report.pdf::chunk-0053,0,hard_negative,IB_Sustainability_Report.pdf,IB's Sustainability Report,Iberdrola,utilities_power,,2,5,chunk-0053,
ragas_esg_xdoc_011,IB_Sustainability_Report.pdf::chunk-0054,0,hard_negative,IB_Sustainability_Report.pdf,IB's Sustainability Report,Iberdrola,utilities_power,,5,6,chunk-0054,
ragas_esg_xdoc_011,Siemens_ESG.pdf::chunk-0726,0,hard_negative,Siemens_ESG.pdf,Siemens' ESG Report,Siemens,industrial_technology,,1,2,chunk-0726,
ragas_esg_xdoc_011,Siemens_ESG.pdf::chunk-0727,0,hard_negative,Siemens_ESG.pdf,Siemens' ESG Report,Siemens,industrial_technology,,2,3,chunk-0727,4. Governance information 4.1 Business conduct 4.2 Cybersecurity and data privacy
ragas_esg_xdoc_011,423.esg.en.2024.pdf::chunk-5750,0,hard_negative,423.esg.en.2024.pdf,423's 2024 ESG Report,Unknown,unknown,2024,98,99,chunk-5750,
ragas_esg_xdoc_011,2025_climate_report_9706fb9c.pdf::chunk-7360,0,hard_negative,2025_climate_report_9706fb9c.pdf,9706fb9c's 2025 Climate Report,Airbus,aerospace,2025,33,35,chunk-7360,
ragas_esg_xdoc_012,2019_framework_disclosure_c403a763.pdf::chunk-19206,3,direct_answer_cross_document,2019_framework_disclosure_c403a763.pdf,Framework Disclosure C403a763's 2019 Report,Enel,utilities_power,2019,1,4,chunk-19206,WE EMPOWER SUSTAINABLE PROGRESS. OPEN POWER FOR A BRIGHTER FUTURE. GREEN BOND REPORT 2019
ragas_esg_xdoc_012,2021_integrated_report_1efcc316.pdf::chunk-24206,3,direct_answer_cross_document,2021_integrated_report_1efcc316.pdf,1efcc316's 2021 Integrated Report,ENGIE,utilities_energy,2021,52,53,chunk-24206,
ragas_esg_xdoc_012,IB_Sustainability_Report.pdf::chunk-0053,0,hard_negative,IB_Sustainability_Report.pdf,IB's Sustainability Report,Iberdrola,utilities_power,,2,5,chunk-0053,
ragas_esg_xdoc_012,IB_Sustainability_Report.pdf::chunk-0054,0,hard_negative,IB_Sustainability_Report.pdf,IB's Sustainability Report,Iberdrola,utilities_power,,5,6,chunk-0054,
ragas_esg_xdoc_012,Siemens_ESG.pdf::chunk-0726,0,hard_negative,Siemens_ESG.pdf,Siemens' ESG Report,Siemens,industrial_technology,,1,2,chunk-0726,
ragas_esg_xdoc_012,Siemens_ESG.pdf::chunk-0727,0,hard_negative,Siemens_ESG.pdf,Siemens' ESG Report,Siemens,industrial_technology,,2,3,chunk-0727,4. Governance information 4.1 Business conduct 4.2 Cybersecurity and data privacy
ragas_esg_xdoc_012,423.esg.en.2024.pdf::chunk-5750,0,hard_negative,423.esg.en.2024.pdf,423's 2024 ESG Report,Unknown,unknown,2024,98,99,chunk-5750,
ragas_esg_xdoc_012,2025_climate_report_9706fb9c.pdf::chunk-7360,0,hard_negative,2025_climate_report_9706fb9c.pdf,9706fb9c's 2025 Climate Report,Airbus,aerospace,2025,33,35,chunk-7360,
ragas_esg_xdoc_013,2021_integrated_report_1efcc316.pdf::chunk-24168,3,direct_answer_cross_document,2021_integrated_report_1efcc316.pdf,1efcc316's 2021 Integrated Report,ENGIE,utilities_energy,2021,10,11,chunk-24168,
ragas_esg_xdoc_013,2011_sustainability_report_73deaa4c.pdf::chunk-16735,3,direct_answer_cross_document,2011_sustainability_report_73deaa4c.pdf,73deaa4c's 2011 Sustainability Report,Enel,utilities_power,2011,174,175,chunk-16735,
ragas_esg_xdoc_013,IB_Sustainability_Report.pdf::chunk-0053,0,hard_negative,IB_Sustainability_Report.pdf,IB's Sustainability Report,Iberdrola,utilities_power,,2,5,chunk-0053,
ragas_esg_xdoc_013,IB_Sustainability_Report.pdf::chunk-0054,0,hard_negative,IB_Sustainability_Report.pdf,IB's Sustainability Report,Iberdrola,utilities_power,,5,6,chunk-0054,
ragas_esg_xdoc_013,Siemens_ESG.pdf::chunk-0726,0,hard_negative,Siemens_ESG.pdf,Siemens' ESG Report,Siemens,industrial_technology,,1,2,chunk-0726,
ragas_esg_xdoc_013,Siemens_ESG.pdf::chunk-0728,0,hard_negative,Siemens_ESG.pdf,Siemens' ESG Report,Siemens,industrial_technology,,3,3,chunk-0728,
ragas_esg_xdoc_013,18261.ar.en.2024.pdf::chunk-5098,0,hard_negative,18261.ar.en.2024.pdf,18261 AR's 2024 Report,Hermès,luxury_goods,2024,1,4,chunk-5098,ACTIVITY REPORT 2024
ragas_esg_xdoc_013,18261.ar.en.2024.pdf::chunk-5100,0,hard_negative,18261.ar.en.2024.pdf,18261 AR's 2024 Report,Hermès,luxury_goods,2024,5,8,chunk-5100,"A SUSTAINABLE, ARTISANAL BUSINESS MODEL"
ragas_esg_xdoc_014,2024_thematic_report_c221f368.pdf::chunk-31823,3,direct_answer_cross_document,2024_thematic_report_c221f368.pdf,Thematic C221f368's 2024 Report,TotalEnergies,oil_gas_energy,2024,1,3,chunk-31823,
ragas_esg_xdoc_014,2019_sustainability_report_9e6add42.pdf::chunk-29785,3,direct_answer_cross_document,2019_sustainability_report_9e6add42.pdf,9e6add42's 2019 Sustainability Report,Siemens,industrial_technology,2019,41,42,chunk-29785,
ragas_esg_xdoc_014,IB_Sustainability_Report.pdf::chunk-0058,0,hard_negative,IB_Sustainability_Report.pdf,IB's Sustainability Report,Iberdrola,utilities_power,,9,12,chunk-0058,
ragas_esg_xdoc_014,IB_Sustainability_Report.pdf::chunk-0059,0,hard_negative,IB_Sustainability_Report.pdf,IB's Sustainability Report,Iberdrola,utilities_power,,12,13,chunk-0059,
ragas_esg_xdoc_014,Siemens_ESG.pdf::chunk-0726,0,hard_negative,Siemens_ESG.pdf,Siemens' ESG Report,Siemens,industrial_technology,,1,2,chunk-0726,
ragas_esg_xdoc_014,Siemens_ESG.pdf::chunk-0727,0,hard_negative,Siemens_ESG.pdf,Siemens' ESG Report,Siemens,industrial_technology,,2,3,chunk-0727,4. Governance information 4.1 Business conduct 4.2 Cybersecurity and data privacy
ragas_esg_xdoc_014,18261.ar.en.2024.pdf::chunk-5098,0,hard_negative,18261.ar.en.2024.pdf,18261 AR's 2024 Report,Hermès,luxury_goods,2024,1,4,chunk-5098,ACTIVITY REPORT 2024
ragas_esg_xdoc_014,18261.ar.en.2024.pdf::chunk-5100,0,hard_negative,18261.ar.en.2024.pdf,18261 AR's 2024 Report,Hermès,luxury_goods,2024,5,8,chunk-5100,"A SUSTAINABLE, ARTISANAL BUSINESS MODEL"
ragas_esg_xdoc_015,2019_sustainability_report_9e6add42.pdf::chunk-29785,3,direct_answer_cross_document,2019_sustainability_report_9e6add42.pdf,9e6add42's 2019 Sustainability Report,Siemens,industrial_technology,2019,41,42,chunk-29785,
ragas_esg_xdoc_015,2025_thematic_report_b4b58ac2.pdf::chunk-41727,3,direct_answer_cross_document,2025_thematic_report_b4b58ac2.pdf,Thematic B4b58ac2's 2025 Report,Volkswagen,automotive,2025,13,14,chunk-41727,
ragas_esg_xdoc_015,IB_Sustainability_Report.pdf::chunk-0058,0,hard_negative,IB_Sustainability_Report.pdf,IB's Sustainability Report,Iberdrola,utilities_power,,9,12,chunk-0058,
ragas_esg_xdoc_015,IB_Sustainability_Report.pdf::chunk-0059,0,hard_negative,IB_Sustainability_Report.pdf,IB's Sustainability Report,Iberdrola,utilities_power,,12,13,chunk-0059,
ragas_esg_xdoc_015,Siemens_ESG.pdf::chunk-0726,0,hard_negative,Siemens_ESG.pdf,Siemens' ESG Report,Siemens,industrial_technology,,1,2,chunk-0726,
ragas_esg_xdoc_015,Siemens_ESG.pdf::chunk-0727,0,hard_negative,Siemens_ESG.pdf,Siemens' ESG Report,Siemens,industrial_technology,,2,3,chunk-0727,4. Governance information 4.1 Business conduct 4.2 Cybersecurity and data privacy
ragas_esg_xdoc_015,18261.ar.en.2024.pdf::chunk-5098,0,hard_negative,18261.ar.en.2024.pdf,18261 AR's 2024 Report,Hermès,luxury_goods,2024,1,4,chunk-5098,ACTIVITY REPORT 2024
ragas_esg_xdoc_015,18261.ar.en.2024.pdf::chunk-5100,0,hard_negative,18261.ar.en.2024.pdf,18261 AR's 2024 Report,Hermès,luxury_goods,2024,5,8,chunk-5100,"A SUSTAINABLE, ARTISANAL BUSINESS MODEL"
ragas_esg_xdoc_016,2025_thematic_report_b4b58ac2.pdf::chunk-41727,3,direct_answer_cross_document,2025_thematic_report_b4b58ac2.pdf,Thematic B4b58ac2's 2025 Report,Volkswagen,automotive,2025,13,14,chunk-41727,
ragas_esg_xdoc_016,2024_sustainability_report_c73e004c.pdf::chunk-29058,3,direct_answer_cross_document,2024_sustainability_report_c73e004c.pdf,C73e004c's 2024 Sustainability Report,Schneider,industrial_energy_management,2024,87,88,chunk-29058,
ragas_esg_xdoc_016,IB_Sustainability_Report.pdf::chunk-0067,0,hard_negative,IB_Sustainability_Report.pdf,IB's Sustainability Report,Iberdrola,utilities_power,,20,21,chunk-0067,
ragas_esg_xdoc_016,IB_Sustainability_Report.pdf::chunk-0070,0,hard_negative,IB_Sustainability_Report.pdf,IB's Sustainability Report,Iberdrola,utilities_power,,23,24,chunk-0070,
ragas_esg_xdoc_016,Siemens_ESG.pdf::chunk-0727,0,hard_negative,Siemens_ESG.pdf,Siemens' ESG Report,Siemens,industrial_technology,,2,3,chunk-0727,4. Governance information 4.1 Business conduct 4.2 Cybersecurity and data privacy
ragas_esg_xdoc_016,Siemens_ESG.pdf::chunk-0728,0,hard_negative,Siemens_ESG.pdf,Siemens' ESG Report,Siemens,industrial_technology,,3,3,chunk-0728,
ragas_esg_xdoc_016,18261.ar.en.2024.pdf::chunk-5104,0,hard_negative,18261.ar.en.2024.pdf,18261 AR's 2024 Report,Hermès,luxury_goods,2024,13,15,chunk-5104,
ragas_esg_xdoc_016,426.ar.en.2024.pdf::chunk-5107,0,hard_negative,426.ar.en.2024.pdf,426 AR's 2024 Report,L'Oréal,consumer_beauty,2024,1,2,chunk-5107,
ragas_esg_xdoc_017,2025_climate_report_9706fb9c.pdf::chunk-7383,3,direct_answer_cross_document,2025_climate_report_9706fb9c.pdf,9706fb9c's 2025 Climate Report,Airbus,aerospace,2025,74,76,chunk-7383,
ragas_esg_xdoc_017,2024_annual_report_9ab2a528.pdf::chunk-38184,3,direct_answer_cross_document,2024_annual_report_9ab2a528.pdf,9ab2a528's 2024 Annual Report,Volkswagen,automotive,2024,516,517,chunk-38184,
ragas_esg_xdoc_017,IB_Sustainability_Report.pdf::chunk-0067,0,hard_negative,IB_Sustainability_Report.pdf,IB's Sustainability Report,Iberdrola,utilities_power,,20,21,chunk-0067,
ragas_esg_xdoc_017,IB_Sustainability_Report.pdf::chunk-0070,0,hard_negative,IB_Sustainability_Report.pdf,IB's Sustainability Report,Iberdrola,utilities_power,,23,24,chunk-0070,
ragas_esg_xdoc_017,Siemens_ESG.pdf::chunk-0727,0,hard_negative,Siemens_ESG.pdf,Siemens' ESG Report,Siemens,industrial_technology,,2,3,chunk-0727,4. Governance information 4.1 Business conduct 4.2 Cybersecurity and data privacy
ragas_esg_xdoc_017,Siemens_ESG.pdf::chunk-0728,0,hard_negative,Siemens_ESG.pdf,Siemens' ESG Report,Siemens,industrial_technology,,3,3,chunk-0728,
ragas_esg_xdoc_017,18261.ar.en.2024.pdf::chunk-5104,0,hard_negative,18261.ar.en.2024.pdf,18261 AR's 2024 Report,Hermès,luxury_goods,2024,13,15,chunk-5104,
ragas_esg_xdoc_017,426.ar.en.2024.pdf::chunk-5107,0,hard_negative,426.ar.en.2024.pdf,426 AR's 2024 Report,L'Oréal,consumer_beauty,2024,1,2,chunk-5107,
ragas_esg_xdoc_018,2024_sustainability_report_c73e004c.pdf::chunk-29028,3,direct_answer_cross_document,2024_sustainability_report_c73e004c.pdf,C73e004c's 2024 Sustainability Report,Schneider,industrial_energy_management,2024,77,77,chunk-29028,
ragas_esg_xdoc_018,2025_sustainability_report_0478ad88.pdf::chunk-24581,3,direct_answer_cross_document,2025_sustainability_report_0478ad88.pdf,0478ad88's 2025 Sustainability Report,ENGIE,utilities_energy,2025,71,73,chunk-24581,
ragas_esg_xdoc_018,IB_Sustainability_Report.pdf::chunk-0058,0,hard_negative,IB_Sustainability_Report.pdf,IB's Sustainability Report,Iberdrola,utilities_power,,9,12,chunk-0058,
ragas_esg_xdoc_018,IB_Sustainability_Report.pdf::chunk-0059,0,hard_negative,IB_Sustainability_Report.pdf,IB's Sustainability Report,Iberdrola,utilities_power,,12,13,chunk-0059,
ragas_esg_xdoc_018,Siemens_ESG.pdf::chunk-0726,0,hard_negative,Siemens_ESG.pdf,Siemens' ESG Report,Siemens,industrial_technology,,1,2,chunk-0726,
ragas_esg_xdoc_018,Siemens_ESG.pdf::chunk-0727,0,hard_negative,Siemens_ESG.pdf,Siemens' ESG Report,Siemens,industrial_technology,,2,3,chunk-0727,4. Governance information 4.1 Business conduct 4.2 Cybersecurity and data privacy
ragas_esg_xdoc_018,18261.ar.en.2024.pdf::chunk-5098,0,hard_negative,18261.ar.en.2024.pdf,18261 AR's 2024 Report,Hermès,luxury_goods,2024,1,4,chunk-5098,ACTIVITY REPORT 2024
ragas_esg_xdoc_018,18261.ar.en.2024.pdf::chunk-5100,0,hard_negative,18261.ar.en.2024.pdf,18261 AR's 2024 Report,Hermès,luxury_goods,2024,5,8,chunk-5100,"A SUSTAINABLE, ARTISANAL BUSINESS MODEL"
ragas_esg_xdoc_019,2023_integrated_report_c47ec973.pdf::chunk-11683,3,direct_answer_cross_document,2023_integrated_report_c47ec973.pdf,C47ec973's 2023 Integrated Report,Danone,food_beverage,2023,7,8,chunk-11683,
ragas_esg_xdoc_019,2025_annual_report_1b21309a.pdf::chunk-39783,3,direct_answer_cross_document,2025_annual_report_1b21309a.pdf,1b21309a's 2025 Annual Report,Volkswagen,automotive,2025,335,336,chunk-39783,
ragas_esg_xdoc_019,IB_Sustainability_Report.pdf::chunk-0053,0,hard_negative,IB_Sustainability_Report.pdf,IB's Sustainability Report,Iberdrola,utilities_power,,2,5,chunk-0053,
ragas_esg_xdoc_019,IB_Sustainability_Report.pdf::chunk-0054,0,hard_negative,IB_Sustainability_Report.pdf,IB's Sustainability Report,Iberdrola,utilities_power,,5,6,chunk-0054,
ragas_esg_xdoc_019,Siemens_ESG.pdf::chunk-0726,0,hard_negative,Siemens_ESG.pdf,Siemens' ESG Report,Siemens,industrial_technology,,1,2,chunk-0726,
ragas_esg_xdoc_019,Siemens_ESG.pdf::chunk-0728,0,hard_negative,Siemens_ESG.pdf,Siemens' ESG Report,Siemens,industrial_technology,,3,3,chunk-0728,
ragas_esg_xdoc_019,18261.ar.en.2024.pdf::chunk-5098,0,hard_negative,18261.ar.en.2024.pdf,18261 AR's 2024 Report,Hermès,luxury_goods,2024,1,4,chunk-5098,ACTIVITY REPORT 2024
ragas_esg_xdoc_019,18261.ar.en.2024.pdf::chunk-5100,0,hard_negative,18261.ar.en.2024.pdf,18261 AR's 2024 Report,Hermès,luxury_goods,2024,5,8,chunk-5100,"A SUSTAINABLE, ARTISANAL BUSINESS MODEL"
ragas_esg_xdoc_020,426.ar.en.2024.pdf::chunk-5121,3,direct_answer_cross_document,426.ar.en.2024.pdf,426 AR's 2024 Report,L'Oréal,consumer_beauty,2024,17,18,chunk-5121,
ragas_esg_xdoc_020,2025_urd_99c343a1.pdf::chunk-14263,3,direct_answer_cross_document,2025_urd_99c343a1.pdf,URD 99c343a1's 2025 Report,Danone,food_beverage,2025,260,262,chunk-14263,
ragas_esg_xdoc_020,IB_Sustainability_Report.pdf::chunk-0058,0,hard_negative,IB_Sustainability_Report.pdf,IB's Sustainability Report,Iberdrola,utilities_power,,9,12,chunk-0058,
ragas_esg_xdoc_020,IB_Sustainability_Report.pdf::chunk-0059,0,hard_negative,IB_Sustainability_Report.pdf,IB's Sustainability Report,Iberdrola,utilities_power,,12,13,chunk-0059,
ragas_esg_xdoc_020,Siemens_ESG.pdf::chunk-0726,0,hard_negative,Siemens_ESG.pdf,Siemens' ESG Report,Siemens,industrial_technology,,1,2,chunk-0726,
ragas_esg_xdoc_020,Siemens_ESG.pdf::chunk-0727,0,hard_negative,Siemens_ESG.pdf,Siemens' ESG Report,Siemens,industrial_technology,,2,3,chunk-0727,4. Governance information 4.1 Business conduct 4.2 Cybersecurity and data privacy
ragas_esg_xdoc_020,18261.ar.en.2024.pdf::chunk-5098,0,hard_negative,18261.ar.en.2024.pdf,18261 AR's 2024 Report,Hermès,luxury_goods,2024,1,4,chunk-5098,ACTIVITY REPORT 2024
ragas_esg_xdoc_020,18261.ar.en.2024.pdf::chunk-5100,0,hard_negative,18261.ar.en.2024.pdf,18261 AR's 2024 Report,Hermès,luxury_goods,2024,5,8,chunk-5100,"A SUSTAINABLE, ARTISANAL BUSINESS MODEL"
ragas_esg_xdoc_021,2024_sustainability_report_44182ca9.pdf::chunk-8190,3,direct_answer_cross_document,2024_sustainability_report_44182ca9.pdf,44182ca9's 2024 Sustainability Report,BNP Paribas,banking_financial_services,2024,11,13,chunk-8190,
ragas_esg_xdoc_021,2025_annual_report_1b21309a.pdf::chunk-39783,3,direct_answer_cross_document,2025_annual_report_1b21309a.pdf,1b21309a's 2025 Annual Report,Volkswagen,automotive,2025,335,336,chunk-39783,
ragas_esg_xdoc_021,IB_Sustainability_Report.pdf::chunk-0053,0,hard_negative,IB_Sustainability_Report.pdf,IB's Sustainability Report,Iberdrola,utilities_power,,2,5,chunk-0053,
ragas_esg_xdoc_021,IB_Sustainability_Report.pdf::chunk-0054,0,hard_negative,IB_Sustainability_Report.pdf,IB's Sustainability Report,Iberdrola,utilities_power,,5,6,chunk-0054,
ragas_esg_xdoc_021,Siemens_ESG.pdf::chunk-0726,0,hard_negative,Siemens_ESG.pdf,Siemens' ESG Report,Siemens,industrial_technology,,1,2,chunk-0726,
ragas_esg_xdoc_021,Siemens_ESG.pdf::chunk-0727,0,hard_negative,Siemens_ESG.pdf,Siemens' ESG Report,Siemens,industrial_technology,,2,3,chunk-0727,4. Governance information 4.1 Business conduct 4.2 Cybersecurity and data privacy
ragas_esg_xdoc_021,423.esg.en.2024.pdf::chunk-5750,0,hard_negative,423.esg.en.2024.pdf,423's 2024 ESG Report,Unknown,unknown,2024,98,99,chunk-5750,
ragas_esg_xdoc_021,2025_climate_report_9706fb9c.pdf::chunk-7360,0,hard_negative,2025_climate_report_9706fb9c.pdf,9706fb9c's 2025 Climate Report,Airbus,aerospace,2025,33,35,chunk-7360,
ragas_esg_xdoc_022,2023_sustainability_report_0915a868.pdf::chunk-21877,3,direct_answer_cross_document,2023_sustainability_report_0915a868.pdf,0915a868's 2023 Sustainability Report,Enel,utilities_power,2023,17,18,chunk-21877,"18 Half-year sustainability disclosures at June 30, 2023"
ragas_esg_xdoc_022,2025_climate_report_9706fb9c.pdf::chunk-7410,3,direct_answer_cross_document,2025_climate_report_9706fb9c.pdf,9706fb9c's 2025 Climate Report,Airbus,aerospace,2025,155,158,chunk-7410,
ragas_esg_xdoc_022,IB_Sustainability_Report.pdf::chunk-0053,0,hard_negative,IB_Sustainability_Report.pdf,IB's Sustainability Report,Iberdrola,utilities_power,,2,5,chunk-0053,
ragas_esg_xdoc_022,IB_Sustainability_Report.pdf::chunk-0054,0,hard_negative,IB_Sustainability_Report.pdf,IB's Sustainability Report,Iberdrola,utilities_power,,5,6,chunk-0054,
ragas_esg_xdoc_022,Siemens_ESG.pdf::chunk-0726,0,hard_negative,Siemens_ESG.pdf,Siemens' ESG Report,Siemens,industrial_technology,,1,2,chunk-0726,
ragas_esg_xdoc_022,Siemens_ESG.pdf::chunk-0728,0,hard_negative,Siemens_ESG.pdf,Siemens' ESG Report,Siemens,industrial_technology,,3,3,chunk-0728,
ragas_esg_xdoc_022,18261.ar.en.2024.pdf::chunk-5098,0,hard_negative,18261.ar.en.2024.pdf,18261 AR's 2024 Report,Hermès,luxury_goods,2024,1,4,chunk-5098,ACTIVITY REPORT 2024
ragas_esg_xdoc_022,18261.ar.en.2024.pdf::chunk-5100,0,hard_negative,18261.ar.en.2024.pdf,18261 AR's 2024 Report,Hermès,luxury_goods,2024,5,8,chunk-5100,"A SUSTAINABLE, ARTISANAL BUSINESS MODEL"
ragas_esg_xdoc_023,2024_thematic_report_c221f368.pdf::chunk-31823,3,direct_answer_cross_document,2024_thematic_report_c221f368.pdf,Thematic C221f368's 2024 Report,TotalEnergies,oil_gas_energy,2024,1,3,chunk-31823,
ragas_esg_xdoc_023,2023_sustainability_report_0915a868.pdf::chunk-21894,3,direct_answer_cross_document,2023_sustainability_report_0915a868.pdf,0915a868's 2023 Sustainability Report,Enel,utilities_power,2023,30,31,chunk-21894,"31 Half-year sustainability disclosures at June 30, 2023"
ragas_esg_xdoc_023,IB_Sustainability_Report.pdf::chunk-0058,0,hard_negative,IB_Sustainability_Report.pdf,IB's Sustainability Report,Iberdrola,utilities_power,,9,12,chunk-0058,
ragas_esg_xdoc_023,IB_Sustainability_Report.pdf::chunk-0059,0,hard_negative,IB_Sustainability_Report.pdf,IB's Sustainability Report,Iberdrola,utilities_power,,12,13,chunk-0059,
ragas_esg_xdoc_023,Siemens_ESG.pdf::chunk-0726,0,hard_negative,Siemens_ESG.pdf,Siemens' ESG Report,Siemens,industrial_technology,,1,2,chunk-0726,
ragas_esg_xdoc_023,Siemens_ESG.pdf::chunk-0727,0,hard_negative,Siemens_ESG.pdf,Siemens' ESG Report,Siemens,industrial_technology,,2,3,chunk-0727,4. Governance information 4.1 Business conduct 4.2 Cybersecurity and data privacy
ragas_esg_xdoc_023,18261.ar.en.2024.pdf::chunk-5098,0,hard_negative,18261.ar.en.2024.pdf,18261 AR's 2024 Report,Hermès,luxury_goods,2024,1,4,chunk-5098,ACTIVITY REPORT 2024
ragas_esg_xdoc_023,18261.ar.en.2024.pdf::chunk-5100,0,hard_negative,18261.ar.en.2024.pdf,18261 AR's 2024 Report,Hermès,luxury_goods,2024,5,8,chunk-5100,"A SUSTAINABLE, ARTISANAL BUSINESS MODEL"
ragas_esg_xdoc_024,2025_sustainability_report_0478ad88.pdf::chunk-24556,3,direct_answer_cross_document,2025_sustainability_report_0478ad88.pdf,0478ad88's 2025 Sustainability Report,ENGIE,utilities_energy,2025,21,24,chunk-24556,
ragas_esg_xdoc_024,2024_sustainability_report_c73e004c.pdf::chunk-28938,3,direct_answer_cross_document,2024_sustainability_report_c73e004c.pdf,C73e004c's 2024 Sustainability Report,Schneider,industrial_energy_management,2024,41,41,chunk-28938,
ragas_esg_xdoc_024,IB_Sustainability_Report.pdf::chunk-0053,0,hard_negative,IB_Sustainability_Report.pdf,IB's Sustainability Report,Iberdrola,utilities_power,,2,5,chunk-0053,
ragas_esg_xdoc_024,IB_Sustainability_Report.pdf::chunk-0054,0,hard_negative,IB_Sustainability_Report.pdf,IB's Sustainability Report,Iberdrola,utilities_power,,5,6,chunk-0054,
ragas_esg_xdoc_024,Siemens_ESG.pdf::chunk-0726,0,hard_negative,Siemens_ESG.pdf,Siemens' ESG Report,Siemens,industrial_technology,,1,2,chunk-0726,
ragas_esg_xdoc_024,Siemens_ESG.pdf::chunk-0728,0,hard_negative,Siemens_ESG.pdf,Siemens' ESG Report,Siemens,industrial_technology,,3,3,chunk-0728,
ragas_esg_xdoc_024,18261.ar.en.2024.pdf::chunk-5098,0,hard_negative,18261.ar.en.2024.pdf,18261 AR's 2024 Report,Hermès,luxury_goods,2024,1,4,chunk-5098,ACTIVITY REPORT 2024
ragas_esg_xdoc_024,18261.ar.en.2024.pdf::chunk-5100,0,hard_negative,18261.ar.en.2024.pdf,18261 AR's 2024 Report,Hermès,luxury_goods,2024,5,8,chunk-5100,"A SUSTAINABLE, ARTISANAL BUSINESS MODEL"
